pitches,player_id,player_name,total_pitches,pitch_percent,ba,iso,babip,slg,woba,xwoba,xba,hits,abs,launch_speed,launch_angle,spin_rate,velocity,effective_speed,whiffs,swings,takes,eff_min_vel,release_extension,pos3_int_start_distance,pos4_int_start_distance,pos5_int_start_distance,pos6_int_start_distance,pos7_int_start_distance,pos8_int_start_distance,pos9_int_start_distance,pitcher_run_exp,run_exp,bat_speed,swing_length,miss_distance,pa,bip,singles,doubles,triples,hrs,so,k_percent,bb,bb_percent,api_break_z_with_gravity,api_break_z_induced,api_break_x_arm,api_break_x_batter_in,hyper_speed,bbdist,hardhit_percent,barrels_per_bbe_percent,barrels_per_pa_percent,release_pos_z,release_pos_x,plate_x,plate_z,obp,barrels_total,batter_run_value_per_100,xobp,xslg,pitcher_run_value_per_100,xbadiff,xobpdiff,xslgdiff,wobadiff,swing_miss_percent,arm_angle,attack_angle,attack_direction,swing_path_tilt,rate_ideal_attack_angle,intercept_ball_minus_batter_pos_x_inches,intercept_ball_minus_batter_pos_y_inches
1392,701538,"Merrill, Jackson",2497,55.7,0.267,0.198,0.302,0.465,0.311,0.339,0.282,152,570,90.8,14.5,2247,90.0,90.21,382,1392,0,0.2000000000000028,6.44,116,147,113,151,293,325,304,26.845,-26.845,71.5,7.4,2.50325843,577,447,96,25,5,26,130,22.5,0,0,2.29,0.57,0.4,-0.23,92.0,175.0,49.55156950672646,12.556053811659194,9.705372616984402,5.66,-0.9,-0.04,2.33,0.265,56.0,-1.928520115,0.283,0.515,1.928520115,-0.015,-0.0179999999999999,-0.05,-0.028,27.4,35.7,8.769251999013644,1.0155698726179097,38.30264528846505,0.4549763033175355,37.045415551524336,29.20072097824013
1389,691718,"Crow-Armstrong, Pete",2798,49.6,0.302,0.321,0.326,0.623,0.388,0.358,0.286,170,563,89.9,21.3,2265,89.5,89.85,370,1389,0,0.4000000000000057,6.45,117,145,108,151,296,325,301,-10.391,10.391,72.5,7.4,2.944684418,568,430,87,30,8,45,138,24.3,0,0,2.41,0.49,0.31,-0.19,92.8,163.0,49.06976744186046,13.72093023255814,10.387323943661972,5.66,-0.62,-0.06,2.14,0.3,59.0,0.748092153,0.286,0.556,-0.748092153,0.016,0.014,0.067,0.03,26.6,35.8,14.591488921952942,-6.367408304607833,34.81466118589906,0.4750367107195301,34.531155330200264,37.63730241058192
1384,645277,"Albies, Ozzie",2461,56.2,0.247,0.163,0.249,0.411,0.276,0.247,0.231,144,582,87.1,17.8,2223,89.0,89.43,287,1384,0,0.4000000000000057,6.49,112,148,119,149,300,323,297,43.516,-43.516,67.0,7.1,2.06781505,596,511,94,27,1,22,85,14.3,0,0,2.44,0.5,0.4,-0.4,91.0,156.0,28.007889546351084,3.9447731755424074,3.355704697986577,5.68,-0.46,0.0,2.02,0.242,20.0,-3.144219653,0.228,0.353,3.144219653,0.016,0.0139999999999999,0.058,0.029,20.7,36.2,11.773509522821293,-4.528385862856155,34.89275527306384,0.5573033707865168,31.113754387063747,37.277061241023816
1376,687263,"Neto, Zach",2703,50.9,0.255,0.21,0.319,0.466,0.307,0.281,0.228,142,556,89.5,22.7,2257,89.4,89.55,454,1376,0,0.0999999999999943,6.45,108,152,117,146,304,325,295,23.962,-23.962,69.0,7.0,4.068289442,557,390,82,29,5,26,167,30.0,0,0,2.39,0.51,0.3,0.05,91.7,154.0,41.13110539845759,11.311053984575835,7.899461400359066,5.79,-0.84,0.27,2.09,0.255,44.0,-1.741424419,0.229,0.436,1.741424419,0.027,0.0259999999999999,0.03,0.026,33.0,38.9,18.961934873976467,-5.9318804434422026,39.83877789981974,0.3856502242152466,31.998807740576847,37.509331806757416
1330,666182,"Bichette, Bo",2500,53.2,0.275,0.135,0.3,0.41,0.293,0.313,0.293,161,585,89.6,8.1,2261,89.8,89.96,260,1330,0,0.2000000000000028,6.41,110,150,124,148,304,325,291,29.548,-29.548,68.1,7.0,4.296058225,592,497,118,24,2,17,95,16.0,0,0,2.28,0.61,0.36,0.09,91.8,166.0,41.935483870967744,6.451612903225806,5.405405405405405,5.76,-0.69,0.04,2.41,0.272,32.0,-2.221654135,0.291,0.44,2.221654135,-0.018,-0.0189999999999999,-0.03,-0.02,19.5,38.1,1.0024170858473291,4.775120966749721,38.15476318096108,0.2656370656370656,34.217756545840025,24.3163766004253
1326,621566,"Olson, Matt",2854,46.5,0.271,0.271,0.282,0.543,0.343,0.339,0.264,153,564,92.4,17.7,2302,89.9,90.24,338,1326,0,0.2999999999999971,6.47,117,147,132,152,302,329,307,12.657,-12.657,72.9,7.5,2.814286136,568,440,80,33,0,40,128,22.5,0,0,2.3,0.57,0.31,-0.12,93.0,177.0,51.48063781321185,14.578587699316628,11.267605633802818,5.71,-0.31,-0.01,2.32,0.269,64.0,-0.954524887,0.264,0.54,0.954524887,0.007,0.005,0.003,0.004,25.5,36.7,9.377324948583157,-1.2328383610996416,33.67919621205635,0.4690880989180834,38.68623265149277,35.08011449304981
1325,666176,"Adell, Jo",2484,53.3,0.255,0.169,0.288,0.424,0.288,0.311,0.271,140,550,90.1,16.4,2284,90.1,90.21,375,1325,0,0.1000000000000085,6.42,108,151,123,146,307,327,295,38.791,-38.791,75.3,7.7,3.002531211,555,432,92,25,1,22,123,22.2,0,0,2.28,0.57,0.35,0.06,92.6,153.0,43.925233644859816,8.878504672897195,6.846846846846846,5.75,-0.78,0.16,2.27,0.252,38.0,-2.927622642,0.269,0.463,2.927622642,-0.016,-0.017,-0.039,-0.023,28.3,38.0,9.585643389199705,-4.267849249096583,35.49688916798253,0.4654907975460122,37.84549433187305,26.695738198948
1315,518692,"Freeman, Freddie",2649,49.6,0.302,0.152,0.334,0.455,0.323,0.338,0.302,163,539,89.4,12.2,2297,90.4,90.69,302,1315,0,0.2999999999999971,6.4,115,146,128,151,294,323,303,31.745,-31.745,68.6,6.6,2.818166377,546,456,114,32,1,16,90,16.5,0,0,2.25,0.56,0.4,-0.15,91.6,165.0,41.318681318681314,8.131868131868131,6.7765567765567765,5.68,-0.66,-0.01,2.42,0.299,37.0,-2.414068441,0.302,0.483,2.414068441,0.0,-0.003,-0.028,-0.015,23.0,35.1,6.542394442017753,4.20606345345983,42.32246349469117,0.4039938556067588,39.70264183895716,25.01792052638501
1307,547180,"Harper, Bryce",2642,49.5,0.282,0.23,0.313,0.512,0.334,0.337,0.282,150,531,89.9,12.6,2273,88.8,89.04,402,1307,0,0.2000000000000028,6.43,116,146,127,151,294,327,303,18.359,-18.359,72.4,7.2,4.124592011,539,418,87,32,3,28,121,22.4,0,0,2.53,0.4,0.24,-0.2,92.0,161.0,43.7799043062201,10.526315789473683,8.16326530612245,5.7,-0.17,-0.1,2.14,0.278,44.0,-1.404667177,0.283,0.505,1.404667177,0.0,-0.0049999999999999,0.007,-0.003,30.8,36.2,10.977646777238965,0.3957348061478195,37.14380473543089,0.4189294026377037,39.05749756687246,31.326889188016747
1296,701398,"Stewart, Sal",2653,48.9,0.281,0.213,0.298,0.494,0.326,0.329,0.274,160,569,90.4,12.4,2325,90.2,90.47,350,1296,0,0.2999999999999971,6.48,108,151,123,147,304,326,293,16.305,-16.305,70.2,7.5,2.214858464,579,461,103,25,0,32,118,20.4,0,0,2.29,0.55,0.3,0.06,92.0,174.0,42.0,12.666666666666668,9.844559585492227,5.69,-0.94,0.04,2.41,0.276,57.0,-1.258101852,0.273,0.501,1.258101852,0.007,0.003,-0.007,-0.003,27.0,37.1,11.11318726073316,7.281565548073733,33.33640009193253,0.5326433121019108,38.5081443846498,27.870438728175685
1289,664040,"Lowe, Brandon",2550,50.5,0.277,0.243,0.324,0.52,0.335,0.303,0.252,148,535,91.0,15.8,2306,88.8,89.0,455,1289,0,0.2000000000000028,6.36,117,146,121,151,297,322,298,12.694,-12.694,70.8,7.0,3.046114581,542,388,85,29,1,33,154,28.4,0,0,2.47,0.47,0.24,-0.2,92.2,159.0,45.36082474226804,12.11340206185567,8.671586715867159,5.69,-0.62,-0.05,2.17,0.273,47.0,-0.984794414,0.253,0.459,0.984794414,0.025,0.02,0.061,0.032,35.3,37.4,15.011133025942886,-1.7453192508919784,33.72544979000807,0.455188679245283,34.019626366103296,33.824751979618696
1287,683002,"Henderson, Gunnar",2724,47.2,0.236,0.184,0.259,0.42,0.279,0.29,0.259,136,576,89.2,12.1,2218,89.4,89.64,299,1287,0,0.1999999999999886,6.46,116,146,123,151,296,326,303,34.241,-34.241,72.3,7.3,3.017561387,578,460,81,27,5,23,118,20.4,0,0,2.39,0.51,0.38,-0.21,91.8,151.0,43.26086956521739,7.391304347826087,5.88235294117647,5.7,-0.63,-0.05,2.35,0.235,34.0,-2.660528361,0.259,0.419,2.660528361,-0.023,-0.024,0.001,-0.011,23.2,36.3,9.500408812868544,0.5222744552240299,31.91115067593752,0.4717425431711146,33.34195732211867,33.01932445626764
1285,695734,"Lile, Daylen",2332,55.1,0.259,0.195,0.281,0.455,0.301,0.31,0.267,146,563,88.5,18.7,2244,89.7,90.12,305,1285,0,0.3999999999999915,6.46,116,146,113,150,292,322,302,31.499,-31.499,69.9,7.4,2.723908351,569,464,88,28,8,22,105,18.5,0,0,2.3,0.57,0.36,-0.27,91.5,171.0,38.01295896328294,9.719222462203025,7.908611599297012,5.78,-0.73,-0.07,2.22,0.257,45.0,-2.451284047,0.267,0.463,2.451284047,-0.008,-0.01,-0.008,-0.009,23.7,36.6,11.851807762845672,-0.7016495559304301,38.60827151382685,0.5223642172523961,34.625181071657664,29.38754849483543
1280,607208,"Turner, Trea",2549,50.2,0.253,0.148,0.283,0.401,0.28,0.275,0.254,149,589,88.2,11.4,2268,89.4,89.64,357,1280,0,0.1999999999999886,6.44,107,150,120,146,301,323,289,41.742,-41.742,70.0,7.5,4.112779195,592,479,101,28,1,19,113,19.1,0,0,2.36,0.54,0.3,0.05,91.8,155.0,39.03966597077244,6.263048016701461,5.067567567567568,5.74,-0.48,0.01,2.33,0.252,30.0,-3.26109375,0.255,0.384,3.26109375,-0.001,-0.003,0.017,0.005,27.9,37.3,8.156093392085175,-2.8315247681879843,25.318699204485977,0.6200485044462409,39.184308414778855,29.233812428986585
1276,656941,"Schwarber, Kyle",2914,43.8,0.259,0.306,0.283,0.565,0.344,0.337,0.261,131,506,92.3,20.2,2278,89.3,89.69,425,1276,0,0.4000000000000057,6.47,119,146,131,152,299,329,299,12.097,-12.097,74.3,7.4,3.612976268,512,349,67,18,1,45,163,31.8,0,0,2.41,0.49,0.24,-0.06,93.2,161.0,49.42528735632184,16.091954022988507,10.9375,5.73,-0.38,-0.05,2.24,0.256,56.0,-0.948040752,0.259,0.544,0.948040752,-0.002,-0.003,0.021,0.007,33.3,36.8,14.64207943051303,-8.223650702466964,29.30304356611334,0.6440542697525937,34.47454002778087,34.48149648047065
1275,676475,"Burleson, Alec",2416,52.8,0.292,0.191,0.314,0.483,0.33,0.354,0.301,165,565,91.7,12.5,2273,89.4,89.68,287,1275,0,0.2999999999999971,6.42,114,146,120,151,298,327,306,12.377,-12.377,71.9,7.6,2.809293204,569,475,104,37,1,23,94,16.5,0,0,2.42,0.46,0.35,-0.25,93.0,160.0,50.0,10.970464135021098,9.13884007029877,5.66,-0.69,-0.12,2.26,0.29,52.0,-0.970745098,0.3,0.536,0.970745098,-0.009,-0.01,-0.053,-0.024,22.5,36.3,13.052631501088662,1.8932540029635567,36.4793580914419,0.5047846889952153,31.624878680716744,31.35048647782097
1266,677800,"Abreu, Wilyer",2670,47.4,0.26,0.209,0.284,0.469,0.307,0.319,0.264,144,554,89.8,19.1,2233,90.2,90.48,313,1266,0,0.2999999999999971,6.44,114,145,121,151,286,324,304,23.989,-23.989,72.3,7.1,1.924490561,564,447,80,36,4,24,115,20.4,0,0,2.18,0.66,0.44,-0.27,91.8,179.0,43.75,12.5,9.929078014184398,5.72,-0.65,-0.06,2.3,0.257,56.0,-1.894865719,0.263,0.491,1.894865719,-0.004,-0.006,-0.022,-0.012,24.7,37.6,7.211864755976554,1.815354137105676,33.09474210342551,0.4813046937151949,36.54496087448052,26.6304195988765
1265,607043,"Nimmo, Brandon",2482,51.0,0.276,0.156,0.321,0.432,0.302,0.326,0.286,148,537,92.1,9.9,2235,90.0,90.22,299,1265,0,0.2000000000000028,6.46,116,147,117,151,295,327,303,31.3,-31.3,70.5,6.9,2.382758667,541,432,96,34,4,14,109,20.1,0,0,2.27,0.6,0.38,-0.17,92.3,166.0,50.46296296296296,9.25925925925926,7.393715341959335,5.71,-0.6,0.01,2.36,0.274,40.0,-2.4743083,0.287,0.475,2.4743083,-0.01,-0.0129999999999999,-0.043,-0.024,23.6,36.9,6.750142797647633,3.526317951545128,29.342345030139388,0.499581589958159,37.84122201572561,28.69573610749962
1260,521692,"Perez, Salvador",2247,56.1,0.234,0.151,0.251,0.386,0.263,0.295,0.254,127,542,89.1,15.6,2302,89.0,89.32,319,1260,0,0.2999999999999971,6.46,107,151,124,146,303,330,298,40.389,-40.389,70.2,7.7,3.505706529,551,450,84,23,1,19,99,18.0,0,0,2.41,0.51,0.15,-0.08,91.8,165.0,42.888888888888886,10.0,8.166969147005444,5.68,-0.73,0.31,2.21,0.231,45.0,-3.20547619,0.254,0.44,3.20547619,-0.02,-0.0229999999999999,-0.054,-0.032,25.3,37.8,11.076833166123,-2.94878209648849,34.615724217862855,0.543338683788122,39.39986651714083,29.13471493585233
1254,624413,"Alonso, Pete",2802,44.8,0.279,0.25,0.299,0.529,0.341,0.37,0.298,154,552,93.8,14.7,2284,90.2,90.43,336,1254,0,0.2000000000000028,6.48,107,152,125,147,306,329,295,11.683,-11.683,73.0,7.1,2.745242883,557,426,92,24,0,38,131,23.5,0,0,2.27,0.58,0.36,0.05,93.3,176.0,55.86854460093896,14.319248826291082,10.95152603231598,5.72,-0.65,0.11,2.33,0.276,61.0,-0.931658692,0.298,0.576,0.931658692,-0.019,-0.0219999999999999,-0.047,-0.029,26.8,36.9,9.863241685890223,3.5065029847878115,34.109357775504755,0.5287828947368421,35.717244406326074,26.89041854406576
1244,682928,"Abrams, CJ",2445,50.9,0.272,0.24,0.301,0.512,0.33,0.299,0.257,146,537,89.5,17.7,2260,89.0,89.4,364,1244,0,0.4000000000000057,6.46,117,146,121,151,296,324,304,7.522,-7.522,70.9,7.6,3.130953719,543,413,82,30,3,31,130,23.9,0,0,2.44,0.49,0.28,-0.14,92.0,163.0,40.77669902912621,9.951456310679612,7.550644567219153,5.81,-0.54,-0.04,2.24,0.269,41.0,-0.604662379,0.257,0.446,0.604662379,0.015,0.012,0.066,0.031,29.3,37.2,13.165873494887396,-4.99407372530974,29.00554862014244,0.5612327656123277,38.26230362852817,32.208903164047506
1243,668804,"Reynolds, Bryan",2659,46.7,0.286,0.177,0.33,0.462,0.319,0.325,0.277,152,532,90.9,8.3,2292,89.2,89.41,352,1243,0,0.2000000000000028,6.38,112,148,123,150,300,323,297,24.031,-24.031,70.5,6.9,3.560989674,535,426,94,39,2,17,109,20.4,0,0,2.45,0.46,0.31,-0.31,92.5,157.0,47.88732394366197,11.502347417840376,9.158878504672897,5.69,-0.46,-0.01,2.3,0.284,49.0,-1.933306516,0.277,0.485,1.933306516,0.009,0.0069999999999999,-0.023,-0.006,28.3,38.1,10.064681378161692,3.0519088558034326,37.54108360994854,0.4535830618892508,35.85707559246101,25.361686966025477
1229,592518,"Machado, Manny",2593,47.4,0.23,0.196,0.234,0.426,0.275,0.297,0.256,124,540,90.0,13.8,2306,90.2,90.4,310,1229,0,0.2000000000000028,6.46,108,151,124,146,304,327,297,36.82,-36.82,72.7,7.8,3.199708669,550,439,74,22,0,28,111,20.2,0,0,2.28,0.56,0.34,0.06,92.1,169.0,43.83561643835616,9.58904109589041,7.636363636363637,5.65,-0.96,0.01,2.42,0.226,42.0,-2.995931652,0.257,0.441,2.995931652,-0.026,-0.031,-0.015,-0.022,25.2,36.1,6.8492559100427926,-0.5967077575296275,26.26323923548316,0.5517826825127334,39.38780908794565,30.87136300047115
1225,646240,"Devers, Rafael",2614,46.9,0.277,0.287,0.294,0.563,0.353,0.322,0.255,144,520,92.8,14.9,2270,90.5,90.86,355,1225,0,0.4000000000000057,6.44,116,147,129,152,295,327,306,7.163,-7.163,70.6,7.5,2.097092506,524,401,70,36,1,37,123,23.5,0,0,2.14,0.67,0.39,-0.13,93.0,176.0,51.74999999999999,12.5,9.541984732824428,5.74,-0.33,-0.02,2.3,0.275,50.0,-0.584734694,0.255,0.507,0.584734694,0.022,0.02,0.056,0.031,29.0,37.6,8.999095794769717,6.218187102415164,30.59017283012853,0.5641666666666667,34.46802008222246,28.713158372853403
1224,671056,"Herrera, Iván",2793,43.8,0.262,0.149,0.284,0.412,0.288,0.288,0.265,144,549,89.4,9.2,2303,89.9,90.16,250,1224,0,0.2999999999999971,6.42,108,151,123,147,308,326,294,26.434,-26.434,71.2,7.6,4.001069706,554,461,99,26,1,18,93,16.8,0,0,2.33,0.53,0.34,0.11,92.4,141.0,40.8296943231441,5.676855895196507,4.693140794223827,5.66,-0.63,0.1,2.26,0.26,26.0,-2.159640523,0.265,0.408,2.159640523,-0.003,-0.005,0.004,0.0,20.4,36.1,6.20174182160612,-0.5189579191754545,30.67174217647803,0.4274873524451939,36.79245163719163,32.37080372417547
1222,670623,"Paredes, Isaac",2802,43.6,0.269,0.181,0.269,0.45,0.305,0.27,0.254,140,520,86.1,24.1,2279,90.3,90.44,182,1222,0,0.1000000000000085,6.47,107,152,122,145,290,323,291,21.331,-21.331,65.6,7.7,3.507693293,526,460,91,26,1,22,66,12.5,0,0,2.27,0.59,0.42,0.22,91.1,160.0,29.193899782135077,4.793028322440087,4.182509505703422,5.82,-0.95,0.14,2.2,0.266,22.0,-1.745581015,0.252,0.38,1.745581015,0.015,0.014,0.07,0.035,14.9,38.1,14.041798920130343,-10.616569975461,34.1750073123226,0.5093167701863354,34.75820895170635,34.7954384938801
1221,695657,"Montgomery, Colson",2387,51.2,0.228,0.238,0.269,0.465,0.293,0.283,0.227,112,492,88.7,23.8,2276,90.5,90.86,456,1221,0,0.4000000000000057,6.46,116,145,125,151,294,326,298,30.405,-30.405,74.6,7.9,4.000383745,494,332,57,24,0,31,162,32.8,0,0,2.23,0.59,0.36,-0.14,92.6,162.0,41.81818181818181,12.424242424242424,8.299595141700406,5.81,-0.67,-0.06,2.41,0.227,41.0,-2.49017199,0.226,0.444,2.49017199,0.001,0.001,0.021,0.01,37.3,38.2,12.34930191116256,-7.292168190773675,32.82495309358509,0.5016501650165016,36.63580667811273,32.56857069764428
1220,672960,"Okamoto, Kazuma",2581,47.3,0.246,0.235,0.281,0.481,0.307,0.3,0.234,129,524,90.5,19.5,2292,89.9,90.1,401,1220,0,0.1999999999999886,6.45,107,152,124,146,300,327,293,17.851,-17.851,70.7,7.9,3.715029596,527,375,72,24,0,33,152,28.8,0,0,2.35,0.52,0.29,0.12,92.2,164.0,44.0,13.333333333333334,9.487666034155598,5.71,-0.82,0.08,2.35,0.245,50.0,-1.463196721,0.236,0.469,1.463196721,0.012,0.009,0.012,0.007,32.9,36.9,15.205827239613043,-3.2598549448426004,31.73183287876269,0.5620316402997502,37.127038200377775,29.47632611975426
1214,686797,"Lee, Brooks",2275,53.4,0.262,0.182,0.269,0.444,0.301,0.256,0.238,142,543,87.8,15.7,2222,89.1,89.33,253,1214,0,0.2000000000000028,6.45,113,148,116,150,293,323,296,23.149,-23.149,68.1,6.9,3.628519853,547,467,92,24,3,23,80,14.6,0,0,2.45,0.48,0.42,-0.42,91.3,155.0,34.04710920770878,4.068522483940043,3.473491773308958,5.75,-0.62,-0.07,2.25,0.26,19.0,-1.906836903,0.237,0.363,1.906836903,0.024,0.023,0.081,0.045,20.8,37.6,10.81163381223571,-4.749100977102057,30.69819147367185,0.540587219343696,37.98143656366866,30.00435574256125
1211,677594,"Rodríguez, Julio",2350,51.5,0.262,0.164,0.285,0.426,0.294,0.325,0.284,140,535,90.4,12.6,2273,89.8,90.04,325,1211,0,0.2000000000000028,6.44,107,151,123,147,304,326,295,30.189,-30.189,75.0,7.7,3.412410893,539,438,94,25,0,21,101,18.7,0,0,2.29,0.58,0.33,0.07,92.7,156.0,44.62242562929062,8.695652173913043,7.050092764378478,5.77,-0.61,0.12,2.22,0.26,38.0,-2.492898431,0.285,0.47,2.492898431,-0.022,-0.0249999999999999,-0.044,-0.031,26.8,38.6,7.196895345334406,-3.180075198264155,30.93677240448308,0.4747048903878583,39.281644097737015,32.17698681963737
1207,668227,"Arozarena, Randy",2640,45.7,0.293,0.211,0.327,0.504,0.339,0.306,0.271,154,526,90.9,9.8,2270,89.4,89.66,313,1207,0,0.2999999999999971,6.43,107,152,122,147,302,326,294,4.281,-4.281,68.7,7.1,2.46417758,530,418,96,31,1,26,112,21.1,0,0,2.33,0.57,0.32,0.12,92.0,156.0,43.0622009569378,7.894736842105263,6.226415094339623,5.75,-0.75,0.23,2.21,0.291,33.0,-0.354681027,0.272,0.442,0.354681027,0.022,0.0189999999999999,0.062,0.033,25.9,38.4,7.112585370001922,5.70276843400132,26.574186447556706,0.5602409638554217,35.447952342522846,28.258233682500364
1206,666018,"Aranda, Jonathan",2582,46.7,0.308,0.182,0.339,0.49,0.339,0.331,0.285,156,506,91.0,14.3,2243,90.9,90.99,269,1206,0,0.0999999999999943,6.45,115,146,122,151,290,327,301,14.422,-14.422,68.7,7.0,1.740281262,514,417,108,26,0,22,97,18.9,0,0,2.03,0.78,0.48,-0.21,91.6,177.0,45.67307692307692,9.85576923076923,7.976653696498054,5.77,-0.82,-0.03,2.28,0.304,41.0,-1.195854063,0.285,0.491,1.195854063,0.023,0.019,-0.001,0.008,22.3,37.5,7.468219320340888,6.823821314116896,34.6999341898709,0.5017064846416383,38.67488051922962,25.4051963919644
1205,691023,"Walker, Jordan",2323,51.9,0.297,0.216,0.336,0.513,0.344,0.336,0.288,161,542,92.7,11.6,2319,89.5,89.68,385,1205,0,0.2000000000000028,6.42,109,151,123,147,310,329,297,4.558,-4.558,77.3,8.3,4.269272975,546,424,100,33,0,28,122,22.3,0,0,2.41,0.48,0.22,0.05,93.6,149.0,49.764150943396224,13.20754716981132,10.256410256410255,5.68,-0.82,-0.01,2.45,0.295,56.0,-0.378257261,0.288,0.502,0.378257261,0.009,0.007,0.011,0.008,32.0,36.6,6.146953489885306,-5.214473564914535,29.06073202240345,0.4863013698630137,40.41076417352457,31.34960315848382
1200,572233,"Walker, Christian",2381,50.4,0.23,0.194,0.251,0.423,0.277,0.267,0.232,121,527,88.8,14.4,2315,90.3,90.5,347,1200,0,0.2000000000000028,6.45,107,152,122,146,296,328,293,38.682,-38.682,72.1,7.4,4.097262035,529,408,70,25,1,25,121,22.9,0,0,2.24,0.61,0.34,0.12,92.2,159.0,39.95098039215687,9.068627450980392,6.994328922495274,5.81,-1.07,0.05,2.43,0.229,37.0,-3.2235,0.232,0.397,3.2235,-0.002,-0.003,0.026,0.01,28.9,37.8,7.189059448508548,-3.999949676487895,28.62816704449808,0.4531645569620253,35.77345333200109,30.58945448613729
1199,671739,"Harris II, Michael",2139,56.1,0.296,0.201,0.323,0.497,0.339,0.332,0.294,165,557,89.7,9.5,2281,88.8,89.17,296,1199,0,0.4000000000000057,6.47,117,148,113,152,300,326,305,8.431,-8.431,72.9,8.0,3.12703786,562,458,106,32,1,26,104,18.5,0,0,2.5,0.47,0.3,-0.21,93.1,155.0,46.82713347921225,10.065645514223196,8.185053380782918,5.65,-0.54,-0.04,2.19,0.295,46.0,-0.703169308,0.293,0.483,0.703169308,0.002,0.002,0.014,0.007,24.7,35.4,6.499762802938633,-1.4342421381576294,31.486930393438204,0.442159383033419,37.424125805514535,30.731582744805664
1198,678882,"Rafaela, Ceddanne",2077,57.7,0.294,0.168,0.332,0.462,0.324,0.271,0.258,151,513,85.9,11.8,2309,89.7,89.96,298,1198,0,0.2999999999999971,6.44,105,150,112,146,293,321,293,9.655,-9.655,67.0,7.1,2.688252273,518,425,100,32,3,16,93,18.0,0,0,2.31,0.57,0.35,0.09,90.7,157.0,32.066508313539195,5.225653206650831,4.247104247104247,5.69,-0.74,0.12,2.32,0.293,22.0,-0.805926544,0.258,0.374,0.805926544,0.036,0.0349999999999999,0.088,0.053,24.9,36.8,7.304343953825782,1.595924195708683,32.16896657229464,0.4738175675675675,35.30419988827054,28.92732619215774
1197,668930,"Turang, Brice",2795,42.8,0.283,0.187,0.34,0.47,0.322,0.309,0.272,147,519,88.8,7.8,2252,90.8,91.16,276,1197,0,0.4000000000000057,6.45,114,146,109,149,292,322,303,16.382,-16.382,67.2,6.6,1.863374921,526,400,91,34,3,19,126,24.0,0,0,2.13,0.67,0.47,-0.18,91.3,178.0,41.70854271356784,7.537688442211055,5.70342205323194,5.71,-0.77,-0.04,2.37,0.282,30.0,-1.368588137,0.272,0.454,1.368588137,0.011,0.0099999999999999,0.016,0.013,23.1,36.8,6.9960553759556126,8.922889655595705,35.71925219356798,0.4546247818499127,34.224047981628445,30.10793937245964
1193,663586,"Riley, Austin",2450,48.7,0.243,0.154,0.304,0.397,0.273,0.282,0.234,120,494,91.2,18.6,2278,89.9,90.32,380,1193,0,0.3999999999999915,6.5,108,151,124,146,310,328,298,46.798,-46.798,74.0,7.5,3.580727476,498,356,80,21,2,17,142,28.5,0,0,2.26,0.6,0.32,0.03,92.3,166.0,44.10112359550562,12.07865168539326,8.634538152610443,5.71,-0.72,0.05,2.33,0.241,43.0,-3.922715842,0.234,0.432,3.922715842,0.009,0.0069999999999999,-0.035,-0.009,31.9,37.0,10.311983345549969,-2.854524740930465,31.35908730010881,0.4492254733218588,37.931938583431446,34.360498581728905
1190,678246,"Vargas, Miguel",2709,43.9,0.267,0.247,0.261,0.514,0.329,0.348,0.282,143,535,90.2,20.1,2313,90.8,91.13,249,1190,0,0.2999999999999971,6.46,107,151,122,145,299,326,295,20.523,-20.523,72.0,7.7,2.08553487,542,454,78,31,1,33,87,16.1,0,0,2.18,0.62,0.34,0.11,92.1,174.0,44.05286343612335,13.43612334801762,11.25461254612546,5.84,-0.71,0.1,2.36,0.264,61.0,-1.724621849,0.283,0.537,1.724621849,-0.015,-0.0189999999999999,-0.023,-0.019,20.9,39.0,12.092521726187645,-2.889620588003865,34.231259003610184,0.6213921901528013,36.470209287678216,35.01611003673444
1188,605137,"Bell, Josh",2424,49.0,0.267,0.169,0.295,0.436,0.299,0.31,0.265,142,532,89.8,13.5,2213,89.8,90.17,275,1188,0,0.4000000000000057,6.5,115,148,127,150,297,326,296,31.881,-31.881,70.3,7.9,3.491823067,538,434,93,28,1,20,103,19.1,0,0,2.31,0.57,0.46,-0.46,91.8,158.0,42.298850574712645,9.655172413793103,7.806691449814126,5.75,-0.65,0.03,2.45,0.264,42.0,-2.683585859,0.265,0.462,2.683585859,0.002,-0.001,-0.026,-0.011,23.1,37.2,9.370003106285116,-1.4750734776548216,33.73325023590292,0.5549828178694158,37.31270780406206,26.653777081546867
1181,683737,"Busch, Michael",2723,43.4,0.258,0.17,0.292,0.429,0.292,0.29,0.25,138,534,88.2,15.5,2260,89.9,90.22,302,1181,0,0.2999999999999971,6.45,116,145,120,151,294,325,302,26.676,-26.676,66.2,6.9,3.13373702,539,424,89,27,2,20,115,21.3,0,0,2.34,0.57,0.39,-0.22,91.4,153.0,39.85849056603774,9.19811320754717,7.235621521335807,5.66,-0.77,-0.04,2.29,0.256,39.0,-2.25876376,0.249,0.436,2.25876376,0.008,0.007,-0.007,0.002,25.6,36.0,13.864199947061902,-0.6244194324687694,34.076405111912806,0.4690189328743546,36.52890629612637,32.05177999228921
1180,643289,"Dubón, Mauricio",2205,53.5,0.281,0.125,0.296,0.406,0.296,0.287,0.277,151,537,86.3,16.0,2276,90.0,90.49,182,1180,0,0.5,6.51,107,151,113,147,306,320,286,23.876,-23.876,67.3,7.6,2.607674407,544,485,109,28,3,11,56,10.3,0,0,2.23,0.63,0.39,0.07,90.5,166.0,29.690721649484537,3.917525773195876,3.492647058823529,5.69,-0.54,0.01,2.38,0.28,19.0,-2.023389831,0.277,0.388,2.023389831,0.004,0.003,0.018,0.009,15.4,36.1,3.28981771859172,2.053093411615542,30.331072829766928,0.3742437337942956,36.320959001401214,26.76796520754297
1176,686948,"Baldwin, Drake",2312,50.9,0.296,0.183,0.332,0.479,0.332,0.346,0.291,149,503,91.4,11.8,2266,89.7,90.13,290,1176,0,0.3999999999999915,6.48,119,148,126,152,300,327,306,15.244,-15.244,73.4,7.3,2.517991819,505,401,105,20,0,24,104,20.6,0,0,2.33,0.56,0.37,-0.14,92.5,166.0,50.374064837905244,12.718204488778056,10.0990099009901,5.72,-0.63,-0.02,2.17,0.295,51.0,-1.296258503,0.291,0.523,1.296258503,0.005,0.004,-0.044,-0.014,24.7,36.9,11.290542488656294,5.606878652390599,34.15527709516999,0.4398268398268398,37.63672510609528,28.596827906300216
1174,650490,"Díaz, Yandy",2485,47.2,0.306,0.165,0.314,0.471,0.332,0.327,0.294,173,565,91.0,5.9,2270,90.6,90.75,175,1174,0,0.2000000000000028,6.46,110,151,124,148,307,328,292,6.702,-6.702,72.1,7.5,1.797374207,571,503,125,25,1,22,68,11.9,0,0,2.15,0.67,0.42,0.11,92.7,163.0,48.007968127490045,7.171314741035857,6.304728546409807,5.78,-0.71,0.0,2.37,0.303,36.0,-0.570868825,0.296,0.462,0.570868825,0.012,0.007,0.009,0.005,14.9,38.1,1.451918673513983,8.570053959444094,23.59179054784326,0.2768166089965398,38.73900568289515,28.08903316035073
1174,650333,"Arraez, Luis",2424,48.4,0.316,0.112,0.313,0.428,0.315,0.288,0.292,183,579,85.5,15.5,2247,90.7,91.07,85,1174,0,0.3999999999999915,6.45,115,147,110,150,276,313,299,13.644,-13.644,61.4,5.7,1.426696724,599,577,137,33,7,6,22,3.7,0,0,2.11,0.7,0.47,-0.17,89.9,168.0,19.064124783362217,1.2131715771230502,1.1686143572621035,5.75,-0.59,-0.03,2.33,0.309,7.0,-1.162180579,0.287,0.381,1.162180579,0.024,0.022,0.047,0.027,7.2,37.3,7.20650548803639,3.607258408106445,36.398483565403865,0.4854368932038835,35.01627964856498,32.444739128151355
1171,805808,"McGonigle, Kevin",2752,42.6,0.29,0.158,0.299,0.447,0.315,0.32,0.282,160,552,88.0,19.9,2231,89.7,90.01,188,1171,0,0.2999999999999971,6.46,117,146,119,151,292,327,300,26.138,-26.138,69.5,6.9,2.153413409,556,495,112,26,5,17,61,11.0,0,0,2.27,0.62,0.43,-0.22,91.4,167.0,37.24696356275304,7.08502024291498,6.294964028776978,5.69,-0.83,-0.01,2.2,0.288,35.0,-2.232109308,0.28,0.473,2.232109308,0.008,0.0079999999999999,-0.026,-0.005,16.1,37.6,14.441659972166027,2.622087394527981,36.30035293376287,0.4878260869565217,37.067993106994216,34.04853764446184
1166,677649,"Duran, Ezequiel",2247,51.9,0.28,0.176,0.323,0.456,0.312,0.281,0.26,137,489,87.6,11.2,2260,89.8,90.06,307,1166,0,0.2999999999999971,6.44,107,151,113,147,304,325,289,12.741,-12.741,69.8,7.0,2.975689024,496,390,89,27,4,17,106,21.4,0,0,2.29,0.59,0.33,0.1,91.3,156.0,38.24289405684754,5.943152454780361,4.637096774193548,5.73,-0.81,0.09,2.27,0.277,23.0,-1.09271012,0.259,0.395,1.09271012,0.02,0.018,0.061,0.031,26.3,37.6,5.928451234469668,4.344187532965746,28.988235370572536,0.4228421970357454,36.02588667256507,28.14066262593804
1165,701807,"Benge, Carson",2557,45.6,0.291,0.152,0.332,0.443,0.316,0.321,0.293,157,540,88.6,12.1,2257,90.1,90.26,249,1165,0,0.2000000000000028,6.4,118,147,113,151,290,325,303,17.743,-17.743,68.7,6.5,2.611622934,541,435,116,19,3,19,106,19.6,0,0,2.24,0.61,0.43,-0.22,91.4,161.0,38.97911832946635,7.424593967517401,5.914972273567468,5.74,-0.73,-0.11,2.35,0.29,32.0,-1.523004292,0.292,0.459,1.523004292,-0.002,-0.002,-0.016,-0.005,21.4,36.5,5.794881341812767,4.328655522703883,33.87153500290982,0.4008733624454148,35.92312773719444,33.01723274519233
1153,682998,"Carroll, Corbin",2549,45.2,0.256,0.247,0.282,0.503,0.316,0.315,0.267,134,523,91.8,15.6,2236,90.4,90.44,319,1153,0,0.0,6.38,115,146,116,151,295,328,304,21.497,-21.497,74.1,7.4,2.18280056,530,419,65,31,16,22,111,20.9,0,0,2.23,0.6,0.42,-0.24,92.8,167.0,48.67469879518072,12.289156626506024,9.622641509433963,5.74,-0.74,0.06,2.19,0.253,51.0,-1.86444059,0.265,0.48,1.86444059,-0.011,-0.012,0.023,0.001,27.7,38.1,10.351102595020183,1.7090319853593368,25.925615118411255,0.6258928571428571,38.95811073218018,33.934462978073014
1152,663656,"Tucker, Kyle",2394,48.1,0.251,0.17,0.258,0.42,0.284,0.297,0.273,121,483,88.8,17.6,2251,90.0,90.24,243,1152,0,0.2000000000000028,6.34,116,146,124,151,296,323,301,35.311,-35.311,68.9,7.2,2.797462955,489,420,77,23,4,17,69,14.1,0,0,2.28,0.57,0.46,-0.24,91.5,159.0,37.23150357995227,6.682577565632458,5.725971370143149,5.71,-0.77,-0.06,2.39,0.247,28.0,-3.065190972,0.271,0.423,3.065190972,-0.022,-0.024,-0.003,-0.013,21.1,35.9,8.765124572527183,-4.645357243483404,36.41022249461393,0.4218887908208296,36.40489347854953,27.31515266898871
1150,691406,"Caminero, Junior",2655,43.3,0.287,0.261,0.287,0.548,0.354,0.335,0.281,164,571,92.7,9.7,2263,89.3,89.38,274,1150,0,0.1000000000000085,6.44,108,152,124,147,302,331,297,1.275,-1.275,78.0,8.7,2.885154949,574,470,98,24,1,41,104,18.1,0,0,2.41,0.52,0.3,0.02,94.2,144.0,49.57446808510638,12.978723404255318,10.627177700348431,5.74,-0.88,0.06,2.32,0.286,61.0,-0.110869565,0.281,0.511,0.110869565,0.006,0.0049999999999999,0.037,0.019,23.8,37.1,8.332353534101738,-6.347997395484339,24.576323937669635,0.6209677419354839,38.08693422902867,37.48586333537627
1144,664023,"Happ, Ian",2651,43.2,0.244,0.217,0.289,0.461,0.299,0.282,0.229,116,475,89.3,14.7,2248,89.9,90.16,349,1144,0,0.2999999999999971,6.44,115,147,122,150,297,325,299,31.412,-31.412,70.2,6.8,2.734685971,477,343,63,27,2,24,134,28.1,0,0,2.36,0.5,0.4,-0.4,91.7,158.0,42.27405247813411,11.370262390670554,8.176100628930817,5.66,-0.95,-0.01,2.24,0.244,39.0,-2.745804196,0.229,0.437,2.745804196,0.015,0.0149999999999999,0.024,0.017,30.5,35.7,10.32121022733549,-3.459218799661529,33.94151103137278,0.4400352733686067,35.006580027395174,32.993590958714144
1143,693304,"Gonzales, Nick",2167,52.7,0.314,0.091,0.359,0.405,0.313,0.297,0.291,162,516,86.1,7.5,2289,90.2,90.42,262,1143,0,0.2000000000000028,6.39,108,151,117,147,305,320,289,23.33,-23.33,68.7,7.3,2.898708342,517,441,128,27,1,6,76,14.7,0,0,2.27,0.6,0.4,0.12,91.0,147.0,33.94077448747153,2.9612756264236904,2.5145067698259185,5.7,-0.57,0.03,2.29,0.313,13.0,-2.04111986,0.291,0.398,2.04111986,0.023,0.022,0.007,0.016,22.9,37.8,7.971699790590415,3.130567230838763,36.39564562505216,0.4556962025316455,36.05842440495694,25.648873185068627
1140,608324,"Bregman, Alex",2749,41.5,0.276,0.2,0.273,0.476,0.319,0.285,0.264,157,569,88.1,17.6,2296,90.2,90.55,179,1140,0,0.3999999999999915,6.46,106,151,122,146,301,323,295,10.184,-10.184,68.2,6.9,3.270982242,575,505,97,32,2,26,70,12.2,0,0,2.3,0.58,0.34,0.15,91.5,163.0,37.42574257425743,6.138613861386139,5.391304347826087,5.7,-0.87,0.08,2.32,0.273,31.0,-0.893333333,0.262,0.404,0.893333333,0.012,0.011,0.072,0.034,15.7,37.0,13.428746533782956,-4.188210322791344,28.21846317277451,0.6358792184724689,34.21654203143365,31.60688162415397
1137,665487,"Tatis Jr., Fernando",2477,45.9,0.299,0.192,0.32,0.491,0.335,0.364,0.311,173,579,92.2,5.3,2289,90.2,90.48,297,1137,0,0.2999999999999971,6.46,109,152,121,146,306,328,296,11.344,-11.344,73.5,7.2,2.980442456,586,488,115,30,3,25,98,16.7,0,0,2.29,0.56,0.41,0.16,94.1,146.0,53.48360655737705,12.90983606557377,10.75085324232082,5.65,-0.98,0.16,2.36,0.296,63.0,-0.997713281,0.314,0.527,0.997713281,-0.012,-0.018,-0.036,-0.029,26.1,35.6,6.163793081891681,3.4287056285686783,29.558547737123305,0.532093023255814,39.720688855251446,29.432550732421955
1124,672640,"Lopez, Otto",2435,46.2,0.311,0.139,0.335,0.45,0.323,0.306,0.287,185,595,88.6,8.3,2269,89.4,89.46,219,1124,0,0.0999999999999943,6.41,106,151,115,147,305,320,287,7.208,-7.208,69.6,6.7,3.852172026,606,531,133,32,9,11,75,12.4,0,0,2.39,0.51,0.33,0.08,92.2,142.0,41.13207547169812,6.226415094339623,5.445544554455446,5.63,-0.89,0.13,2.19,0.305,33.0,-0.641281139,0.284,0.429,0.641281139,0.024,0.021,0.021,0.017,19.5,36.8,4.206166099520687,-2.1040270807917603,29.492570859853377,0.4345403899721448,37.61848587848817,31.36101000183557
1124,702284,"Young, Cole",2326,48.3,0.255,0.145,0.273,0.4,0.28,0.288,0.269,137,538,88.1,13.0,2245,90.4,90.63,218,1124,0,0.1999999999999886,6.42,117,145,110,151,288,321,300,36.897,-36.897,69.4,6.8,1.978652002,542,458,97,19,4,17,84,15.5,0,0,2.15,0.69,0.46,-0.22,91.6,160.0,38.209606986899566,5.021834061135371,4.243542435424354,5.77,-0.51,-0.1,2.26,0.253,23.0,-3.282651246,0.268,0.404,3.282651246,-0.014,-0.015,-0.004,-0.008,19.4,38.3,4.794240637890991,0.56773894182715,28.34291599977789,0.4509450945094509,31.873253839832817,28.49792910996728
1122,681198,"Rumfield, TJ",2325,48.3,0.31,0.156,0.333,0.466,0.334,0.288,0.271,159,513,84.2,15.4,2301,89.7,90.27,215,1122,0,0.5999999999999943,6.44,117,146,124,151,296,330,304,12.243,-12.243,66.3,6.4,2.766291509,515,447,112,29,3,15,68,13.2,0,0,2.36,0.52,0.28,-0.17,90.7,165.0,27.7027027027027,4.954954954954955,4.271844660194175,5.7,-0.82,-0.01,2.32,0.309,22.0,-1.091176471,0.271,0.4,1.091176471,0.039,0.0379999999999999,0.066,0.046,19.2,37.1,7.737689860081617,-0.4077692355878125,36.32920496712285,0.413953488372093,33.09445320792684,30.680560174514408
1120,663538,"Hoerner, Nico",2357,47.5,0.27,0.092,0.277,0.362,0.272,0.297,0.305,161,596,85.9,11.8,2282,90.7,90.99,132,1120,0,0.2999999999999971,6.46,109,150,117,147,301,320,288,30.468,-30.468,66.8,7.2,3.465567236,604,560,123,29,1,8,44,7.3,0,0,2.21,0.6,0.45,0.1,90.6,153.0,29.496402877697843,1.4388489208633095,1.3245033112582782,5.67,-0.8,0.06,2.26,0.267,8.0,-2.720357143,0.302,0.385,2.720357143,-0.035,-0.0349999999999999,-0.023,-0.025,11.8,36.0,4.97925844097728,-0.5380480120743685,32.55007517898402,0.4382940108892922,38.180341819731645,25.389170899424304
1117,700250,"Rice, Ben",2586,43.2,0.285,0.291,0.29,0.575,0.362,0.357,0.29,144,506,91.9,14.4,2255,89.1,89.35,277,1117,0,0.2000000000000028,6.46,118,146,129,152,295,328,298,2.686,-2.686,70.8,7.7,3.556547331,509,401,79,22,4,39,108,21.2,0,0,2.49,0.44,0.3,-0.19,92.7,164.0,48.12967581047381,13.96508728179551,11.00196463654224,5.73,-0.56,-0.13,2.31,0.283,56.0,-0.240465533,0.29,0.554,0.240465533,-0.005,-0.007,0.021,0.005,24.8,38.1,12.794364010426335,-3.7068965945246433,34.40781854282447,0.5325497287522604,38.08393400699837,27.26784144931812
1115,669394,"Burger, Jake",2247,49.6,0.251,0.21,0.277,0.461,0.301,0.299,0.249,124,495,90.2,14.0,2239,88.9,89.17,381,1115,0,0.2999999999999971,6.48,107,151,123,146,306,328,296,27.98,-27.98,73.7,7.4,4.579694407,499,377,74,23,0,27,122,24.4,0,0,2.45,0.5,0.29,0.04,92.9,151.0,46.66666666666666,12.533333333333331,9.4188376753507,5.65,-0.83,0.01,2.31,0.248,47.0,-2.50941704,0.247,0.46,2.50941704,0.002,0.001,0.001,0.002,34.2,36.1,8.71279425660914,-5.550710085380224,25.710725485433844,0.5685920577617328,40.11858207457217,31.0391862580865
1113,696100,"Goodman, Hunter",2070,53.8,0.257,0.298,0.286,0.555,0.34,0.299,0.236,121,470,90.0,18.2,2305,89.3,89.86,385,1113,0,0.6000000000000085,6.42,107,151,123,146,306,334,302,7.504,-7.504,73.6,7.3,3.284907557,474,326,61,19,2,39,148,31.2,0,0,2.39,0.51,0.24,-0.05,92.6,173.0,45.37037037037037,14.814814814814811,10.126582278481012,5.73,-0.59,0.09,2.28,0.255,48.0,-0.674213836,0.235,0.475,0.674213836,0.021,0.02,0.08,0.041,34.6,37.2,13.79334608352628,-5.132887190091663,24.18376209106123,0.6502835538752363,39.37406174908646,37.9687894817318
1111,680776,"Duran, Jarren",2190,50.7,0.212,0.164,0.249,0.376,0.247,0.278,0.243,110,519,88.7,12.1,2248,89.9,90.21,375,1111,0,0.2999999999999971,6.46,117,146,112,151,286,323,305,53.752,-53.752,72.8,7.5,2.935238279,529,385,70,15,5,20,144,27.2,0,0,2.31,0.55,0.36,-0.33,92.2,148.0,40.46997389033943,9.39947780678851,6.805293005671078,5.7,-0.99,-0.02,2.26,0.209,36.0,-4.838163816,0.244,0.403,4.838163816,-0.031,-0.035,-0.027,-0.031,33.8,37.8,4.984442358135408,-0.961403177794378,27.91433880516016,0.4162854528819762,38.42567365706656,32.61171348677023
1104,678662,"Tovar, Ezequiel",1807,61.1,0.22,0.126,0.267,0.346,0.239,0.255,0.23,96,437,85.8,17.3,2294,89.1,89.68,326,1104,0,0.6000000000000085,6.44,105,151,114,146,309,330,294,48.26,-48.26,69.8,7.4,3.566188421,447,331,63,22,0,11,116,26.0,0,0,2.38,0.54,0.26,-0.07,90.8,166.0,33.03030303030303,6.666666666666667,4.921700223713646,5.67,-0.58,0.19,2.22,0.216,22.0,-4.371376812,0.227,0.373,4.371376812,-0.01,-0.011,-0.027,-0.016,29.5,36.6,9.230381948081224,-1.2193507434840196,35.28494915793309,0.4568720379146919,35.09055237195177,29.10738342908278
1102,663728,"Raleigh, Cal",2189,50.3,0.199,0.212,0.22,0.411,0.256,0.272,0.207,79,397,89.9,25.0,2242,90.0,90.29,352,1102,0,0.2999999999999971,6.44,112,147,125,149,298,326,297,44.104,-44.104,72.6,7.8,2.904806342,401,277,41,15,0,23,124,30.9,0,0,2.21,0.64,0.34,-0.34,92.4,176.0,38.98916967509025,14.8014440433213,10.224438902743142,5.8,-0.48,-0.02,2.47,0.197,41.0,-4.002177858,0.207,0.437,4.002177858,-0.008,-0.0099999999999999,-0.026,-0.016,31.9,38.7,16.595780340911876,-4.864255454792914,34.00375027913332,0.4370982552800734,35.084840891266815,33.57607939834851
1102,682985,"Greene, Riley",2388,46.1,0.305,0.212,0.368,0.517,0.349,0.353,0.285,141,462,90.2,17.6,2200,89.6,89.99,331,1102,0,0.4000000000000057,6.48,116,146,125,151,294,330,301,12.956,-12.956,74.1,7.2,3.583648121,467,347,87,31,2,21,120,25.7,0,0,2.24,0.63,0.45,-0.25,92.5,170.0,46.97406340057637,15.273775216138327,11.349036402569594,5.68,-0.66,-0.03,2.33,0.302,53.0,-1.175680581,0.286,0.544,1.175680581,0.02,0.016,-0.027,-0.004,30.0,37.1,14.111330238305964,0.7138310557712723,44.395949447170985,0.3981395348837209,33.309354577829346,32.42025200021954
1096,693307,"Dingler, Dillon",2276,48.2,0.259,0.222,0.272,0.481,0.312,0.328,0.28,130,501,88.6,17.6,2243,90.0,90.36,245,1096,0,0.4000000000000057,6.47,107,152,122,146,303,329,294,14.866,-14.866,70.3,7.5,2.869663327,508,405,75,26,2,27,101,19.9,0,0,2.27,0.59,0.44,0.09,92.2,153.0,42.46913580246914,9.876543209876544,7.874015748031496,5.68,-0.59,0.05,2.19,0.257,40.0,-1.356386861,0.28,0.494,1.356386861,-0.021,-0.023,-0.013,-0.016,22.4,38.1,12.229282719941102,-2.3443428759313254,39.62170335642315,0.5244690674053555,36.85992573344216,29.97903196784431
1095,677587,"Rocchio, Brayan",2187,50.1,0.257,0.133,0.274,0.39,0.277,0.264,0.253,129,502,85.8,12.3,2235,90.0,90.21,243,1095,0,0.2000000000000028,6.46,110,147,108,149,290,319,294,35.387,-35.387,68.0,7.2,3.270106596,511,442,90,24,2,13,69,13.5,0,0,2.26,0.6,0.49,-0.49,91.0,151.0,30.454545454545457,2.9545454545454546,2.5440313111545985,5.68,-0.54,-0.05,2.17,0.255,13.0,-3.231689498,0.253,0.36,3.231689498,0.004,0.002,0.03,0.013,22.2,36.1,8.264162217953476,-4.641295171721418,28.815613565378037,0.477892756349953,33.567268948459486,31.47502159483945
1094,670541,"Alvarez, Yordan",2639,41.5,0.333,0.302,0.331,0.635,0.408,0.427,0.339,170,510,94.2,18.8,2247,90.3,90.35,217,1094,0,0.1000000000000085,6.43,117,147,134,152,294,333,304,-14.57,14.57,74.9,7.6,3.782442071,515,433,97,32,1,40,82,15.9,0,0,2.27,0.58,0.44,-0.32,93.3,186.0,53.596287703016245,16.009280742459396,13.398058252427184,5.81,-0.83,-0.06,2.32,0.33,69.0,1.331809872,0.337,0.677,-1.331809872,-0.006,-0.007,-0.042,-0.019,19.8,37.8,8.037331857134452,-4.404441004923397,36.59420599508887,0.4107308048103608,37.841927790979824,35.09743864756815
1090,701358,"Smith, Cam",2235,48.8,0.222,0.191,0.245,0.413,0.266,0.296,0.25,102,460,88.6,12.2,2281,90.3,90.47,315,1090,0,0.2000000000000028,6.45,108,152,122,147,299,326,291,40.539,-40.539,75.8,7.6,4.172047917,467,355,60,16,6,20,111,23.8,0,0,2.21,0.63,0.41,0.2,92.7,156.0,43.90934844192634,11.048158640226628,8.35117773019272,5.83,-0.8,0.01,2.38,0.219,39.0,-3.719174312,0.249,0.447,3.719174312,-0.028,-0.03,-0.034,-0.03,28.9,38.4,9.106846950836564,-5.474037643482328,32.43236754304486,0.4536178107606679,39.67912081462894,32.65731839920464
1090,805367,"Meidroth, Chase",2602,41.9,0.284,0.142,0.33,0.425,0.304,0.263,0.248,148,522,85.7,7.8,2250,90.2,90.61,214,1090,0,0.3999999999999915,6.49,107,150,112,146,301,320,286,18.232,-18.232,64.1,6.5,2.39509538,531,423,104,29,0,15,108,20.3,0,0,2.23,0.61,0.43,0.1,91.0,152.0,34.91686460807601,4.513064133016627,3.5781544256120528,5.76,-0.75,0.02,2.35,0.281,19.0,-1.67266055,0.248,0.361,1.67266055,0.036,0.033,0.064,0.041,19.6,37.6,10.645199102868384,4.685177402837179,30.56773819584509,0.575046904315197,37.56289992544706,29.70303902206577
1081,677951,"Witt Jr., Bobby",2282,47.4,0.292,0.168,0.316,0.46,0.321,0.357,0.311,149,511,92.1,16.5,2318,89.7,89.99,268,1081,0,0.2999999999999971,6.45,108,151,123,146,308,329,295,13.495,-13.495,72.2,6.9,3.337770436,515,433,100,30,1,18,82,15.9,0,0,2.33,0.54,0.2,-0.04,93.0,175.0,50.467289719626166,11.448598130841122,9.514563106796116,5.7,-0.82,0.11,2.35,0.289,49.0,-1.248381129,0.312,0.522,1.248381129,-0.019,-0.023,-0.062,-0.036,24.8,37.8,4.395810850545079,-0.121772753891747,27.908763781951244,0.4297994269340974,35.19685982692406,27.88180348921643
1080,665019,"Clemens, Kody",2170,49.8,0.249,0.235,0.262,0.484,0.309,0.315,0.263,121,486,91.2,15.1,2276,90.5,90.85,264,1080,0,0.2999999999999971,6.49,115,145,116,151,293,326,298,13.445,-13.445,70.3,7.1,2.303879851,492,391,66,22,7,26,101,20.5,0,0,2.2,0.62,0.42,-0.27,92.4,163.0,46.01542416452442,11.311053984575835,8.94308943089431,5.75,-0.88,-0.05,2.36,0.247,44.0,-1.244907407,0.264,0.474,1.244907407,-0.014,-0.017,0.01,-0.006,24.4,38.2,11.117039157404337,-1.681561854653905,28.22193254851681,0.6030245746691871,35.45587755795459,32.78591580021931
1079,672695,"Perdomo, Geraldo",2769,39.0,0.27,0.117,0.283,0.387,0.28,0.276,0.271,138,511,85.2,13.8,2199,90.7,90.9,129,1079,0,0.2000000000000028,6.39,115,147,111,149,294,323,296,32.565,-32.565,63.5,6.7,1.791408816,528,474,103,19,7,9,54,10.2,0,0,2.16,0.65,0.51,-0.51,90.8,154.0,30.720338983050848,2.5423728813559325,2.272727272727273,5.75,-0.66,0.01,2.29,0.266,12.0,-3.018072289,0.272,0.364,3.018072289,-0.001,-0.006,0.023,0.004,12.0,38.2,5.260309843467407,-1.423926574203977,38.35405447664919,0.4620493358633776,34.91117140981184,24.335760433873887
1077,664983,"McCarthy, Jake",1885,57.1,0.307,0.199,0.332,0.506,0.344,0.309,0.286,156,508,82.7,10.2,2301,89.7,90.34,226,1077,0,0.5999999999999943,6.46,112,146,100,151,291,327,304,8.264,-8.264,67.6,6.8,2.971330163,518,444,98,30,13,15,73,14.1,0,0,2.35,0.5,0.31,-0.17,90.8,146.0,28.44243792325056,5.643340857787811,4.826254826254826,5.7,-0.75,-0.01,2.34,0.304,25.0,-0.76731662,0.286,0.431,0.76731662,0.021,0.018,0.075,0.035,21.0,36.9,7.172751033619895,-2.7963714021388206,32.43522071562448,0.4742857142857143,39.12982504749706,28.816002412048007
1071,676391,"Clement, Ernie",1860,57.6,0.266,0.108,0.277,0.374,0.274,0.243,0.244,151,567,83.8,17.3,2261,89.6,89.71,164,1071,0,0.1000000000000085,6.42,106,151,113,146,296,319,287,32.17,-32.17,64.9,7.1,3.20144941,574,521,109,32,1,9,53,9.2,0,0,2.33,0.55,0.36,-0.02,90.1,156.0,20.384615384615383,2.1153846153846154,1.9163763066202089,5.71,-0.46,0.07,2.32,0.263,11.0,-3.003734827,0.242,0.322,3.003734827,0.022,0.021,0.052,0.031,15.3,36.6,11.284168792483566,-4.5852080634060375,30.19843309739708,0.5965417867435159,36.59321544292248,32.43676839879728
1069,669016,"Marsh, Brandon",2062,51.8,0.274,0.152,0.322,0.426,0.299,0.291,0.264,133,486,88.7,12.5,2271,89.7,90.06,268,1069,0,0.3999999999999915,6.45,114,146,112,151,291,324,300,27.161,-27.161,69.7,7.1,2.993876384,492,379,95,19,2,17,113,23.0,0,0,2.31,0.56,0.32,-0.29,91.3,159.0,42.85714285714285,7.936507936507936,6.097560975609756,5.74,-0.9,0.01,2.2,0.271,30.0,-2.540785781,0.263,0.421,2.540785781,0.01,0.008,0.005,0.008,25.1,37.4,8.24273358202903,0.160841111976738,37.30548527165826,0.3973256924546323,39.69911950711616,27.0234264595238
1066,571448,"Arenado, Nolan",2301,46.3,0.255,0.214,0.267,0.469,0.307,0.256,0.234,126,495,85.0,19.0,2307,89.7,89.76,258,1066,0,0.0999999999999943,6.37,107,151,123,146,300,323,294,12.652,-12.652,69.1,8.3,4.720274439,499,398,75,23,1,27,100,20.0,0,0,2.33,0.54,0.28,0.1,91.4,154.0,30.65326633165829,6.281407035175879,5.01002004008016,5.72,-0.81,0.11,2.24,0.253,25.0,-1.186866792,0.233,0.365,1.186866792,0.021,0.0199999999999999,0.104,0.051,24.2,37.4,11.79258259237812,-11.046844078789483,32.387965915633835,0.5645004849660524,39.3368577113452,35.971028595871296
1065,647304,"Naylor, Josh",2065,51.6,0.276,0.093,0.294,0.37,0.281,0.291,0.28,154,557,86.8,10.2,2247,89.3,89.5,181,1065,0,0.2000000000000028,6.4,117,146,115,151,291,323,300,37.561,-37.561,67.9,7.4,3.420883847,560,499,122,22,0,10,60,10.7,0,0,2.38,0.53,0.36,-0.2,91.8,138.0,35.9437751004016,4.618473895582329,4.107142857142857,5.75,-0.61,-0.16,2.38,0.275,23.0,-3.52685446,0.28,0.397,3.52685446,-0.004,-0.005,-0.027,-0.01,17.0,38.3,6.634742488225449,-5.663020898925242,29.38197522345945,0.4321462945139557,35.589978607748606,25.01722802513942
1064,679529,"Torkelson, Spencer",2501,42.5,0.246,0.208,0.304,0.454,0.296,0.275,0.229,117,476,89.5,20.0,2281,89.5,89.92,340,1064,0,0.4000000000000057,6.49,107,152,123,146,300,330,296,33.1,-33.1,71.5,7.7,3.336808591,480,330,66,27,0,24,150,31.3,0,0,2.33,0.56,0.32,0.03,92.0,172.0,41.94528875379939,12.1580547112462,8.333333333333332,5.67,-0.78,0.09,2.24,0.244,40.0,-3.110902256,0.228,0.424,3.110902256,0.017,0.0159999999999999,0.03,0.021,32.0,37.0,14.34671482706227,-7.126349338000999,37.35487712424947,0.490530303030303,38.04526238763652,30.096025057713547
1061,662139,"Varsho, Daulton",2007,52.9,0.229,0.139,0.26,0.368,0.256,0.258,0.236,107,467,86.1,16.1,2256,90.2,90.32,232,1061,0,0.0999999999999943,6.42,114,146,111,152,291,325,297,38.589,-38.589,71.0,7.6,2.323020574,468,378,69,23,3,12,90,19.2,0,0,2.26,0.59,0.36,-0.22,91.2,155.0,36.507936507936506,6.878306878306878,5.555555555555555,5.75,-0.93,-0.04,2.26,0.229,26.0,-3.637040528,0.236,0.367,3.637040528,-0.007,-0.0069999999999999,0.001,-0.002,21.9,37.6,8.945524717796372,-0.571612111154871,28.19726435975361,0.5213505461767627,37.00565616986364,26.05105295328296
1061,681624,"Pages, Andy",2230,47.6,0.285,0.196,0.305,0.481,0.325,0.317,0.286,134,470,88.9,15.6,2315,90.5,90.82,233,1061,0,0.2999999999999971,6.43,109,151,123,146,303,323,294,19.123,-19.123,70.9,7.6,2.795041201,475,391,86,25,2,21,84,17.7,0,0,2.2,0.62,0.36,0.1,91.7,161.0,42.19948849104859,7.672634271099745,6.315789473684211,5.68,-0.91,0.09,2.3,0.282,30.0,-1.802356268,0.284,0.46,1.802356268,-0.001,-0.002,0.021,0.008,22.0,35.5,5.714227414500098,-1.6159473992960347,39.94540434059509,0.4277566539923954,37.253629005701626,28.20396169727474
1058,660271,"Ohtani, Shohei",2333,45.3,0.298,0.263,0.327,0.561,0.361,0.384,0.31,139,467,93.2,12.2,2276,89.7,90.07,333,1058,0,0.3999999999999915,6.42,120,147,131,152,300,328,306,8.371,-8.371,73.0,7.8,2.763881113,474,363,80,25,4,30,109,23.0,0,0,2.38,0.49,0.35,-0.23,93.2,165.0,51.657458563535904,15.745856353591158,12.025316455696204,5.7,-0.69,0.03,2.35,0.294,57.0,-0.79120983,0.309,0.596,0.79120983,-0.012,-0.015,-0.035,-0.023,31.5,36.2,12.508699299618849,1.5367978550413195,37.40049757008089,0.4766444232602478,39.44287924249104,25.571178949366036
1058,695600,"Jensen, Carter",2392,44.2,0.252,0.239,0.288,0.491,0.312,0.281,0.231,118,468,91.2,20.3,2288,89.4,89.69,315,1058,0,0.2999999999999971,6.44,118,146,119,151,296,328,304,26.082,-26.082,71.6,7.0,3.113511624,474,348,58,33,2,25,126,26.6,0,0,2.34,0.55,0.3,-0.18,92.2,168.0,44.668587896253605,11.81556195965418,8.649789029535865,5.68,-0.94,-0.04,2.22,0.249,41.0,-2.465217391,0.229,0.437,2.465217391,0.021,0.0199999999999999,0.054,0.031,29.8,37.1,6.185717374899385,-3.4451594139565733,26.69764872525897,0.4612440191387559,35.28635641533576,35.76702343520696
1058,665926,"Giménez, Andrés",1836,57.6,0.247,0.117,0.281,0.363,0.261,0.251,0.241,110,446,84.1,12.5,2240,90.1,90.31,259,1058,0,0.2000000000000028,6.44,114,146,107,150,284,319,298,33.621,-33.621,64.7,6.7,2.590016632,453,370,77,23,1,9,83,18.3,0,0,2.27,0.58,0.38,-0.15,90.2,143.0,24.932249322493224,3.252032520325204,2.6490066225165565,5.7,-0.75,-0.07,2.3,0.244,12.0,-3.17778828,0.242,0.338,3.17778828,0.006,0.002,0.025,0.01,24.5,37.0,7.233276278989593,2.0761452879120044,32.641322130331176,0.4627606752730884,37.811855550662656,28.4453112604287
1053,673548,"Suzuki, Seiya",2641,39.9,0.3,0.23,0.325,0.53,0.353,0.321,0.277,140,466,88.7,17.9,2335,89.9,90.19,249,1053,0,0.2999999999999971,6.42,108,151,123,147,303,325,295,10.838,-10.838,71.1,7.1,3.348115659,469,379,84,30,1,25,90,19.2,0,0,2.38,0.54,0.27,0.04,91.9,167.0,39.31398416886543,10.554089709762533,8.528784648187633,5.69,-0.81,0.15,2.26,0.299,40.0,-1.029249763,0.275,0.48,1.029249763,0.023,0.0239999999999999,0.05,0.032,23.6,37.3,7.799440352635332,-2.96334124077826,32.37803318890612,0.4713193116634799,37.51169836547781,33.754283451640305
1050,606466,"Marte, Ketel",2179,48.2,0.26,0.196,0.257,0.456,0.303,0.326,0.289,134,515,90.0,14.5,2187,89.4,89.48,208,1050,0,0.0999999999999943,6.37,115,147,118,149,298,328,302,24.143,-24.143,73.4,7.6,3.431769467,520,457,80,29,3,22,63,12.1,0,0,2.36,0.53,0.43,-0.43,93.1,151.0,42.290748898678416,9.47136563876652,8.269230769230768,5.72,-0.88,-0.06,2.23,0.258,43.0,-2.299333333,0.288,0.477,2.299333333,-0.029,-0.0299999999999999,-0.021,-0.023,19.8,37.9,8.600343886628732,-7.054665882627227,31.53515121829612,0.5666666666666667,31.181487053081085,36.45796159964011
1043,661388,"Contreras, William",2225,46.9,0.285,0.159,0.292,0.444,0.309,0.313,0.275,149,523,90.4,13.2,2270,90.0,90.36,216,1043,0,0.4000000000000057,6.46,107,151,122,147,306,325,294,17.593,-17.593,71.5,7.2,3.192663283,531,467,103,27,1,18,64,12.1,0,0,2.31,0.6,0.37,0.09,92.8,160.0,44.53961456102783,8.565310492505352,7.532956685499058,5.7,-0.7,0.0,2.33,0.281,40.0,-1.686768936,0.273,0.467,1.686768936,0.01,0.008,-0.023,-0.004,20.7,36.7,8.216394139088509,1.1772049882007871,27.32363483293282,0.578,37.556449123382144,30.63942104389949
1041,545361,"Trout, Mike",2649,39.3,0.269,0.199,0.31,0.467,0.314,0.347,0.281,119,443,89.9,17.7,2245,91.3,91.47,265,1041,0,0.2000000000000028,6.46,107,152,123,146,308,328,296,21.188,-21.188,72.5,7.4,3.051703413,446,337,73,25,0,21,108,24.2,0,0,2.0,0.77,0.48,0.17,92.0,167.0,45.40059347181009,15.727002967359049,11.883408071748878,5.81,-0.85,0.18,2.29,0.267,53.0,-2.035350624,0.283,0.538,2.035350624,-0.012,-0.0159999999999999,-0.071,-0.033,25.5,38.7,5.755029528112916,0.1057000172214438,35.75698212977225,0.4025341130604288,35.0836606556702,25.074158186591333
1031,695506,"Caglianone, Jac",1903,54.2,0.3,0.217,0.35,0.517,0.349,0.352,0.298,138,460,93.2,7.8,2265,88.8,89.08,302,1031,0,0.2999999999999971,6.41,116,146,127,151,298,332,306,-1.454,1.454,75.3,7.8,2.867592129,461,352,86,27,2,23,109,23.6,0,0,2.48,0.46,0.27,-0.2,94.0,146.0,54.54545454545454,13.352272727272728,10.19522776572668,5.7,-0.68,-0.06,2.32,0.299,47.0,0.141028128,0.298,0.532,-0.141028128,0.002,0.001,-0.015,-0.003,29.3,37.7,8.88346506992956,-0.7939324824159164,30.599887385344893,0.424537487828627,39.36697330221143,29.74282932979604
1027,664034,"France, Ty",1894,54.2,0.308,0.222,0.344,0.531,0.352,0.3,0.262,126,409,92.0,14.4,2288,90.2,90.5,282,1027,0,0.2999999999999971,6.47,108,151,124,148,305,324,293,0.819,-0.819,70.2,7.5,2.508145467,418,326,79,24,2,21,91,21.8,0,0,2.26,0.59,0.39,0.12,92.1,166.0,48.466257668711656,9.509202453987731,7.4162679425837315,5.65,-0.74,0.17,2.25,0.302,31.0,-0.079746835,0.26,0.445,0.079746835,0.046,0.0419999999999999,0.086,0.052,27.5,35.9,10.463444407710492,6.017309293941514,34.37372421093828,0.4587995930824008,36.65434721651937,26.9775477643042
1022,664761,"Bohm, Alec",2226,45.9,0.264,0.143,0.273,0.407,0.287,0.307,0.279,138,523,90.5,8.6,2307,90.9,91.21,168,1022,0,0.2999999999999971,6.41,109,151,123,147,305,324,289,26.68,-26.68,69.9,7.1,2.357851557,528,466,94,28,1,15,62,11.7,0,0,2.14,0.65,0.39,0.17,92.1,163.0,43.87096774193549,6.236559139784946,5.492424242424242,5.79,-0.72,-0.01,2.47,0.261,29.0,-2.610567515,0.279,0.436,2.610567515,-0.015,-0.018,-0.029,-0.02,16.4,38.4,4.1588533036730935,6.331781170662117,29.90010797783154,0.431726907630522,38.03283397902637,24.56828785670142
1019,682829,"De La Cruz, Elly",2516,40.5,0.323,0.26,0.363,0.584,0.384,0.379,0.32,153,473,94.7,9.7,2236,89.5,89.75,285,1019,0,0.2999999999999971,6.49,114,148,122,150,298,326,300,-6.091,6.091,74.5,7.1,3.055193228,476,372,91,29,5,28,104,21.8,0,0,2.44,0.46,0.43,-0.43,94.1,159.0,54.52054794520548,16.164383561643834,12.394957983193278,5.67,-0.77,-0.01,2.36,0.321,59.0,0.597742885,0.32,0.572,-0.597742885,0.003,0.001,0.012,0.005,28.0,36.3,7.893214633847192,2.04889785645266,33.89648301648088,0.4925074925074925,38.27453858249004,36.94324411091694
1017,650489,"Castro, Willi",1899,53.6,0.276,0.167,0.336,0.443,0.307,0.282,0.251,111,402,86.9,17.1,2224,89.8,90.32,313,1017,0,0.5,6.42,112,148,112,150,299,328,300,20.463,-20.463,70.9,7.2,2.621892276,405,301,75,20,1,15,104,25.7,0,0,2.32,0.53,0.42,-0.42,91.7,164.0,40.13377926421405,8.02675585284281,5.925925925925927,5.69,-0.48,-0.01,2.28,0.274,24.0,-2.012094395,0.249,0.414,2.012094395,0.025,0.025,0.029,0.025,30.8,36.4,8.224643966565928,-2.426986358085583,37.155447456140585,0.4387755102040816,33.90863155339011,29.85476222708649
1016,643446,"McNeil, Jeff",1724,58.9,0.269,0.102,0.286,0.371,0.276,0.275,0.275,122,453,86.2,14.5,2189,90.3,90.5,158,1016,0,0.2000000000000028,6.41,116,145,110,150,286,319,298,34.616,-34.616,67.0,7.2,2.18233511,459,407,92,22,0,8,51,11.1,0,0,2.22,0.63,0.49,-0.28,90.7,155.0,30.22113022113022,1.71990171990172,1.5250544662309369,5.76,-1.04,-0.1,2.29,0.267,7.0,-3.407086614,0.273,0.365,3.407086614,-0.006,-0.006,0.006,0.001,15.6,37.3,5.952906032051609,-1.3319340751077868,34.95957164555288,0.3766497461928934,34.89388177534575,27.663053641752505
1014,671277,"García Jr., Luis",1921,52.8,0.292,0.261,0.291,0.553,0.358,0.342,0.291,141,483,91.4,11.3,2180,89.3,89.58,210,1014,0,0.2999999999999971,6.42,116,146,117,151,294,324,303,-2.597,2.597,72.9,7.4,3.136378156,485,411,80,26,5,30,74,15.3,0,0,2.43,0.46,0.41,-0.31,92.8,150.0,47.05882352941176,12.5,10.515463917525771,5.79,-1.18,-0.07,2.38,0.291,51.0,0.256114398,0.29,0.515,-0.256114398,0.001,0.001,0.038,0.016,20.7,38.0,10.342001090934753,-1.6827386910792654,27.641775061395837,0.6111665004985045,36.85278562892067,33.49931317734312
1013,808982,"Lee, Jung Hoo",2132,47.5,0.285,0.132,0.292,0.418,0.301,0.299,0.297,149,522,87.2,11.0,2305,90.2,90.6,127,1013,0,0.3999999999999915,6.43,118,147,111,151,286,320,301,19.932,-19.932,66.7,7.6,1.823513173,526,486,104,31,4,10,40,7.6,0,0,2.23,0.6,0.33,-0.18,91.0,151.0,31.54639175257732,2.268041237113402,2.091254752851711,5.77,-0.69,-0.09,2.32,0.283,11.0,-1.967620928,0.296,0.395,1.967620928,-0.012,-0.013,0.023,0.002,12.5,38.7,3.3244021947299776,-3.132184805066473,38.64022939089562,0.3762575452716298,30.00349981556928,28.39272558999262
1013,681082,"Stott, Bryson",2417,41.9,0.258,0.145,0.287,0.403,0.282,0.296,0.276,128,496,88.7,14.1,2262,90.1,90.45,193,1013,0,0.4000000000000057,6.44,115,146,113,150,288,321,300,24.237,-24.237,68.0,7.1,2.505000862,503,425,82,30,6,10,78,15.5,0,0,2.25,0.6,0.39,-0.34,91.5,169.0,37.11583924349882,6.1465721040189125,5.168986083499006,5.76,-0.93,0.0,2.29,0.257,26.0,-2.392596249,0.275,0.418,2.392596249,-0.018,-0.018,-0.015,-0.014,19.1,37.7,9.098886189800115,0.850901322810846,30.849771193841868,0.5288169868554095,33.19677981950515,31.7715260463205
1011,665489,"Guerrero Jr., Vladimir",2159,46.8,0.272,0.1,0.29,0.372,0.277,0.306,0.293,139,511,90.5,8.3,2260,90.0,90.18,204,1011,0,0.2000000000000028,6.44,107,151,124,147,306,327,293,38.005,-38.005,74.9,7.5,3.32343712,517,457,106,24,0,9,60,11.6,0,0,2.31,0.55,0.34,0.15,93.1,148.0,44.63894967177243,7.00218818380744,6.189555125725339,5.73,-0.81,0.07,2.38,0.269,32.0,-3.759149357,0.293,0.419,3.759149357,-0.021,-0.0239999999999999,-0.047,-0.029,20.2,37.4,0.7317668090542109,-2.378828836164528,28.183367216097963,0.3026052104208417,37.80010835809846,33.221486501479426
1007,694192,"Chourio, Jackson",2132,47.2,0.305,0.21,0.34,0.515,0.35,0.333,0.281,144,472,91.7,12.0,2299,90.0,90.3,255,1007,0,0.2999999999999971,6.45,108,151,116,147,308,324,292,-0.947,0.947,72.5,7.3,3.084974849,474,377,93,27,0,24,97,20.5,0,0,2.32,0.56,0.34,0.05,92.5,163.0,47.07446808510639,12.23404255319149,9.70464135021097,5.7,-0.74,-0.04,2.36,0.304,46.0,0.094041708,0.28,0.504,-0.094041708,0.024,0.0239999999999999,0.011,0.017,25.3,36.2,8.910823087857578,4.178291991032337,27.820698294068148,0.6401673640167364,39.37498715369279,28.85387074849304
1007,669364,"Edwards, Xavier",2321,43.4,0.291,0.094,0.32,0.386,0.291,0.273,0.268,145,498,85.4,8.3,2244,89.9,90.0,177,1007,0,0.0999999999999943,6.4,112,146,105,149,290,317,294,31.515,-31.515,65.7,6.3,2.643722835,507,444,116,17,6,6,63,12.4,0,0,2.26,0.6,0.48,-0.48,90.5,153.0,28.37837837837838,3.153153153153153,2.7613412228796843,5.67,-0.9,-0.02,2.22,0.288,14.0,-3.12959285,0.266,0.369,3.12959285,0.023,0.0219999999999999,0.017,0.018,17.6,37.0,4.373950380802417,-0.3838797020104504,30.123708822548643,0.4243353783231083,33.328023332450506,30.54901956174689
1006,575929,"Contreras, Willson",2072,48.6,0.293,0.257,0.333,0.55,0.356,0.336,0.272,123,420,89.6,18.0,2260,90.0,90.32,308,1006,0,0.2999999999999971,6.48,106,151,123,147,294,324,297,-6.062,6.062,74.6,7.8,4.729701815,424,316,72,21,3,27,108,25.5,0,0,2.25,0.61,0.41,0.15,92.8,156.0,44.26751592356688,13.375796178343949,9.90566037735849,5.76,-0.72,0.22,2.17,0.291,42.0,0.602584493,0.273,0.516,-0.602584493,0.021,0.0179999999999999,0.034,0.02,30.6,38.6,10.09960847779158,-5.590796058498262,33.96324007123764,0.4772956609485368,38.21871926442127,30.8812448404213
999,802139,"Wetherholt, JJ",2390,41.8,0.258,0.134,0.267,0.393,0.28,0.316,0.274,125,484,89.7,11.3,2262,90.4,90.53,200,999,0,0.0999999999999943,6.4,118,147,112,152,297,326,304,34.47,-34.47,69.8,7.4,1.700749572,486,421,94,14,0,17,65,13.4,0,0,2.21,0.62,0.47,-0.16,91.8,168.0,44.73684210526316,7.4162679425837315,6.378600823045268,5.66,-0.46,-0.05,2.3,0.257,31.0,-3.45045045,0.274,0.466,3.45045045,-0.016,-0.017,-0.073,-0.036,20.0,35.9,10.86694320620041,6.708191400103505,32.66637958989464,0.6138211382113821,36.92129743813625,28.257292325845352
996,669065,"Stowers, Kyle",1894,52.6,0.252,0.22,0.324,0.472,0.306,0.293,0.238,104,413,92.2,18.0,2223,89.9,90.06,356,996,0,0.1999999999999886,6.41,116,146,117,151,296,324,301,22.035,-22.035,73.2,6.7,3.037007624,416,282,55,26,4,19,134,32.2,0,0,2.24,0.63,0.43,-0.34,93.0,165.0,56.38297872340425,12.411347517730496,8.413461538461538,5.67,-1.11,0.03,2.26,0.251,35.0,-2.212349398,0.238,0.453,2.212349398,0.014,0.013,0.019,0.013,35.7,37.8,14.066850492153996,-1.2055008748699223,34.1687117507439,0.5202839756592292,37.61872598067371,33.693307512781765
992,571970,"Muncy, Max",2223,44.6,0.27,0.257,0.299,0.527,0.338,0.316,0.255,121,448,90.0,17.3,2259,89.5,89.83,290,992,0,0.2999999999999971,6.41,115,145,127,152,298,325,300,8.624,-8.624,69.6,6.9,3.80931447,449,337,65,26,1,29,112,24.9,0,0,2.39,0.49,0.36,-0.22,92.3,159.0,45.99406528189911,13.056379821958458,9.79955456570156,5.69,-0.99,-0.08,2.21,0.269,44.0,-0.869354839,0.255,0.495,0.869354839,0.015,0.014,0.032,0.022,29.2,35.7,15.98576120967917,-4.467281780297854,34.33545444304053,0.4784437434279706,38.40310729265877,37.64024663299198
988,671732,"Butler, Lawrence",2147,46.0,0.251,0.172,0.286,0.423,0.287,0.3,0.265,102,407,89.3,7.4,2215,90.1,90.25,268,988,0,0.1000000000000085,6.38,116,146,114,151,292,325,303,29.557,-29.557,71.6,6.9,2.770646099,410,315,67,17,1,17,95,23.2,0,0,2.27,0.62,0.46,-0.31,91.8,155.0,44.72843450479233,8.30670926517572,6.341463414634147,5.71,-0.89,0.03,2.42,0.249,26.0,-2.99159919,0.266,0.432,2.99159919,-0.014,-0.017,-0.009,-0.013,27.1,36.3,5.037266731814077,5.178702211881179,31.35226873808278,0.4063829787234042,38.59253045139992,26.13282134315321
978,543760,"Semien, Marcus",1988,49.2,0.228,0.127,0.246,0.354,0.248,0.274,0.253,104,457,86.3,18.9,2309,89.6,89.7,226,978,0,0.1000000000000085,6.4,108,151,121,145,299,323,293,41.884,-41.884,66.4,7.7,3.164102282,463,381,75,14,1,14,82,17.7,0,0,2.38,0.5,0.25,0.09,90.8,156.0,33.50923482849604,5.804749340369393,4.751619870410368,5.74,-0.75,0.18,2.27,0.225,22.0,-4.282617587,0.251,0.392,4.282617587,-0.025,-0.0259999999999999,-0.038,-0.026,23.1,37.2,14.26386792566338,-2.372665558015797,34.14923861077028,0.5686274509803921,33.66111873157684,29.220805046516904
977,663968,"Mangum, Jake",1682,58.1,0.292,0.095,0.34,0.388,0.295,0.265,0.261,117,400,83.5,2.5,2257,90.1,90.34,206,977,0,0.2000000000000028,6.42,108,147,103,147,291,315,294,19.409,-19.409,64.8,6.5,1.813970198,406,338,91,19,2,5,68,16.7,0,0,2.27,0.58,0.41,-0.41,90.2,146.0,28.143712574850294,2.395209580838324,1.9704433497536944,5.66,-0.81,0.1,2.27,0.291,8.0,-1.986591607,0.261,0.352,1.986591607,0.031,0.0299999999999999,0.036,0.03,21.1,36.7,2.866881465698279,9.959340227629667,31.384066980536065,0.3312564901349948,36.6694350679065,20.234898127922936
970,668904,"Lewis, Royce",1929,50.3,0.237,0.159,0.279,0.396,0.268,0.282,0.246,101,427,89.5,20.3,2296,89.9,90.22,315,970,0,0.2999999999999971,6.46,107,151,122,146,301,326,295,32.422,-32.422,72.8,8.0,3.186497333,432,326,62,24,1,14,106,24.5,0,0,2.31,0.55,0.31,0.04,92.2,159.0,40.30769230769231,10.76923076923077,8.101851851851851,5.75,-0.86,0.15,2.3,0.234,35.0,-3.342474227,0.245,0.41,3.342474227,-0.009,-0.0109999999999999,-0.014,-0.014,32.5,37.7,10.891345405843932,-9.270494858605096,26.22221220052521,0.7047120418848167,39.35378699053226,33.118143577915646
968,665862,"Chisholm Jr., Jazz",2134,45.4,0.248,0.183,0.3,0.431,0.287,0.267,0.233,107,432,89.2,15.0,2249,89.3,89.52,299,968,0,0.2000000000000028,6.47,116,145,109,151,293,325,296,29.9,-29.9,70.7,7.8,3.332430431,436,312,69,16,3,19,124,28.4,0,0,2.41,0.51,0.28,-0.22,92.3,155.0,42.765273311897104,8.360128617363344,5.963302752293578,5.71,-0.61,0.0,2.3,0.245,26.0,-3.088842975,0.231,0.395,3.088842975,0.015,0.0139999999999999,0.036,0.02,30.9,38.3,14.491326777679069,-7.250035596447252,31.721054296090585,0.5676532769556025,34.71087516947889,31.28557933100345
961,641355,"Bellinger, Cody",2045,47.0,0.283,0.172,0.295,0.455,0.313,0.309,0.287,130,459,89.2,17.5,2244,90.0,90.3,193,961,0,0.2999999999999971,6.49,117,146,122,152,292,325,297,11.813,-11.813,68.3,7.8,2.665677981,466,402,86,25,3,16,64,13.7,0,0,2.24,0.62,0.39,-0.16,91.6,165.0,38.095238095238095,6.516290726817042,5.579399141630901,5.77,-0.44,-0.08,2.51,0.279,26.0,-1.229240375,0.285,0.434,1.229240375,-0.004,-0.0059999999999999,0.021,0.004,20.1,39.5,13.13290972684336,-0.1339039631223934,34.198483889084706,0.5871848739495799,30.991340167929216,29.049124053036632
960,701675,"Church, Nathan",1710,56.1,0.261,0.124,0.284,0.386,0.276,0.27,0.255,105,402,83.9,12.3,2241,90.3,90.57,195,960,0,0.2999999999999971,6.43,114,146,107,150,291,322,302,27.647,-27.647,66.9,6.9,1.90394062,409,346,77,16,2,10,63,15.4,0,0,2.21,0.62,0.48,-0.38,90.4,158.0,30.057803468208093,5.491329479768786,4.645476772616137,5.65,-1.1,-0.03,2.27,0.257,19.0,-2.879895833,0.253,0.374,2.879895833,0.006,0.004,0.012,0.006,20.3,36.3,3.863249147903507,0.9552439191853804,32.27088729326701,0.3760593220338983,37.36148058789203,29.069284741866387
956,608070,"Ramírez, José",2129,44.9,0.242,0.143,0.251,0.385,0.266,0.292,0.275,107,442,88.5,19.5,2231,89.7,89.91,148,956,0,0.2000000000000028,6.42,113,147,125,150,293,323,296,29.698,-29.698,68.7,7.2,2.250738191,449,391,68,27,0,12,57,12.7,0,0,2.32,0.54,0.36,-0.36,92.2,158.0,38.107416879795394,4.3478260869565215,3.78619153674833,5.75,-0.85,-0.03,2.17,0.239,17.0,-3.106485356,0.274,0.407,3.106485356,-0.033,-0.035,-0.022,-0.026,15.5,38.2,8.989963851291176,-8.116981807185079,31.181320116178743,0.5656894679695983,31.849563929483985,32.019089731668195
954,672515,"Moreno, Gabriel",2316,41.2,0.316,0.18,0.336,0.495,0.342,0.326,0.296,139,440,89.2,12.6,2266,90.2,90.46,148,954,0,0.2999999999999971,6.46,109,150,122,146,305,324,291,3.095,-3.095,69.9,7.0,3.234201182,449,384,91,32,1,15,65,14.5,0,0,2.25,0.59,0.39,0.16,91.7,157.0,41.77545691906005,7.83289817232376,6.6815144766147,5.69,-0.7,0.07,2.21,0.31,30.0,-0.32442348,0.295,0.463,0.32442348,0.02,0.015,0.032,0.016,15.5,37.8,7.969931063449652,3.066470898584032,34.52559623946131,0.3944856839872747,34.74659094764556,34.81944695553168
954,702332,"Durbin, Caleb",2076,46.0,0.27,0.143,0.277,0.413,0.292,0.257,0.252,125,463,81.6,11.7,2270,90.2,90.44,155,954,0,0.2000000000000028,6.43,105,151,111,146,289,318,290,20.321,-20.321,66.3,6.8,2.816279379,473,424,86,25,1,13,49,10.4,0,0,2.21,0.65,0.47,0.13,90.4,140.0,25.355450236966824,2.843601895734597,2.536997885835095,5.7,-0.76,0.07,2.22,0.268,12.0,-2.130083857,0.252,0.339,2.130083857,0.018,0.016,0.074,0.035,16.2,37.5,8.102252867211304,-0.4228074975804678,29.77332219169959,0.5797872340425532,35.30852534332846,28.64500300384609
953,668709,"Bleday, JJ",2069,46.1,0.231,0.214,0.235,0.446,0.286,0.303,0.257,96,415,88.2,22.9,2225,90.0,90.28,257,953,0,0.2999999999999971,6.47,115,146,117,151,294,323,298,21.497,-21.497,71.3,7.2,3.768428459,419,333,55,16,2,23,85,20.3,0,0,2.3,0.55,0.45,-0.28,92.1,168.0,40.06024096385542,9.63855421686747,7.637231503579953,5.66,-0.76,0.04,2.27,0.23,32.0,-2.255718783,0.258,0.451,2.255718783,-0.026,-0.0279999999999999,-0.005,-0.017,27.0,36.7,13.28557821385136,-8.454214084030035,32.49861024349793,0.5191082802547771,39.43016789076891,32.30354233393977
952,642715,"Adames, Willy",1979,48.1,0.245,0.206,0.281,0.452,0.296,0.279,0.236,107,436,87.4,22.8,2281,90.1,90.54,275,952,0,0.4000000000000057,6.46,108,152,122,146,300,325,295,16.097,-16.097,70.6,8.1,2.846773362,437,327,60,25,1,21,110,25.2,0,0,2.24,0.6,0.35,0.08,91.4,159.0,38.95705521472393,8.895705521472392,6.636155606407322,5.76,-0.75,0.09,2.29,0.245,29.0,-1.690861345,0.237,0.417,1.690861345,0.009,0.008,0.035,0.017,28.9,38.0,14.994814949601906,-3.2915441106009187,33.561642112002694,0.5527156549520766,38.64493647139586,30.34992300053868
952,543807,"Springer, George",1974,48.2,0.259,0.166,0.28,0.425,0.292,0.271,0.244,111,428,88.5,12.7,2266,90.2,90.43,222,952,0,0.2000000000000028,6.45,107,152,124,147,302,326,292,19.492,-19.492,70.5,7.4,2.735336708,433,358,72,22,2,15,72,16.6,0,0,2.22,0.62,0.38,0.1,91.4,146.0,37.95013850415512,6.3711911357340725,5.311778290993072,5.72,-0.62,0.16,2.37,0.258,23.0,-2.047478992,0.243,0.391,2.047478992,0.015,0.015,0.034,0.021,23.3,37.6,9.137634219003226,2.2923923929697345,33.7333462015711,0.5519828510182208,37.27721895802854,21.19379424921114
951,593428,"Bogaerts, Xander",2291,41.5,0.241,0.116,0.264,0.357,0.256,0.281,0.26,116,482,89.4,6.8,2285,90.1,90.33,220,951,0,0.2000000000000028,6.49,108,151,122,146,302,323,292,37.346,-37.346,70.1,7.2,3.402015307,487,406,85,18,1,12,81,16.6,0,0,2.34,0.51,0.44,0.11,92.4,127.0,41.9753086419753,5.679012345679013,4.722792607802875,5.64,-0.85,0.07,2.38,0.238,23.0,-3.927024185,0.26,0.394,3.927024185,-0.019,-0.022,-0.037,-0.025,23.1,35.3,9.93159149169162,-3.979884282095118,32.44417341421386,0.5150060024009604,37.7275455865255,32.86775860515046
947,514888,"Altuve, Jose",1938,48.9,0.269,0.165,0.286,0.434,0.3,0.255,0.242,124,461,84.5,10.0,2311,89.9,89.97,205,947,0,0.0999999999999943,6.44,105,151,109,145,290,323,290,17.931,-17.931,65.7,7.5,2.894906999,465,395,82,24,2,16,70,15.1,0,0,2.37,0.5,0.29,0.13,91.0,136.0,31.806615776081426,4.325699745547073,3.655913978494624,5.77,-0.98,0.05,2.03,0.267,17.0,-1.89345301,0.241,0.354,1.89345301,0.027,0.026,0.08,0.045,21.6,37.2,12.922444860549437,-1.2044711557142014,27.956362681228725,0.5270718232044199,41.49171884226577,27.3234315908242
946,695578,"Wood, James",2543,37.2,0.3,0.282,0.338,0.582,0.371,0.403,0.311,130,433,95.2,8.8,2256,89.2,89.53,283,946,0,0.2999999999999971,6.43,119,147,128,151,299,327,307,11.043,-11.043,74.0,7.3,3.389617484,437,326,69,30,1,30,111,25.4,0,0,2.4,0.5,0.27,-0.11,94.3,164.0,58.58895705521472,19.32515337423313,14.416475972540049,5.8,-0.32,0.0,2.43,0.297,63.0,-1.167336152,0.312,0.638,1.167336152,-0.011,-0.015,-0.056,-0.032,29.9,37.8,9.914934406356917,2.3427077908690497,39.48934445162351,0.4130202774813233,36.10433057972521,33.75404140039538
944,807712,"Keaschall, Luke",2221,42.5,0.293,0.114,0.314,0.407,0.3,0.272,0.261,141,481,84.9,17.4,2294,89.8,90.07,160,944,0,0.2999999999999971,6.47,108,151,118,146,301,322,287,20.836,-20.836,66.6,6.6,3.048457913,490,431,105,26,1,9,59,12.0,0,0,2.3,0.59,0.33,0.07,91.0,153.0,29.13752913752914,3.263403263403263,2.857142857142857,5.73,-0.58,0.12,2.36,0.289,14.0,-2.20720339,0.259,0.377,2.20720339,0.032,0.0299999999999999,0.03,0.028,16.9,37.0,10.160004008334967,-3.59962044090532,37.3642510482845,0.4919908466819222,36.5856758003462,32.90780571113504
942,656775,"Mullins, Cedric",1883,50.0,0.21,0.144,0.223,0.354,0.239,0.221,0.198,85,404,84.6,21.9,2285,90.1,90.23,208,942,0,0.1000000000000085,6.43,112,145,101,150,289,324,297,42.126,-42.126,67.4,7.2,1.862362123,417,338,58,10,3,14,76,18.2,0,0,2.2,0.7,0.39,-0.22,91.0,163.0,31.47058823529412,4.117647058823529,3.357314148681055,5.71,-0.89,-0.05,2.29,0.208,14.0,-4.471974522,0.196,0.323,4.471974522,0.012,0.0119999999999999,0.031,0.018,22.1,36.7,10.628929357155796,-7.468073671026905,30.35419667194849,0.5976267529665588,34.35092036423682,27.56087322241845
940,808959,"Murakami, Munetaka",2353,39.9,0.227,0.292,0.261,0.518,0.313,0.299,0.221,87,384,93.5,15.4,2280,89.3,89.49,400,940,0,0.2000000000000028,6.43,116,145,130,151,294,329,303,23.391,-23.391,72.5,7.8,3.731524258,385,243,40,14,1,32,142,36.9,0,0,2.4,0.52,0.26,-0.13,93.5,170.0,55.14403292181071,18.51851851851852,11.688311688311687,5.76,-0.6,-0.07,2.22,0.226,45.0,-2.488404255,0.22,0.494,2.488404255,0.006,0.006,0.024,0.014,42.6,36.8,18.698311237638396,1.1753860872289954,36.06923222029855,0.4420600858369098,36.62992532426334,32.56772242022114
934,805300,"Marsee, Jakob",2307,40.5,0.253,0.141,0.283,0.394,0.278,0.266,0.254,115,454,85.5,15.7,2259,90.5,90.6,168,934,0,0.0999999999999943,6.43,116,146,107,151,290,320,298,29.368,-29.368,66.5,6.5,5.087870626,461,384,79,19,6,11,77,16.7,0,0,2.12,0.71,0.43,-0.36,91.1,156.0,35.170603674540686,3.674540682414698,3.036876355748373,5.65,-1.01,0.05,2.33,0.253,14.0,-3.144325482,0.254,0.364,3.144325482,-0.001,-0.001,0.03,0.012,18.0,37.1,5.387105024814559,-6.228089572952012,32.47662652086631,0.4394273127753303,35.81705844692576,32.57963217971924
925,665161,"Peña, Jeremy",1680,55.1,0.282,0.201,0.325,0.483,0.326,0.305,0.275,116,412,88.5,12.8,2305,89.6,89.77,293,925,0,0.2000000000000028,6.44,109,152,119,147,298,327,291,10.826,-10.826,70.7,7.4,4.481957471,414,315,75,19,2,20,99,23.9,0,0,2.38,0.51,0.29,0.06,91.9,139.0,39.36507936507937,6.984126984126984,5.314009661835748,5.8,-1.17,0.11,2.3,0.28,22.0,-1.170378378,0.275,0.438,1.170378378,0.007,0.005,0.045,0.021,31.7,37.7,11.919007195142786,-6.652246564423303,30.941261295879578,0.5786026200873362,36.88047011295674,31.216911488737303
923,641343,"Bauers, Jake",2310,40.0,0.297,0.251,0.336,0.547,0.358,0.346,0.285,122,411,92.2,12.1,2261,89.6,89.88,268,923,0,0.3000000000000113,6.41,115,146,117,150,295,323,300,7.589,-7.589,74.3,7.6,3.079729541,413,312,73,21,2,26,101,24.5,0,0,2.39,0.56,0.39,-0.15,93.0,167.0,53.07443365695793,14.239482200647249,10.653753026634384,5.72,-0.68,0.06,2.34,0.295,44.0,-0.822210184,0.285,0.529,0.822210184,0.012,0.01,0.018,0.012,29.0,37.9,9.977224133967477,0.3152661710195937,34.69382105245648,0.4673423423423423,35.87022466035056,27.73483166935521
919,671976,"Peters, Tristan",1706,53.9,0.284,0.187,0.317,0.471,0.322,0.283,0.26,114,401,84.0,15.2,2254,89.9,90.24,216,919,0,0.2999999999999971,6.46,113,145,103,151,288,322,297,12.759,-12.759,65.9,6.7,2.303711224,407,338,67,31,4,12,69,17.0,0,0,2.35,0.52,0.39,-0.26,91.3,148.0,33.82789317507419,5.637982195845697,4.668304668304668,5.81,-1.4,-0.04,2.28,0.283,19.0,-1.38835691,0.259,0.403,1.38835691,0.024,0.0239999999999999,0.068,0.039,23.5,38.1,11.26904954796214,-4.209316690518343,30.763830509344853,0.5207166853303471,38.91216310100309,30.1362780888906
917,802415,"Simpson, Chandler",1910,48.0,0.32,0.052,0.333,0.372,0.301,0.255,0.272,172,537,80.6,-1.7,2233,90.6,90.66,95,917,0,0.1000000000000085,6.44,101,142,89,143,272,309,294,21.575,-21.575,60.9,6.3,2.418908668,552,525,150,16,6,0,27,4.9,0,0,2.07,0.76,0.55,-0.24,89.5,120.0,13.5755258126195,0.0,0.0,5.76,-0.49,0.04,2.48,0.317,0.0,-2.352780807,0.273,0.311,2.352780807,0.048,0.0439999999999999,0.061,0.046,10.4,37.2,2.56156479488319,1.0982324641369108,29.18175312221693,0.3411896745230078,38.954835358651934,21.187824772464264
916,592885,"Yelich, Christian",2033,45.1,0.249,0.148,0.309,0.397,0.275,0.28,0.244,101,406,88.4,3.6,2315,90.0,90.29,269,916,0,0.2999999999999971,6.42,115,147,116,150,295,324,304,35.728,-35.728,71.2,7.5,3.336055246,411,303,65,23,2,11,108,26.3,0,0,2.29,0.61,0.3,-0.07,91.6,143.0,43.70860927152318,9.271523178807946,6.81265206812652,5.7,-0.87,0.06,2.28,0.246,28.0,-3.900436681,0.245,0.405,3.900436681,0.005,0.001,-0.008,-0.005,29.4,37.4,10.506765758633954,9.071783336540314,36.87182423553195,0.429073856975381,37.61487522366003,25.46173194478383
908,686527,"Canzone, Dominic",1915,47.4,0.281,0.24,0.294,0.521,0.339,0.344,0.29,118,420,91.2,10.5,2210,89.3,89.56,245,908,0,0.2999999999999971,6.43,116,146,120,151,291,325,302,7.787,-7.787,72.7,7.3,3.601091691,423,348,65,27,4,22,75,17.7,0,0,2.38,0.53,0.42,-0.32,92.7,152.0,45.11494252873563,12.06896551724138,9.929078014184398,5.72,-0.92,-0.02,2.21,0.279,42.0,-0.857599119,0.289,0.524,0.857599119,-0.009,-0.0099999999999999,-0.003,-0.005,27.0,38.0,12.480845616532962,-0.781425136714577,32.17902935489502,0.5298672566371682,38.869529870446165,37.36376764149758
908,683083,"Nuñez, Nasim",1917,47.4,0.222,0.035,0.269,0.258,0.21,0.229,0.235,88,396,82.0,6.7,2234,90.5,90.83,195,908,0,0.2999999999999971,6.45,108,146,102,147,288,314,294,46.402,-46.402,64.6,6.5,2.022555915,407,334,79,5,3,1,73,17.9,0,0,2.12,0.7,0.5,-0.49,89.9,145.0,21.45015105740181,0.906344410876133,0.7371007371007371,5.74,-0.74,0.02,2.24,0.221,3.0,-5.110352423,0.235,0.291,5.110352423,-0.013,-0.0139999999999999,-0.033,-0.019,21.5,36.5,2.664386022978092,5.023012036125954,32.116264085150576,0.3829787234042553,37.30992554442893,27.46457430260197
908,680757,"Kwan, Steven",2520,36.0,0.297,0.069,0.31,0.366,0.288,0.284,0.294,146,492,82.1,11.8,2280,90.7,90.99,76,908,0,0.2999999999999971,6.47,115,147,106,150,277,313,298,21.444,-21.444,60.1,6.0,2.071596946,499,468,120,21,2,3,31,6.2,0,0,2.09,0.72,0.46,-0.18,89.3,160.0,10.300429184549357,0.4291845493562232,0.4008016032064128,5.69,-0.63,-0.11,2.28,0.295,2.0,-2.361674009,0.293,0.363,2.361674009,0.003,0.002,0.003,0.004,8.4,36.6,0.4311242909801812,0.3598631891919376,36.35556446711093,0.2976054732041049,32.648773011751004,26.99152719124692
899,683146,"Baty, Brett",1837,48.9,0.255,0.142,0.306,0.398,0.278,0.295,0.258,95,372,90.2,12.7,2269,90.3,90.51,266,899,0,0.2000000000000028,6.43,117,147,118,151,293,325,303,28.243,-28.243,73.2,7.4,3.195335311,378,288,63,21,1,10,89,23.5,0,0,2.19,0.65,0.4,-0.32,92.0,164.0,41.522491349480966,10.034602076124568,7.671957671957672,5.72,-1.11,0.0,2.37,0.252,29.0,-3.14160178,0.257,0.435,3.14160178,-0.003,-0.005,-0.037,-0.017,29.6,36.8,10.147424817876637,2.778745359584397,37.4613849569848,0.4594594594594595,38.298960942057725,28.982830226710696
899,676609,"Caballero, José",1783,50.4,0.25,0.146,0.281,0.396,0.275,0.261,0.245,94,376,81.0,12.1,2246,90.1,90.46,250,899,0,0.4000000000000057,6.51,103,149,106,145,297,321,286,21.185,-21.185,64.8,6.6,2.918725435,385,303,67,13,0,14,82,21.3,0,0,2.19,0.66,0.37,0.03,90.2,144.0,26.072607260726077,4.29042904290429,3.3766233766233764,5.77,-0.41,0.14,2.26,0.247,13.0,-2.35650723,0.244,0.361,2.35650723,0.005,0.003,0.035,0.014,27.8,39.4,8.493181115437995,-0.8405790154680508,31.17988618589681,0.4960091220068415,33.83706719073514,32.81192743931349
898,553993,"Suárez, Eugenio",1970,45.6,0.236,0.242,0.269,0.478,0.301,0.273,0.225,87,368,88.4,21.2,2305,90.8,91.05,303,898,0,0.2999999999999971,6.51,107,152,123,146,300,325,293,18.304,-18.304,69.6,7.7,3.630791899,371,258,46,17,0,24,113,30.5,0,0,2.22,0.59,0.43,0.23,91.4,156.0,36.36363636363637,11.857707509881422,8.086253369272237,5.66,-0.85,0.15,2.23,0.235,30.0,-2.03830735,0.226,0.414,2.03830735,0.011,0.0089999999999999,0.064,0.028,33.7,36.3,17.43136941099306,-3.110177104678069,39.13380491738245,0.4881889763779528,34.37909863536553,33.69667314587384
897,665750,"Taveras, Leody",1856,48.3,0.234,0.134,0.285,0.368,0.258,0.245,0.229,91,389,84.0,12.0,2197,89.5,89.76,220,897,0,0.2999999999999971,6.47,110,147,107,149,297,323,296,34.244,-34.244,68.1,7.1,2.588108075,399,308,61,16,6,8,91,22.8,0,0,2.32,0.58,0.41,-0.41,90.8,152.0,33.006535947712415,3.92156862745098,3.007518796992481,5.73,-0.53,-0.08,2.33,0.233,12.0,-3.81761427,0.23,0.34,3.81761427,0.005,0.003,0.028,0.013,24.5,37.6,4.651809374745999,-8.893908764659905,33.81482983778461,0.3656036446469248,36.38379538352648,31.482298124365933
894,669003,"Mitchell, Garrett",2046,43.7,0.304,0.184,0.391,0.488,0.339,0.35,0.306,117,385,93.0,2.3,2271,89.9,90.18,320,894,0,0.2999999999999971,6.45,115,146,109,150,293,323,302,15.718,-15.718,75.6,7.2,2.560438926,388,284,72,30,4,11,104,26.8,0,0,2.32,0.59,0.39,-0.22,93.2,153.0,52.816901408450704,11.971830985915492,8.762886597938143,5.73,-1.02,-0.02,2.37,0.303,34.0,-1.758165548,0.306,0.515,1.758165548,-0.002,-0.003,-0.027,-0.011,35.8,37.0,8.108749397117288,7.063396355327792,30.56698736527921,0.5540229885057472,37.967746213292905,28.37508160902237
892,803011,"Antonacci, Sam",2102,42.4,0.282,0.127,0.311,0.409,0.297,0.299,0.289,124,440,87.0,9.4,2255,91.0,91.42,133,892,0,0.4000000000000057,6.52,116,146,109,150,286,321,302,24.971,-24.971,67.7,6.5,1.446168573,445,384,88,24,4,8,61,13.7,0,0,2.11,0.67,0.44,-0.28,91.0,154.0,32.98429319371728,4.973821989528796,4.269662921348314,5.8,-1.14,-0.06,2.36,0.281,19.0,-2.799439462,0.288,0.408,2.799439462,-0.007,-0.0069999999999999,0.001,-0.002,14.9,37.3,6.613548424315997,8.715430198147228,38.650320336053454,0.4467353951890034,33.59492454989691,30.21992325719012
891,660670,"Acuña Jr., Ronald",1819,49.0,0.269,0.211,0.298,0.48,0.318,0.333,0.272,102,379,89.6,16.0,2261,91.1,91.48,261,891,0,0.4000000000000057,6.51,109,152,124,147,311,329,298,20.865,-20.865,73.2,7.5,2.040063967,382,295,63,18,1,20,87,22.8,0,0,2.03,0.75,0.48,0.18,92.1,156.0,44.06779661016949,12.88135593220339,9.947643979057592,5.79,-0.56,0.01,2.29,0.267,38.0,-2.341750842,0.272,0.513,2.341750842,-0.003,-0.005,-0.033,-0.015,29.3,38.0,9.89231527233698,5.977301777675282,37.32318218728198,0.5126436781609195,34.36569471499439,29.513569108381677
884,606192,"Hernández, Teoscar",1871,47.2,0.281,0.165,0.344,0.446,0.31,0.312,0.272,112,399,90.3,13.7,2261,90.0,90.29,288,884,0,0.2999999999999971,6.39,107,152,123,147,305,324,295,17.619,-17.619,70.8,7.7,3.409638268,402,297,78,17,2,15,105,26.1,0,0,2.26,0.58,0.39,0.05,92.2,162.0,45.608108108108105,10.472972972972974,7.711442786069651,5.7,-0.65,0.0,2.36,0.279,31.0,-1.993099548,0.272,0.459,1.993099548,0.009,0.007,-0.013,-0.002,32.6,36.4,10.127125555510776,2.084105654954504,33.22696141843185,0.5178365937859609,38.65403595439677,29.31130443178825
884,643217,"Benintendi, Andrew",1701,52.0,0.257,0.182,0.289,0.439,0.294,0.289,0.257,99,385,88.9,17.5,2239,89.9,90.25,247,884,0,0.3999999999999915,6.47,117,146,115,151,291,324,299,21.62,-21.62,68.0,7.0,3.138589582,391,309,59,24,2,14,82,21.0,0,0,2.32,0.55,0.4,-0.35,91.6,167.0,45.42483660130719,8.49673202614379,6.649616368286446,5.8,-1.42,-0.09,2.19,0.254,26.0,-2.445701357,0.254,0.424,2.445701357,0.0,0.0,0.015,0.005,27.9,37.6,15.368062202396152,-4.29643312567458,30.80296664255873,0.5102974828375286,33.1960776439064,34.95549769753594
880,683953,"Bazzana, Travis",1965,44.8,0.261,0.171,0.283,0.432,0.293,0.261,0.241,105,403,87.3,14.9,2289,91.0,91.28,209,880,0,0.2999999999999971,6.46,115,145,108,150,289,321,299,25.608,-25.608,66.8,6.9,2.936087033,408,333,68,20,2,15,75,18.4,0,0,2.13,0.65,0.46,-0.15,91.4,161.0,36.63663663663664,5.105105105105105,4.166666666666666,5.66,-0.63,0.03,2.2,0.257,17.0,-2.91,0.239,0.371,2.91,0.02,0.018,0.061,0.032,23.8,36.3,9.251118112516233,0.0806710619667889,33.62390299832102,0.4822274881516588,35.27973123171913,33.07929466590205
873,800050,"DeLauter, Chase",2070,42.2,0.307,0.176,0.319,0.482,0.337,0.32,0.293,138,450,91.4,11.6,2263,90.3,90.52,130,873,0,0.2000000000000028,6.45,116,146,125,150,290,323,301,17.813,-17.813,69.5,7.1,2.447931024,453,401,92,28,3,15,52,11.5,0,0,2.2,0.64,0.42,-0.15,92.5,154.0,46.25,6.25,5.518763796909492,5.66,-0.55,0.01,2.38,0.305,25.0,-2.040435281,0.294,0.45,2.040435281,0.014,0.011,0.032,0.017,14.9,36.6,3.967995864199557,1.7095146025650203,29.135866932649368,0.4267441860465116,37.27722556000082,28.419799077035595
871,666160,"Moniak, Mickey",1481,58.8,0.251,0.251,0.279,0.501,0.312,0.26,0.219,95,379,89.6,21.5,2248,89.3,89.87,265,871,0,0.6000000000000085,6.42,116,146,114,151,298,331,304,7.454,-7.454,72.8,7.8,3.238397752,386,284,50,17,6,22,102,26.4,0,0,2.44,0.44,0.29,-0.22,92.1,161.0,41.19718309859155,9.507042253521126,6.994818652849741,5.69,-1.21,0.0,2.25,0.246,27.0,-0.855797933,0.217,0.4,0.855797933,0.032,0.0289999999999999,0.101,0.052,30.4,37.0,13.53662920763546,-5.98378851486126,33.52165968093708,0.4877764842840512,38.93828339256204,29.68931082480305
866,702222,"Crawford, Justin",1620,53.5,0.279,0.098,0.317,0.377,0.282,0.267,0.27,108,387,85.3,0.7,2269,90.9,91.18,155,866,0,0.2999999999999971,6.45,112,147,101,149,284,318,299,21.673,-21.673,66.5,6.8,1.730013873,397,340,81,19,5,3,57,14.4,0,0,2.14,0.65,0.46,-0.39,91.0,150.0,35.60830860534125,1.7804154302670625,1.5113350125944585,5.72,-1.33,0.08,2.31,0.276,6.0,-2.502655889,0.27,0.344,2.502655889,0.009,0.006,0.033,0.015,17.9,36.6,1.6901883542845475,10.868328397869131,28.84380841497108,0.3612750885478158,41.5657139208618,20.436247743586573
863,681715,"Hernández, Heriberto",1913,45.1,0.246,0.228,0.268,0.475,0.306,0.327,0.263,97,394,91.1,13.2,2290,89.6,89.75,283,863,0,0.1000000000000085,6.4,108,151,122,146,304,324,293,19.462,-19.462,72.1,7.7,3.674262074,395,296,56,16,1,24,99,25.1,0,0,2.28,0.62,0.33,0.13,92.8,157.0,46.95945945945946,12.837837837837837,9.620253164556962,5.7,-0.54,0.09,2.38,0.246,38.0,-2.255156431,0.265,0.507,2.255156431,-0.017,-0.019,-0.032,-0.021,32.8,37.7,13.133211670567194,-1.5648782796908431,26.722017728275603,0.6220657276995305,37.6654100505679,32.94842317203745
862,621493,"Ward, Taylor",2517,34.2,0.252,0.098,0.285,0.35,0.259,0.29,0.272,110,437,88.7,14.7,2265,90.2,90.53,169,862,0,0.2999999999999971,6.46,108,152,124,147,304,325,290,36.393,-36.393,66.6,6.8,2.702225092,440,368,82,20,1,7,72,16.4,0,0,2.19,0.64,0.38,0.03,91.3,163.0,38.25136612021858,5.191256830601093,4.318181818181818,5.7,-0.48,0.06,2.32,0.25,19.0,-4.221925754,0.271,0.407,4.221925754,-0.02,-0.021,-0.057,-0.031,19.6,36.0,5.88688682106016,1.36113720636239,30.934891729680785,0.444311377245509,35.411235352501926,30.73587371596375
858,596019,"Lindor, Francisco",1861,46.1,0.232,0.208,0.241,0.441,0.286,0.294,0.246,88,379,91.2,19.1,2245,89.9,90.03,215,858,0,0.0999999999999943,6.45,116,148,120,150,296,325,299,24.37,-24.37,70.9,7.5,2.538938388,379,302,53,11,4,20,77,20.3,0,0,2.25,0.62,0.4,-0.4,92.4,161.0,48.837209302325576,8.970099667774086,7.12401055408971,5.7,-0.68,0.02,2.19,0.232,27.0,-2.84032634,0.246,0.447,2.84032634,-0.014,-0.0139999999999999,-0.006,-0.008,25.1,37.4,13.24390264684082,-3.2692964612053,33.67879782344625,0.538552787663108,35.046899247298654,30.97550072635724
855,691026,"Winn, Masyn",2063,41.4,0.248,0.09,0.293,0.338,0.251,0.266,0.261,108,435,87.9,11.1,2313,90.1,90.3,199,855,0,0.2000000000000028,6.43,107,150,115,147,305,322,290,33.069,-33.069,69.6,7.2,3.054105249,442,357,81,20,2,5,85,19.2,0,0,2.25,0.6,0.32,0.1,91.3,156.0,34.831460674157306,3.3707865168539324,2.7149321266968327,5.66,-0.85,0.1,2.24,0.244,12.0,-3.867719298,0.263,0.35,3.867719298,-0.013,-0.019,-0.012,-0.015,23.3,36.2,5.161354625101081,1.2468926004763077,28.08915028302295,0.4107142857142857,33.99686428409348,32.704585645805565
854,621020,"Swanson, Dansby",1806,47.3,0.232,0.204,0.247,0.436,0.281,0.275,0.238,90,388,89.5,15.8,2274,89.1,89.38,258,854,0,0.3000000000000113,6.43,107,150,118,145,302,323,293,25.216,-25.216,69.7,7.5,3.263237425,393,308,52,16,3,19,85,21.6,0,0,2.42,0.53,0.3,0.02,91.7,146.0,41.69381107491857,7.491856677524431,5.852417302798982,5.69,-0.56,0.07,2.31,0.23,23.0,-2.952693208,0.237,0.414,2.952693208,-0.006,-0.0069999999999999,0.022,0.006,30.2,36.7,14.550458513021187,-3.2739151529351065,34.703086179297955,0.5372781065088758,36.52007161055501,33.22781477926091
851,805999,"Ewing, A.J.",1831,46.5,0.279,0.133,0.332,0.411,0.295,0.304,0.281,107,384,88.4,10.2,2241,90.0,90.15,207,851,0,0.0999999999999943,6.41,117,147,109,151,290,323,302,24.345,-24.345,67.6,6.3,3.236077239,392,306,77,19,1,10,86,21.9,0,0,2.28,0.59,0.45,-0.25,91.3,154.0,42.29508196721312,6.885245901639345,5.357142857142857,5.72,-0.75,-0.06,2.27,0.276,21.0,-2.860752056,0.28,0.432,2.860752056,-0.002,-0.004,-0.021,-0.009,24.3,36.9,7.882117625871534,-0.4029409908193225,36.84542352847641,0.3793517406962785,32.349012534659515,31.8268530667708
850,545121,"Vargas, Ildemaro",1685,50.4,0.261,0.129,0.266,0.39,0.28,0.28,0.275,113,433,86.7,10.3,2212,89.6,89.75,126,850,0,0.2000000000000028,6.37,112,148,112,150,292,322,297,21.754,-21.754,68.5,7.3,3.523893924,437,401,80,19,5,9,35,8.0,0,0,2.32,0.55,0.42,-0.42,91.6,137.0,34.82587064676617,3.233830845771144,2.9748283752860414,5.68,-0.68,-0.04,2.34,0.26,13.0,-2.559294118,0.275,0.374,2.559294118,-0.014,-0.015,0.016,0.0,14.8,35.9,5.170645712566817,-5.275808368942029,22.82341962484632,0.4993819530284301,35.66487086569985,27.45461968028036
843,664770,"Lukes, Nathan",1684,50.1,0.287,0.118,0.303,0.405,0.298,0.268,0.265,107,373,85.0,7.4,2238,90.9,91.18,137,843,0,0.2999999999999971,6.48,116,147,111,151,285,319,301,22.9,-22.9,65.0,6.2,1.770564441,383,337,83,14,0,10,46,12.0,0,0,2.16,0.63,0.49,-0.33,90.3,154.0,28.783382789317507,2.6706231454005933,2.349869451697128,5.64,-1.17,0.09,2.26,0.285,9.0,-2.716488731,0.263,0.359,2.716488731,0.022,0.0219999999999999,0.046,0.03,16.3,35.6,4.5778223623255325,8.98950478426548,30.132441203925087,0.4169741697416974,37.85644001619959,25.36255127031947
841,680574,"McLain, Matt",1927,43.6,0.198,0.162,0.227,0.361,0.237,0.267,0.233,77,388,86.3,19.5,2315,90.3,90.57,240,841,0,0.2999999999999971,6.5,107,151,115,146,303,323,289,40.543,-40.543,69.1,6.8,2.93515779,393,291,44,18,0,15,102,26.0,0,0,2.21,0.64,0.39,0.11,91.1,172.0,36.80555555555556,9.375,6.870229007633588,5.71,-0.87,0.1,2.25,0.197,27.0,-4.820808561,0.232,0.398,4.820808561,-0.035,-0.035,-0.037,-0.03,28.5,36.6,10.1283038435605,1.1123175115008643,31.158998439680392,0.5608272506082725,36.34187757762684,30.22476368048941
841,669127,"Langeliers, Shea",1664,50.5,0.285,0.238,0.297,0.523,0.344,0.354,0.292,105,369,91.5,18.6,2263,89.3,89.43,240,841,0,0.1000000000000085,6.4,107,151,124,146,303,327,297,8.734,-8.734,74.0,7.2,3.795881001,370,299,63,19,0,23,71,19.2,0,0,2.37,0.54,0.29,-0.09,92.7,173.0,44.14715719063545,14.046822742474916,11.351351351351353,5.76,-0.73,0.14,2.26,0.284,42.0,-1.038525565,0.291,0.547,1.038525565,-0.007,-0.007,-0.024,-0.01,28.5,36.9,11.150079645918437,-0.5295355835118275,31.09905490507607,0.5894465894465895,40.74735915706108,33.76719662797955
838,687859,"Johnston, Troy",1601,52.3,0.289,0.119,0.34,0.408,0.298,0.288,0.285,109,377,89.2,12.6,2272,89.2,89.73,204,838,0,0.5,6.4,115,146,112,151,295,330,306,19.854,-19.854,68.6,6.6,2.696625076,383,314,73,31,1,4,69,18.0,0,0,2.42,0.49,0.31,-0.25,91.2,168.0,37.29903536977492,2.2508038585209005,1.827676240208877,5.67,-0.92,-0.05,2.31,0.285,7.0,-2.369212411,0.282,0.389,2.369212411,0.004,0.003,0.019,0.01,24.3,36.4,9.138963440795424,0.4078657317731241,34.143488561036094,0.4059775840597758,34.972194151315264,32.65481598554873
836,687093,"Grissom, Vaughn",1709,48.9,0.248,0.153,0.266,0.401,0.275,0.279,0.252,94,379,87.1,12.2,2269,89.5,89.68,188,836,0,0.2000000000000028,6.45,108,151,120,146,307,323,291,16.944,-16.944,68.8,7.1,3.459028643,387,321,60,22,0,12,65,16.8,0,0,2.37,0.54,0.35,0.01,91.2,154.0,35.714285714285715,6.832298136645963,5.684754521963824,5.81,-0.45,0.16,2.33,0.244,22.0,-2.026794258,0.253,0.395,2.026794258,-0.004,-0.009,0.006,-0.004,22.5,39.4,7.932662319980788,-0.0615581983953207,34.79692364681918,0.44180225281602,37.65523182982143,28.881844568929925
835,694671,"Langford, Wyatt",1795,46.5,0.268,0.212,0.285,0.48,0.319,0.297,0.259,95,354,88.9,20.1,2231,89.8,90.07,207,835,0,0.2999999999999971,6.46,107,151,122,146,304,328,295,16.371,-16.371,71.0,6.8,3.715233689,354,291,56,20,2,17,63,17.8,0,0,2.27,0.59,0.36,0.1,92.0,162.0,37.11340206185567,7.903780068728522,6.497175141242938,5.71,-0.34,0.05,2.31,0.268,23.0,-1.960598802,0.259,0.438,1.960598802,0.009,0.009,0.042,0.022,24.8,36.9,12.306934070038412,-4.988901140805058,31.164780078876245,0.5072992700729927,35.619438283753354,32.79306142931743
834,703607,"Bolte, Henry",1676,49.8,0.3,0.136,0.374,0.436,0.317,0.293,0.27,106,353,90.3,0.2,2259,90.4,90.59,277,834,0,0.1999999999999886,6.37,107,151,117,147,304,325,290,20.051,-20.051,74.8,7.5,2.866172226,356,266,81,13,1,11,90,25.3,0,0,2.21,0.62,0.45,0.12,93.0,131.0,48.1203007518797,7.894736842105263,5.8988764044943816,5.8,-0.6,0.04,2.37,0.299,21.0,-2.404196643,0.27,0.411,2.404196643,0.03,0.0289999999999999,0.025,0.024,33.2,38.1,5.925874448309647,6.58640473720716,32.849258194138784,0.4167725540025413,35.88277674821515,25.226026839634287
834,686469,"Pasquantino, Vinnie",1817,45.9,0.261,0.173,0.263,0.434,0.294,0.307,0.27,97,371,89.8,20.2,2279,90.0,90.22,128,834,0,0.2000000000000028,6.4,118,145,122,150,296,327,302,21.0,-21.0,68.9,7.2,3.12784593,376,330,63,18,2,14,46,12.2,0,0,2.29,0.58,0.33,-0.25,92.4,170.0,42.24924012158054,9.118541033434653,7.978723404255319,5.73,-0.74,-0.02,2.44,0.258,30.0,-2.517985612,0.268,0.457,2.517985612,-0.009,-0.01,-0.023,-0.013,15.3,38.7,10.586147372957594,-7.994920468592614,29.159988892907567,0.5579710144927537,40.26041886691159,30.969991941925496
831,671218,"Ramos, Heliot",1651,50.3,0.253,0.176,0.309,0.43,0.292,0.311,0.267,92,363,92.1,6.4,2273,90.2,90.6,244,831,0,0.3999999999999915,6.46,108,151,122,147,305,325,291,22.212,-22.212,71.1,6.7,2.833564935,364,269,57,19,3,13,95,26.1,0,0,2.24,0.62,0.38,0.09,92.4,162.0,49.24812030075188,13.909774436090224,10.164835164835164,5.78,-0.76,0.0,2.34,0.253,37.0,-2.672924188,0.266,0.466,2.672924188,-0.014,-0.013,-0.036,-0.019,29.4,38.2,6.705436115338893,7.336474321439537,33.32495414116599,0.4738124238733252,37.55926532515638,25.476592833518264
830,686681,"Massey, Michael",1565,53.0,0.281,0.166,0.302,0.446,0.309,0.293,0.263,110,392,88.3,14.1,2240,90.3,90.65,166,830,0,0.4000000000000057,6.47,114,145,106,151,293,325,301,15.236,-15.236,69.9,7.0,2.704899456,400,337,72,24,1,13,63,15.8,0,0,2.18,0.64,0.41,-0.25,91.6,166.0,39.7626112759644,5.934718100890208,5.0,5.67,-1.04,0.03,2.23,0.277,20.0,-1.835662651,0.262,0.421,1.835662651,0.018,0.015,0.025,0.016,20.0,37.5,14.46912084846342,-0.4831891105929869,33.76451886309204,0.5644171779141104,38.17920324492143,29.772475802106975
825,691594,"Sanoja, Javier",1590,51.9,0.297,0.166,0.3,0.463,0.326,0.275,0.275,127,428,86.3,11.6,2277,89.7,89.67,100,825,0,0.0,6.32,105,150,109,146,300,317,284,2.77,-2.77,67.5,7.3,2.592312885,430,401,81,31,5,10,29,6.7,0,0,2.28,0.6,0.38,0.05,91.4,145.0,32.5,2.75,2.558139534883721,5.67,-0.62,0.09,2.2,0.296,11.0,-0.335757576,0.275,0.362,0.335757576,0.022,0.0209999999999999,0.101,0.051,12.1,37.1,4.43385687257105,-6.035832648805301,22.47160316525741,0.5031367628607277,35.398291052211576,30.20470643297448
825,691723,"Mayo, Coby",1772,46.6,0.247,0.26,0.275,0.507,0.318,0.325,0.254,90,365,91.4,19.0,2296,88.8,89.0,247,825,0,0.2000000000000028,6.43,108,152,124,146,302,326,293,11.618,-11.618,74.0,7.3,5.320580824,366,264,46,17,3,24,102,27.9,0,0,2.47,0.47,0.23,-0.1,93.4,168.0,48.10606060606061,13.636363636363637,9.836065573770492,5.75,-0.42,0.23,2.36,0.246,36.0,-1.408242424,0.255,0.518,1.408242424,-0.007,-0.009,-0.011,-0.007,29.9,37.2,13.151656827776122,-14.454914316916254,38.756120727324976,0.4688311688311688,36.20436564717909,36.37739308124014
825,663886,"Stephenson, Tyler",1850,44.6,0.271,0.182,0.312,0.453,0.306,0.309,0.261,98,362,91.0,18.3,2294,90.3,90.64,219,825,0,0.2999999999999971,6.5,107,151,122,147,305,325,292,23.197,-23.197,68.8,7.3,3.436811567,367,281,62,21,0,15,86,23.4,0,0,2.23,0.6,0.37,0.14,91.6,175.0,45.289855072463766,12.318840579710146,9.264305177111716,5.72,-0.87,0.09,2.44,0.267,34.0,-2.811757576,0.259,0.473,2.811757576,0.01,0.008,-0.02,-0.003,26.5,37.7,12.170786823480393,1.0933531996039791,37.57392136565915,0.5219023779724656,37.82806548197534,30.041708307326505
824,592663,"Realmuto, J.T.",1769,46.6,0.223,0.136,0.248,0.359,0.247,0.29,0.265,84,376,89.4,11.9,2238,90.8,91.17,202,824,0,0.4000000000000057,6.47,107,150,122,146,303,324,290,32.373,-32.373,71.4,7.4,2.94728217,382,305,55,18,0,11,77,20.2,0,0,2.12,0.67,0.47,0.18,92.0,161.0,40.26402640264026,5.6105610561056105,4.450261780104712,5.78,-0.82,0.1,2.4,0.22,17.0,-3.928762136,0.264,0.411,3.928762136,-0.042,-0.044,-0.052,-0.043,24.5,38.4,11.843601812836432,0.106596131588037,32.7402875427609,0.5325670498084292,37.49091232624403,28.71099386886976
811,592626,"Pederson, Joc",1732,46.8,0.246,0.263,0.249,0.51,0.318,0.307,0.253,88,357,91.9,16.0,2210,89.5,89.7,243,811,0,0.2000000000000028,6.46,120,146,122,152,299,329,302,14.607,-14.607,70.2,7.4,2.793582592,361,275,48,12,2,26,85,23.5,0,0,2.38,0.52,0.39,-0.32,92.7,168.0,50.72463768115942,11.231884057971014,8.587257617728532,5.72,-1.53,-0.13,2.36,0.244,31.0,-1.801109741,0.254,0.466,1.801109741,-0.007,-0.01,0.044,0.011,30.0,37.0,8.751524261970374,-1.4990343466360323,28.210139032365756,0.5374841168996188,33.605043113887376,28.403484184748788
811,805811,"Eldridge, Bryce",1881,43.1,0.291,0.207,0.344,0.499,0.336,0.333,0.281,104,357,92.7,13.7,2254,89.4,89.77,220,811,0,0.3999999999999915,6.4,117,146,128,152,297,328,304,8.181,-8.181,71.9,7.3,3.780126149,360,270,64,23,0,17,90,25.0,0,0,2.34,0.55,0.31,-0.11,92.6,159.0,52.41635687732342,11.524163568773234,8.61111111111111,5.73,-0.74,0.0,2.52,0.289,31.0,-1.008754624,0.28,0.505,1.008754624,0.01,0.0089999999999999,-0.006,0.003,27.1,37.8,11.1421562394902,-3.102823170206216,37.60657620061058,0.4080100125156445,35.686064671688094,27.85243937816891
809,689414,"Hicks, Liam",1959,41.3,0.298,0.158,0.288,0.456,0.321,0.279,0.271,132,443,84.1,14.4,2228,90.1,90.18,91,809,0,0.1000000000000085,6.38,116,146,116,150,289,320,299,10.504,-10.504,66.2,6.7,3.018866267,451,415,99,14,1,18,36,8.0,0,0,2.22,0.64,0.48,-0.36,91.1,140.0,26.98795180722892,3.855421686746989,3.547671840354768,5.6,-1.11,-0.11,2.26,0.293,16.0,-1.298393078,0.271,0.371,1.298393078,0.027,0.0219999999999999,0.085,0.042,11.2,35.3,6.270134569488399,-4.880321313013543,31.997593580871836,0.4571788413098236,34.21924424837797,29.506292603788285
806,691720,"Karros, Kyle",1816,44.4,0.281,0.177,0.306,0.458,0.314,0.313,0.28,100,356,89.3,13.0,2299,89.7,90.26,193,806,0,0.5999999999999943,6.42,107,151,122,147,307,329,295,17.397,-17.397,67.9,6.9,4.867689205,359,300,64,21,3,12,59,16.4,0,0,2.3,0.57,0.33,-0.02,91.8,158.0,40.80267558528429,8.361204013377927,6.963788300835655,5.68,-0.47,0.06,2.48,0.279,25.0,-2.158436725,0.281,0.448,2.158436725,0.001,-0.002,0.01,0.001,23.9,36.2,6.701810004423027,-6.092745492069096,37.84139182415056,0.4081364829396325,36.45966235871175,26.832218048350654
804,686555,"Collins, Isaac",2001,40.2,0.238,0.123,0.279,0.362,0.256,0.252,0.242,93,390,87.0,15.5,2228,90.5,90.78,174,804,0,0.2999999999999971,6.44,112,148,110,149,294,324,298,30.406,-30.406,70.1,6.6,3.0235298,396,321,60,24,3,6,75,18.9,0,0,2.11,0.72,0.45,-0.45,91.9,153.0,39.25233644859813,4.984423676012461,4.040404040404041,5.71,-0.54,0.0,2.23,0.237,16.0,-3.781840796,0.242,0.335,3.781840796,-0.004,-0.005,0.027,0.004,21.6,38.3,2.940269369669162,-5.123285443037261,28.38722346660471,0.3464467005076142,37.1321653591707,31.49124921365367
798,691016,"Soderstrom, Tyler",1753,45.5,0.265,0.246,0.272,0.511,0.328,0.302,0.266,97,366,90.7,11.1,2227,90.0,90.09,183,798,0,0.0999999999999943,6.38,117,147,121,151,295,326,304,14.004,-14.004,72.5,7.4,3.704549396,367,306,48,27,3,19,61,16.6,0,0,2.34,0.52,0.5,-0.2,92.4,153.0,45.57377049180328,9.508196721311474,7.901907356948229,5.72,-0.52,0.02,2.4,0.264,29.0,-1.754887218,0.265,0.445,1.754887218,-0.001,-0.001,0.066,0.026,22.9,36.2,9.823215436810358,-0.3860770685596735,28.618316901549303,0.5094594594594595,38.98250649930871,28.351868111726947
797,701762,"Kurtz, Nick",1884,42.3,0.288,0.256,0.363,0.543,0.354,0.345,0.274,90,313,93.1,11.8,2208,90.2,90.29,294,797,0,0.0999999999999943,6.35,118,147,129,152,301,331,306,5.15,-5.15,76.4,7.7,2.992515021,313,211,53,15,1,21,102,32.6,0,0,2.26,0.58,0.48,-0.11,93.4,169.0,57.345971563981045,18.009478672985782,12.140575079872203,5.78,-0.4,0.03,2.43,0.288,38.0,-0.646173149,0.274,0.544,0.646173149,0.014,0.0139999999999999,-0.001,0.009,36.9,36.5,11.652436749692116,5.734904929045445,37.697691375140245,0.4782608695652174,37.4211459266088,23.008665467039503
795,686611,"Crews, Dylan",1535,51.8,0.233,0.156,0.269,0.389,0.266,0.295,0.252,85,365,90.0,13.3,2262,90.3,90.81,239,795,0,0.5,6.46,107,150,119,146,307,323,295,24.877,-24.877,71.9,7.5,3.435160331,366,283,53,19,1,12,83,22.7,0,0,2.22,0.61,0.39,0.12,92.1,163.0,43.26241134751773,9.574468085106384,7.377049180327869,5.75,-0.73,0.05,2.35,0.232,27.0,-3.12918239,0.253,0.439,3.12918239,-0.019,-0.0209999999999999,-0.05,-0.029,30.1,37.2,8.331693083691029,-1.8691358878919613,28.276849547863076,0.4492939666238768,36.156624717679776,29.890008729067688
790,621439,"Buxton, Byron",1509,52.4,0.269,0.271,0.279,0.54,0.341,0.328,0.262,94,350,90.2,20.3,2251,89.6,89.83,247,790,0,0.2000000000000028,6.47,106,152,122,145,302,328,295,11.36,-11.36,72.5,7.9,3.739907595,352,272,50,18,1,25,80,22.7,0,0,2.34,0.54,0.38,0.1,92.8,162.0,46.86346863468634,15.867158671586717,12.215909090909092,5.78,-0.81,0.16,2.31,0.267,43.0,-1.437974684,0.262,0.516,1.437974684,0.007,0.005,0.024,0.013,31.3,37.8,13.28609246486695,-7.415133974295135,34.492729473262344,0.5433070866141733,37.48469884030431,28.08339706948685
789,663993,"Lowe, Nathaniel",1729,45.6,0.267,0.207,0.295,0.474,0.312,0.317,0.283,94,352,89.4,14.6,2274,91.6,91.98,173,789,0,0.4000000000000057,6.51,117,147,128,151,292,325,302,7.179,-7.179,72.7,7.5,2.646403456,357,278,55,22,0,17,79,22.1,0,0,2.06,0.69,0.47,-0.41,91.8,165.0,42.49084249084249,8.791208791208792,6.722689075630252,5.65,-1.51,0.05,2.54,0.263,24.0,-0.909885932,0.281,0.464,0.909885932,-0.016,-0.018,0.01,-0.005,21.9,35.9,7.571848870878377,4.816777952886821,29.1718387449564,0.535483870967742,37.042929487373534,28.290355357734807
787,608369,"Seager, Corey",1531,51.4,0.241,0.203,0.26,0.443,0.289,0.321,0.264,83,345,91.7,12.6,2211,89.8,90.03,260,787,0,0.2000000000000028,6.47,115,146,130,151,297,329,304,27.328,-27.328,69.9,6.6,3.301026721,348,268,49,16,0,18,80,23.0,0,0,2.36,0.51,0.42,-0.16,92.6,164.0,47.76119402985074,14.17910447761194,10.919540229885058,5.71,-0.49,-0.06,2.29,0.239,38.0,-3.472426938,0.262,0.501,3.472426938,-0.023,-0.023,-0.058,-0.032,33.0,36.7,14.077457059350111,4.0287812131519,33.59740149111907,0.5444015444015444,38.55335557629391,32.01064145323482
781,666139,"Lowe, Josh",1404,55.6,0.216,0.16,0.265,0.376,0.252,0.261,0.218,62,287,87.4,17.2,2197,90.2,90.34,246,781,0,0.0999999999999943,6.45,115,146,112,151,294,324,302,31.493,-31.493,70.7,7.3,2.03592003,291,203,40,10,0,12,88,30.2,0,0,2.25,0.61,0.41,-0.36,90.7,171.0,37.4384236453202,9.35960591133005,6.529209621993128,5.69,-1.32,0.01,2.29,0.215,19.0,-4.032394366,0.219,0.393,4.032394366,-0.002,-0.004,-0.017,-0.009,31.5,36.1,9.88608057646477,-2.431717836402693,37.645553730387725,0.4067357512953368,38.88701917140702,30.349008732639604
780,669477,"Schmitt, Casey",1453,53.7,0.283,0.221,0.291,0.504,0.333,0.354,0.301,105,371,89.9,21.5,2307,89.7,90.15,167,780,0,0.3999999999999915,6.45,106,151,122,147,302,326,294,4.178,-4.178,70.5,7.4,3.717534237,375,310,66,17,1,21,65,17.3,0,0,2.27,0.59,0.26,0.07,92.4,176.0,44.98381877022653,12.297734627831716,10.133333333333333,5.77,-0.7,0.13,2.29,0.28,38.0,-0.535641026,0.299,0.534,0.535641026,-0.018,-0.0189999999999999,-0.03,-0.021,21.4,38.4,8.535597856787883,-5.756945735558709,33.38144914434457,0.4682230869001297,33.94438266199889,30.8714943735706
775,682657,"Martínez, Angel",1432,54.1,0.27,0.223,0.289,0.493,0.324,0.301,0.27,93,345,86.1,14.2,2198,89.4,89.61,160,775,0,0.1999999999999886,6.42,110,147,108,149,290,320,294,10.98,-10.98,68.9,7.2,3.219621769,352,286,52,22,2,17,66,18.8,0,0,2.36,0.53,0.43,-0.43,91.6,148.0,35.66433566433567,7.6923076923076925,6.25,5.73,-0.66,-0.04,2.07,0.269,22.0,-1.416774194,0.27,0.437,1.416774194,0.0,-0.001,0.056,0.023,20.6,37.5,9.786227835416504,-6.629805740742664,34.63808850010439,0.4732620320855615,34.63402057658108,36.55528892956944
774,656811,"O'Hearn, Ryan",1648,47.0,0.28,0.19,0.302,0.47,0.319,0.294,0.263,102,364,89.1,13.7,2334,89.8,89.97,174,774,0,0.2000000000000028,6.36,116,146,124,151,296,322,301,15.474,-15.474,68.9,7.1,2.842824368,367,296,69,15,0,18,71,19.3,0,0,2.37,0.5,0.31,-0.12,91.6,155.0,42.22972972972973,6.756756756756757,5.449591280653951,5.68,-0.66,-0.01,2.33,0.278,20.0,-1.999224806,0.263,0.422,1.999224806,0.017,0.015,0.048,0.025,22.5,37.7,11.506184840660206,0.0588586529973536,31.841939533453328,0.437745740498034,39.39427416186377,27.001933666061017
771,656716,"McKinstry, Zach",1585,48.6,0.208,0.098,0.236,0.306,0.22,0.24,0.238,74,356,85.0,14.0,2220,90.0,90.42,131,771,0,0.4000000000000057,6.5,117,147,112,151,289,324,299,34.03,-34.03,65.9,6.5,2.493660087,361,303,51,15,4,4,58,16.1,0,0,2.26,0.62,0.46,-0.29,90.0,162.0,22.112211221122116,1.98019801980198,1.662049861495845,5.65,-1.11,0.0,2.29,0.207,6.0,-4.413748379,0.238,0.319,4.413748379,-0.03,-0.031,-0.013,-0.02,17.0,36.7,6.610753643825861,1.4500137509993365,37.60413177937348,0.3775372124492557,33.63420787697634,26.908192284125725
768,663757,"Grisham, Trent",1966,39.1,0.235,0.205,0.222,0.44,0.284,0.317,0.273,88,375,90.6,17.5,2213,90.9,91.19,140,768,0,0.2999999999999971,6.51,118,146,111,151,293,326,297,26.902,-26.902,69.0,7.3,2.82848929,380,333,49,19,2,18,46,12.1,0,0,2.11,0.69,0.49,-0.27,92.6,171.0,45.34534534534534,9.60960960960961,8.421052631578947,5.75,-0.75,0.06,2.29,0.232,32.0,-3.502864583,0.271,0.478,3.502864583,-0.038,-0.039,-0.038,-0.033,18.2,39.0,12.963250572416465,-0.3575230306064075,28.41311286878309,0.5962815405046481,39.15738747934539,25.659424225797174
768,672724,"Peraza, Oswald",1391,55.2,0.24,0.117,0.311,0.356,0.257,0.254,0.24,76,317,86.4,7.8,2269,89.5,89.56,232,768,0,0.0999999999999943,6.42,107,151,115,146,304,322,291,26.265,-26.265,70.0,7.4,3.546105472,319,230,55,12,2,7,89,27.9,0,0,2.35,0.57,0.35,0.03,91.4,136.0,36.24454148471616,6.11353711790393,4.38871473354232,5.79,-0.46,0.11,2.19,0.239,14.0,-3.419921875,0.239,0.353,3.419921875,0.0,0.0,0.003,0.003,30.2,38.9,4.95686928107895,-0.7582087672097112,28.153147156369705,0.4367509986684421,38.36574705397895,28.27870440124661
768,657757,"Sheets, Gavin",1776,43.2,0.223,0.188,0.229,0.411,0.269,0.274,0.244,75,336,87.4,12.8,2239,90.6,90.82,161,768,0,0.2000000000000028,6.47,117,146,126,151,293,324,302,25.316,-25.316,72.1,7.6,3.286179533,338,274,44,15,0,16,64,18.9,0,0,2.25,0.57,0.46,-0.37,91.9,155.0,38.68613138686132,6.934306569343065,5.621301775147929,5.6,-1.18,-0.12,2.38,0.222,19.0,-3.296354167,0.243,0.401,3.296354167,-0.021,-0.0209999999999999,0.01,-0.005,21.0,35.2,7.436062359119793,-5.202387339117267,28.25880071380968,0.4877717391304347,37.90683742050196,31.030304143205047
765,694212,"Basallo, Samuel",1452,52.7,0.233,0.192,0.259,0.426,0.279,0.297,0.245,80,343,90.4,11.4,2293,89.1,89.28,240,765,0,0.2000000000000028,6.42,118,147,128,152,298,327,302,20.144,-20.144,72.2,7.5,3.126135278,346,257,51,10,1,18,89,25.7,0,0,2.48,0.44,0.22,-0.2,92.6,151.0,42.96875,12.109375,8.959537572254336,5.72,-0.95,-0.14,2.35,0.231,31.0,-2.633202614,0.244,0.461,2.633202614,-0.012,-0.0129999999999999,-0.035,-0.018,31.4,37.4,10.81187302426369,-2.1816822759325483,33.543430133990654,0.5019762845849802,35.05170947368104,33.62130957719084
762,682626,"Alvarez, Francisco",1681,45.3,0.253,0.183,0.306,0.436,0.294,0.3,0.248,83,328,90.4,10.1,2265,90.1,90.27,268,762,0,0.2000000000000028,6.44,108,151,124,147,303,326,295,23.266,-23.266,72.5,7.2,3.06125314,331,235,55,12,0,16,94,28.4,0,0,2.28,0.57,0.4,0.09,92.7,156.0,46.61016949152542,15.254237288135592,10.876132930513595,5.72,-0.75,0.0,2.37,0.252,36.0,-3.05328084,0.248,0.462,3.05328084,0.005,0.004,-0.026,-0.006,35.2,37.5,10.030172608950222,1.188902144710588,28.731264482006655,0.5750332005312085,36.8491028044552,26.21590419832994
761,641487,"Crawford, J.P.",1993,38.2,0.244,0.143,0.256,0.387,0.269,0.28,0.261,87,357,86.9,12.5,2266,90.5,90.77,129,761,0,0.2999999999999971,6.43,117,147,111,151,286,318,300,30.595,-30.595,68.9,7.2,2.082885591,362,304,62,12,0,13,58,16.0,0,0,2.13,0.69,0.38,-0.17,91.1,145.0,34.65346534653465,6.270627062706271,5.248618784530387,5.78,-0.64,-0.01,2.27,0.242,19.0,-4.020367937,0.259,0.397,4.020367937,-0.017,-0.017,-0.01,-0.011,17.0,38.7,4.520602768373541,0.5093504567388036,33.330069645170106,0.4142091152815013,35.99852849075009,36.96923220931471
756,605141,"Betts, Mookie",1842,41.0,0.271,0.205,0.252,0.476,0.319,0.322,0.294,118,435,90.4,18.2,2290,90.6,90.81,91,756,0,0.2000000000000028,6.38,106,151,122,146,302,322,293,7.894,-7.894,67.5,6.9,3.594025833,436,403,73,23,0,22,33,7.6,0,0,2.21,0.59,0.46,0.07,92.0,178.0,38.70967741935484,7.94044665012407,7.339449541284404,5.67,-0.72,0.06,2.26,0.271,32.0,-1.044179894,0.293,0.459,1.044179894,-0.023,-0.0219999999999999,0.017,-0.003,12.0,35.0,7.376115553523146,-4.344172320014818,33.16056880858271,0.5515320334261838,38.91811910433269,32.344473426477066
755,630105,"Cronenworth, Jake",1652,45.7,0.239,0.102,0.287,0.341,0.252,0.234,0.224,82,343,85.0,10.5,2252,90.1,90.28,160,755,0,0.2000000000000028,6.46,117,147,113,151,289,323,302,28.21,-28.21,68.3,6.9,3.07939922,346,271,62,12,1,7,75,21.7,0,0,2.26,0.59,0.42,-0.3,91.0,147.0,29.629629629629623,3.7037037037037033,2.8901734104046244,5.62,-1.0,0.0,2.22,0.239,10.0,-3.736423841,0.224,0.321,3.736423841,0.015,0.0149999999999999,0.02,0.018,21.2,35.6,6.425521327053609,-0.7113312915867357,30.01605943044565,0.3774647887323943,37.84079280434037,30.04636209383932
746,663616,"Larnach, Trevor",1694,44.0,0.282,0.175,0.309,0.458,0.318,0.294,0.271,103,365,87.6,13.6,2229,89.3,89.67,200,746,0,0.4000000000000057,6.48,118,146,125,151,293,326,300,10.758,-10.758,70.2,7.1,4.702454612,366,305,66,23,1,13,61,16.7,0,0,2.39,0.51,0.42,-0.41,92.4,152.0,36.72131147540984,7.540983606557377,6.284153005464481,5.76,-1.32,-0.12,2.4,0.282,23.0,-1.442091153,0.271,0.414,1.442091153,0.011,0.0109999999999999,0.044,0.024,26.8,38.3,7.152696409056468,-12.320965299413162,33.30961304316335,0.4171270718232044,35.37414838714309,36.84759910740529
746,673962,"Jung, Josh",1577,47.3,0.325,0.171,0.342,0.496,0.351,0.34,0.314,114,351,90.6,12.1,2251,89.6,89.86,140,746,0,0.3000000000000113,6.47,108,152,123,147,308,326,292,4.296,-4.296,69.0,7.0,4.022786567,354,312,77,25,1,11,42,11.9,0,0,2.36,0.53,0.32,0.07,92.0,155.0,48.71794871794872,7.051282051282051,6.214689265536723,5.71,-0.98,-0.02,2.41,0.322,22.0,-0.575871314,0.313,0.482,0.575871314,0.011,0.009,0.014,0.011,18.8,37.0,11.77727621975258,1.451275537227459,36.61230509884248,0.5415512465373962,33.266837836442264,30.87554032469695
746,694384,"Schanuel, Nolan",1678,44.5,0.288,0.115,0.304,0.403,0.296,0.303,0.299,108,375,87.2,11.9,2244,90.0,90.07,122,746,0,0.0999999999999943,6.42,116,146,117,150,288,319,299,19.051,-19.051,66.1,6.7,3.006844993,381,340,79,22,0,7,41,10.8,0,0,2.29,0.57,0.36,-0.16,90.9,151.0,32.94117647058823,2.3529411764705883,2.099737532808399,5.78,-0.92,-0.12,2.45,0.284,8.0,-2.553753351,0.298,0.406,2.553753351,-0.011,-0.014,-0.003,-0.007,16.4,38.2,6.423543952150763,-2.249740846627853,35.31919968393655,0.4741258741258741,34.069589270293065,32.65423002331024
745,680869,"Gelof, Zack",1596,46.7,0.268,0.217,0.298,0.484,0.321,0.3,0.249,94,351,88.3,14.6,2237,90.6,90.78,217,745,0,0.2000000000000028,6.44,106,151,117,145,300,326,295,11.39,-11.39,71.8,7.2,2.282527689,354,274,58,15,2,19,80,22.6,0,0,2.19,0.64,0.42,0.1,91.9,154.0,43.01470588235294,10.294117647058822,7.909604519774012,5.8,-0.75,0.05,2.3,0.268,28.0,-1.52885906,0.249,0.458,1.52885906,0.019,0.019,0.026,0.021,29.1,38.9,13.540205124717495,1.0546128350809,31.648574369733875,0.6052631578947368,39.57538013002952,26.300137483027463
745,694497,"Carter, Evan",1790,41.6,0.214,0.133,0.249,0.348,0.24,0.244,0.222,74,345,84.0,14.6,2209,90.1,90.35,217,745,0,0.2000000000000028,6.48,115,146,107,151,290,324,299,35.138,-35.138,67.0,6.8,3.149887774,356,279,49,13,3,9,77,21.6,0,0,2.25,0.6,0.47,-0.38,91.2,152.0,35.12544802867383,5.017921146953405,3.932584269662921,5.71,-1.2,-0.06,2.35,0.213,14.0,-4.716510067,0.221,0.35,4.716510067,-0.008,-0.008,-0.002,-0.004,29.1,37.0,5.83641315694901,-4.929583637695636,30.949680225488237,0.4266862170087976,34.892914617021084,32.45942306199615
738,696285,"Young, Jacob",1682,43.9,0.264,0.149,0.281,0.413,0.289,0.291,0.273,101,383,86.3,12.1,2255,89.7,90.09,154,738,0,0.3999999999999915,6.45,102,149,107,146,304,318,288,12.295,-12.295,66.5,6.9,3.377410122,391,338,67,21,3,10,52,13.3,0,0,2.29,0.57,0.39,-0.03,91.2,165.0,30.86053412462908,5.637982195845697,4.859335038363171,5.8,-0.38,0.02,2.29,0.262,19.0,-1.66598916,0.273,0.405,1.66598916,-0.009,-0.011,0.008,-0.002,20.9,37.0,10.274114706855794,0.1890596183740533,31.019949115219514,0.5724137931034483,39.5703719270988,27.110099682625147
729,650402,"Torres, Gleyber",1734,42.0,0.282,0.113,0.316,0.396,0.293,0.285,0.27,92,326,86.4,9.1,2298,90.5,90.76,163,729,0,0.2999999999999971,6.45,109,151,122,147,303,324,288,25.707,-25.707,66.8,7.0,2.070947998,328,274,71,13,0,8,54,16.5,0,0,2.13,0.69,0.36,0.07,90.6,169.0,32.846715328467155,6.204379562043796,5.182926829268292,5.7,-0.83,0.03,2.38,0.28,17.0,-3.526337449,0.269,0.396,3.526337449,0.012,0.011,0.0,0.008,22.4,37.8,7.848975520690312,7.707267339905053,34.73931539227071,0.5193370165745856,35.59040361806328,28.16280975230928
720,608348,"Kelly, Carson",1604,44.9,0.28,0.13,0.298,0.41,0.299,0.285,0.264,97,346,86.8,13.1,2306,89.7,89.94,140,720,0,0.2000000000000028,6.4,108,151,123,147,302,322,292,16.541,-16.541,69.4,6.8,3.734579393,346,302,72,15,0,10,44,12.7,0,0,2.34,0.58,0.33,-0.03,91.3,152.0,36.09271523178808,5.298013245033113,4.624277456647398,5.69,-0.31,0.03,2.41,0.28,16.0,-2.297361111,0.264,0.401,2.297361111,0.016,0.016,0.009,0.014,19.4,36.3,9.193499065039653,-2.471056252944736,32.76099647004901,0.4512022630834512,38.06444320096257,29.11175514391413
719,681297,"Cowser, Colton",1615,44.5,0.247,0.157,0.302,0.403,0.277,0.289,0.241,74,300,87.0,12.2,2190,89.5,89.77,235,719,0,0.2999999999999971,6.49,115,145,115,151,294,326,303,23.222,-23.222,71.4,7.4,4.05145756,304,216,53,8,0,13,88,28.9,0,0,2.4,0.48,0.37,-0.3,91.7,159.0,40.74074074074074,9.722222222222223,6.907894736842106,5.68,-1.26,-0.1,2.23,0.244,21.0,-3.229763561,0.24,0.442,3.229763561,0.006,0.004,-0.039,-0.012,32.7,37.6,13.746999829295394,-3.421332488292447,37.994745771044464,0.3833097595473833,37.68499740221339,36.79481510812634
718,665742,"Soto, Juan",1819,39.5,0.28,0.253,0.266,0.533,0.344,0.374,0.302,103,368,92.2,15.7,2245,90.5,90.57,151,718,0,0.0999999999999943,6.39,117,146,126,151,296,329,305,-0.06,0.06,70.2,7.0,2.57925572,370,315,64,11,2,26,55,14.9,0,0,2.27,0.56,0.47,-0.1,93.4,162.0,48.8817891373802,13.738019169329077,11.621621621621625,5.77,-0.32,-0.03,2.34,0.278,43.0,0.008356546,0.301,0.587,-0.008356546,-0.022,-0.0229999999999999,-0.054,-0.03,21.0,37.4,12.396664240959897,1.694988682602014,28.03709792575113,0.6479076479076479,37.67710177093719,24.96258056296161
716,681393,"Norby, Connor",1419,50.5,0.26,0.145,0.338,0.405,0.286,0.264,0.233,77,296,87.2,18.4,2263,90.0,90.26,210,716,0,0.2999999999999971,6.42,105,151,120,146,305,324,292,23.288,-23.288,68.9,7.0,2.809359581,297,214,48,22,0,7,83,27.9,0,0,2.24,0.63,0.38,0.04,90.9,172.0,36.15023474178404,7.511737089201878,5.387205387205387,5.67,-0.57,0.06,2.26,0.259,16.0,-3.252513966,0.232,0.388,3.252513966,0.027,0.0269999999999999,0.017,0.022,29.3,37.6,15.496602503152443,5.148074601283724,39.41198799284792,0.4090909090909091,34.997276154957945,29.97875803836062
716,669224,"Wells, Austin",1546,46.3,0.203,0.153,0.222,0.357,0.238,0.263,0.228,61,300,88.8,20.5,2221,89.8,89.98,199,716,0,0.2000000000000028,6.44,119,146,116,151,291,325,298,30.405,-30.405,70.7,7.5,3.333847025,303,230,41,7,0,13,73,24.1,0,0,2.31,0.59,0.38,-0.26,92.1,171.0,43.04347826086957,7.391304347826087,5.6105610561056105,5.75,-0.79,-0.07,2.34,0.202,17.0,-4.24650838,0.227,0.391,4.24650838,-0.025,-0.0249999999999999,-0.034,-0.025,27.8,39.1,13.385361735530015,-5.431165336561728,32.76431766722828,0.4943019943019943,33.040835424464994,29.58758998499958
713,670764,"Walls, Taylor",1650,43.2,0.235,0.08,0.291,0.315,0.236,0.207,0.205,77,327,80.0,15.4,2228,90.6,90.69,158,713,0,0.1000000000000085,6.4,106,146,100,147,288,320,293,35.387,-35.387,62.9,6.7,2.135993471,343,272,57,16,2,2,71,20.7,0,0,2.12,0.72,0.54,-0.54,90.1,154.0,21.85185185185185,1.851851851851852,1.4577259475218658,5.76,-0.38,-0.02,2.36,0.233,5.0,-4.963113604,0.203,0.279,4.963113604,0.03,0.03,0.036,0.029,22.2,36.9,10.17495096636531,-0.6238533765433577,33.79309533547094,0.5470332850940666,36.05113976383553,28.26004726998963
712,687462,"Horwitz, Spencer",1739,40.9,0.264,0.126,0.277,0.391,0.28,0.269,0.244,92,348,86.6,15.7,2311,90.0,90.18,118,712,0,0.2000000000000028,6.37,119,147,121,152,292,319,299,23.364,-23.364,67.0,6.9,3.165928867,352,306,69,12,1,10,46,13.1,0,0,2.28,0.61,0.28,-0.17,91.0,155.0,31.045751633986928,5.88235294117647,5.113636363636364,5.73,-1.02,-0.08,2.36,0.261,18.0,-3.281460674,0.245,0.373,3.281460674,0.02,0.016,0.018,0.011,16.6,38.2,8.070768348292543,0.1027779044968711,34.4277293529162,0.4771723122238586,33.86075682156124,29.25816029879722
710,665833,"Cruz, Oneil",1694,41.9,0.325,0.244,0.398,0.568,0.382,0.357,0.291,100,308,94.1,5.5,2292,89.4,89.56,254,710,0,0.1999999999999886,6.4,119,146,126,151,299,326,303,-3.563,3.563,75.9,7.5,3.548027502,308,221,66,13,1,20,87,28.2,0,0,2.39,0.52,0.33,-0.26,93.8,147.0,53.88127853881278,15.981735159817353,11.363636363636363,5.71,-0.64,-0.11,2.42,0.325,35.0,0.501830986,0.291,0.553,-0.501830986,0.034,0.034,0.015,0.025,35.8,38.3,6.903214965234202,-5.277690896785057,33.341377841169056,0.3934191702432045,36.17348487380114,34.1550294688885
706,573262,"Yastrzemski, Mike",1654,42.7,0.253,0.177,0.281,0.43,0.291,0.287,0.261,80,316,89.7,14.4,2269,90.4,90.81,163,706,0,0.3999999999999915,6.47,117,146,114,151,299,326,302,20.498,-20.498,69.3,7.4,2.462625072,318,254,49,18,1,12,64,20.1,0,0,2.23,0.62,0.39,-0.37,91.8,169.0,42.91338582677165,6.692913385826772,5.345911949685535,5.7,-1.6,0.01,2.2,0.252,17.0,-2.903399433,0.261,0.406,2.903399433,-0.008,-0.009,0.024,0.004,23.1,36.4,10.607462962656257,-2.726581471943592,31.59401989249853,0.610632183908046,32.70562638958478,32.12425675848962
705,502671,"Goldschmidt, Paul",1468,48.0,0.272,0.218,0.285,0.49,0.324,0.301,0.258,85,312,86.7,14.7,2245,89.8,90.13,185,705,0,0.2999999999999971,6.5,109,152,124,147,304,327,289,8.447,-8.447,69.9,7.5,3.16304176,314,253,54,12,1,18,61,19.4,0,0,2.3,0.58,0.37,0.04,91.5,160.0,36.36363636363637,10.276679841897234,8.280254777070063,5.74,-0.12,-0.06,2.3,0.271,26.0,-1.198156028,0.257,0.451,1.198156028,0.014,0.014,0.039,0.023,26.2,38.5,10.876897659148256,4.265705337898155,32.44901919811849,0.4610951008645533,42.29026598366308,19.44677925314318
704,690993,"Keith, Colt",1611,43.7,0.276,0.159,0.305,0.435,0.304,0.318,0.291,99,359,88.7,13.3,2182,89.6,89.94,157,704,0,0.3000000000000113,6.47,116,146,124,151,293,328,301,21.19,-21.19,70.4,6.8,3.338535131,361,302,66,19,4,10,59,16.3,0,0,2.26,0.64,0.51,-0.47,92.0,164.0,42.19269102990033,7.641196013289036,6.3711911357340725,5.7,-1.75,-0.08,2.44,0.274,23.0,-3.009943182,0.291,0.452,3.009943182,-0.015,-0.0169999999999999,-0.017,-0.014,22.3,36.9,9.8575636410132,-0.8094858990485267,32.04758738453606,0.4619799139167862,37.795736464349176,28.89342643924358
703,694249,"Carrigg, Cole",1355,51.9,0.284,0.199,0.335,0.483,0.323,0.286,0.257,84,296,86.8,17.1,2245,89.9,90.62,175,703,0,0.6999999999999886,6.45,110,148,109,149,301,330,301,12.987,-12.987,70.4,7.4,3.161416156,302,233,49,21,4,10,69,22.8,0,0,2.34,0.51,0.41,-0.41,91.3,166.0,36.637931034482754,5.603448275862069,4.304635761589404,5.73,-0.2,-0.07,2.29,0.28,13.0,-1.847368421,0.257,0.415,1.847368421,0.027,0.023,0.068,0.037,24.9,38.0,10.618288916018612,-1.053079763464893,37.19966121246111,0.4684129429892141,35.3966914140136,32.891594876028535
699,641680,"Heim, Jonah",1394,50.1,0.211,0.172,0.216,0.383,0.251,0.26,0.233,70,332,87.5,14.1,2264,90.0,90.22,152,699,0,0.2000000000000028,6.37,113,149,123,149,297,325,297,25.673,-25.673,68.4,7.5,1.909928757,335,277,39,18,0,13,58,17.3,0,0,2.22,0.63,0.38,-0.36,91.2,160.0,31.521739130434785,6.159420289855073,5.074626865671641,5.79,-0.25,0.01,2.49,0.209,17.0,-3.672818312,0.233,0.374,3.672818312,-0.022,-0.024,0.009,-0.009,21.7,36.9,8.238724168333398,1.131482201952238,27.21233363835865,0.5342465753424658,39.28043431213263,28.65850300339162
699,687401,"Ortiz, Joey",1560,44.8,0.28,0.143,0.313,0.423,0.299,0.271,0.253,96,343,87.4,6.2,2265,90.1,90.38,139,699,0,0.3000000000000113,6.42,105,149,112,146,303,319,286,13.051,-13.051,71.3,7.4,3.059547035,352,291,69,14,4,9,61,17.3,0,0,2.19,0.68,0.36,0.03,91.9,154.0,36.76975945017183,4.123711340206185,3.4090909090909087,5.73,-0.33,0.0,2.47,0.276,12.0,-1.867095851,0.255,0.362,1.867095851,0.027,0.021,0.061,0.028,19.9,38.1,2.426055352946452,-0.8860146596751243,28.14818888094439,0.3528528528528528,35.54657829123718,26.297809727515343
689,668715,"Steer, Spencer",1521,45.3,0.253,0.194,0.271,0.447,0.298,0.316,0.262,81,320,89.4,17.0,2289,89.9,90.25,174,689,0,0.2999999999999971,6.52,106,151,120,146,302,325,292,16.681,-16.681,69.6,7.3,2.492829516,323,256,51,14,0,16,66,20.4,0,0,2.27,0.59,0.4,0.1,91.9,165.0,41.32231404958678,12.396694214876034,9.287925696594428,5.62,-0.93,0.08,2.25,0.252,30.0,-2.421044993,0.261,0.481,2.421044993,-0.009,-0.009,-0.034,-0.018,25.3,35.7,12.597541936309648,1.1444099035789077,28.908436449134733,0.5745937961595273,35.17218636726339,29.389980956796453
688,624585,"Soler, Jorge",1456,47.3,0.226,0.191,0.274,0.417,0.27,0.27,0.23,64,283,88.5,14.5,2297,89.9,90.01,254,688,0,0.0999999999999943,6.44,106,152,122,146,305,327,297,21.608,-21.608,73.2,7.9,4.158713316,287,202,35,16,1,12,85,29.6,0,0,2.33,0.53,0.33,0.05,92.4,150.0,42.57425742574257,10.891089108910892,7.665505226480835,5.74,-0.87,0.19,2.29,0.223,22.0,-3.140697674,0.229,0.404,3.140697674,-0.004,-0.006,0.013,0.0,36.9,37.4,12.102028375037875,-7.894132093444664,34.24017125459747,0.5124087591240876,40.10475439884019,29.362599868265857
686,680700,"Palacios, Richie",1476,46.5,0.247,0.151,0.262,0.397,0.275,0.267,0.261,77,312,85.2,12.7,2229,89.4,89.49,143,686,0,0.0999999999999943,6.41,117,146,105,149,285,320,298,18.359,-18.359,66.4,7.1,3.068268539,316,268,52,13,2,10,48,15.2,0,0,2.39,0.52,0.38,-0.24,91.1,147.0,29.924242424242426,4.166666666666666,3.481012658227848,5.74,-1.25,-0.02,2.27,0.245,11.0,-2.676239067,0.26,0.359,2.676239067,-0.014,-0.015,0.038,0.008,20.8,36.9,5.858535396122796,-4.513947645992546,26.706807736899524,0.4778761061946903,34.65909740562932,30.72046880305424
681,666126,"Cortes, Carlos",1466,46.5,0.259,0.141,0.281,0.4,0.282,0.267,0.249,83,320,88.2,11.0,2199,90.0,90.15,150,681,0,0.0999999999999943,6.4,117,146,118,151,291,324,302,24.388,-24.388,68.7,6.9,2.867374923,323,272,57,16,1,9,51,15.8,0,0,2.34,0.52,0.43,-0.39,91.3,160.0,35.55555555555556,5.925925925925927,4.953560371517028,5.76,-1.65,0.03,2.24,0.257,16.0,-3.581204112,0.248,0.377,3.581204112,0.01,0.009,0.023,0.015,22.0,36.8,6.112036203982976,1.1919278426317783,25.958869240857293,0.4131455399061033,40.167551494111386,27.5475414758659
679,700932,"Manzardo, Kyle",1460,46.5,0.229,0.174,0.289,0.403,0.268,0.27,0.234,67,293,89.3,18.9,2241,90.1,90.39,208,679,0,0.3000000000000113,6.49,116,146,120,151,291,322,299,22.359,-22.359,67.8,7.3,3.288813085,295,200,43,10,1,13,95,32.2,0,0,2.24,0.62,0.37,-0.33,91.4,173.0,41.0,12.0,8.135593220338983,5.65,-1.06,0.04,2.15,0.227,24.0,-3.292930781,0.232,0.405,3.292930781,-0.005,-0.005,-0.002,-0.002,30.6,35.4,17.17516063601797,1.551854028488464,37.48521930511757,0.4864864864864865,39.75871915512871,34.04720719503213
675,695731,"Montgomery, Braden",1336,50.5,0.221,0.134,0.254,0.355,0.246,0.285,0.261,64,290,88.6,4.4,2172,89.6,90.07,204,675,0,0.5,6.55,114,148,118,149,292,324,300,30.362,-30.362,67.5,6.4,3.22555807,291,234,40,15,3,6,57,19.6,0,0,2.37,0.51,0.41,-0.41,91.7,140.0,40.17094017094017,4.700854700854701,3.7800687285223367,5.8,-0.73,-0.06,2.26,0.22,11.0,-4.498074074,0.26,0.405,4.498074074,-0.04,-0.04,-0.05,-0.039,30.2,38.7,7.034382274659116,6.167857909292147,32.176791223131794,0.4756097560975609,36.452937147866,27.724659800800637
670,666152,"Hamilton, David",1479,45.3,0.258,0.096,0.311,0.354,0.266,0.244,0.237,78,302,79.7,6.8,2259,89.7,89.99,149,670,0,0.2999999999999971,6.45,110,144,98,149,284,317,297,25.581,-25.581,62.3,6.6,2.851645196,315,254,60,11,3,4,60,19.0,0,0,2.32,0.57,0.37,-0.22,90.2,144.0,27.55905511811024,3.149606299212598,2.5396825396825395,5.7,-1.15,0.13,2.24,0.258,8.0,-3.818059701,0.237,0.328,3.818059701,0.021,0.021,0.026,0.022,22.2,36.8,3.3673730687461374,-7.041989698541115,33.098623250897234,0.3634920634920635,37.24447116829756,27.50958010365836
668,650859,"Rengifo, Luis",1368,48.8,0.247,0.079,0.272,0.326,0.248,0.265,0.26,75,304,86.5,5.1,2281,89.0,89.29,134,668,0,0.2999999999999971,6.43,112,148,112,149,293,320,296,29.318,-29.318,69.5,7.1,3.143772858,309,268,59,12,0,4,41,13.3,0,0,2.34,0.6,0.34,-0.34,91.3,134.0,34.45692883895131,4.119850187265917,3.559870550161812,5.68,-0.39,-0.06,2.16,0.245,11.0,-4.388922156,0.26,0.354,4.388922156,-0.013,-0.015,-0.028,-0.017,20.1,37.1,5.919729486872862,2.698766748203363,33.59920995439607,0.4261006289308176,34.79533564231525,27.40022481996928
668,655316,"Monasterio, Andruw",1418,47.1,0.254,0.154,0.281,0.409,0.281,0.272,0.25,71,279,87.0,20.5,2279,90.0,90.17,125,668,0,0.2000000000000028,6.37,105,149,114,145,292,320,291,21.05,-21.05,67.6,6.7,2.456635519,284,238,41,23,1,6,46,16.2,0,0,2.21,0.65,0.33,-0.01,90.7,166.0,31.93277310924369,6.722689075630252,5.633802816901409,5.72,-0.25,0.09,2.32,0.251,16.0,-3.151197605,0.25,0.385,3.151197605,0.004,0.001,0.024,0.009,18.7,38.5,8.76711838094474,-1.573260233925245,34.06753025136212,0.5219364599092284,34.5615802041701,32.842205720729886
657,668939,"Rutschman, Adley",1634,40.2,0.252,0.193,0.251,0.444,0.292,0.305,0.271,81,322,88.8,14.8,2212,89.9,90.09,110,657,0,0.1999999999999886,6.44,113,147,124,150,292,323,295,16.492,-16.492,69.1,6.9,2.507156176,327,287,44,24,1,12,40,12.2,0,0,2.3,0.57,0.47,-0.47,91.6,165.0,38.94736842105263,7.017543859649122,6.116207951070336,5.65,-0.55,-0.07,2.31,0.248,20.0,-2.510197869,0.272,0.441,2.510197869,-0.019,-0.024,0.003,-0.013,16.7,36.0,7.152542172774173,-2.226295560811705,33.28696723912694,0.4423676012461059,35.756177001530745,26.77495958889555
654,641857,"McMahon, Ryan",1433,45.6,0.221,0.144,0.271,0.366,0.251,0.274,0.243,66,298,89.7,13.3,2271,89.9,90.12,200,654,0,0.1999999999999886,6.47,118,146,117,151,292,325,299,25.404,-25.404,71.8,7.2,3.734337291,300,218,43,13,0,10,82,27.3,0,0,2.29,0.59,0.29,-0.23,92.1,161.0,44.907407407407405,8.796296296296296,6.333333333333334,5.69,-1.19,0.03,2.32,0.221,19.0,-3.88440367,0.242,0.4,3.88440367,-0.022,-0.0209999999999999,-0.034,-0.023,30.6,37.9,9.560892808707152,1.6815453808486454,36.48164782616011,0.4691358024691358,38.771514410570646,24.95738870301193
654,694208,"Ballesteros, Moisés",1275,51.3,0.228,0.128,0.26,0.356,0.249,0.265,0.236,66,289,90.3,10.5,2229,89.9,90.09,182,654,0,0.1999999999999886,6.47,118,146,123,151,294,324,303,27.709,-27.709,69.8,7.0,2.815996256,293,228,47,10,0,9,65,22.2,0,0,2.29,0.59,0.36,-0.33,92.0,154.0,47.136563876651984,8.81057268722467,6.825938566552901,5.75,-1.16,-0.16,2.37,0.225,20.0,-4.236850153,0.235,0.385,4.236850153,-0.008,-0.0099999999999999,-0.029,-0.016,27.8,37.8,6.1819539104122345,3.9926040924066433,28.88431875049271,0.4777777777777778,39.64479285373988,33.10368251836988
652,676356,"DeLuca, Jonny",1231,53.0,0.274,0.16,0.306,0.433,0.304,0.253,0.244,84,307,84.1,14.5,2225,89.7,89.93,161,652,0,0.2000000000000028,6.51,106,150,112,145,296,322,289,9.959,-9.959,71.0,7.7,3.238754783,310,257,53,22,0,9,53,17.1,0,0,2.21,0.68,0.39,-0.13,91.0,140.0,29.18287937743191,3.11284046692607,2.5806451612903225,5.8,-0.08,0.16,2.25,0.274,8.0,-1.527453988,0.244,0.344,1.527453988,0.03,0.03,0.089,0.051,24.7,38.1,6.300761388734491,-4.369698182949103,23.48376017256194,0.5691823899371069,38.0314594685519,30.94453840656165
646,672275,"Bailey, Patrick",1308,49.4,0.219,0.122,0.259,0.342,0.239,0.282,0.253,61,278,89.2,12.8,2229,90.6,90.91,174,646,0,0.3000000000000113,6.47,115,146,113,150,288,321,298,29.193,-29.193,70.0,7.2,3.629573576,284,216,44,8,1,8,68,23.9,0,0,2.25,0.57,0.44,-0.44,91.6,152.0,42.05607476635514,7.009345794392523,5.28169014084507,5.78,-1.14,-0.05,2.31,0.217,15.0,-4.519040248,0.251,0.414,4.519040248,-0.034,-0.034,-0.072,-0.043,26.9,38.3,6.299149951672841,-1.9524532327573112,33.59349874987378,0.3706624605678233,37.29070438041872,29.40296655360704
644,804606,"Griffin, Konnor",1232,52.3,0.284,0.129,0.348,0.413,0.299,0.291,0.267,77,271,87.3,6.6,2297,89.3,89.62,189,644,0,0.2999999999999971,6.42,106,151,119,146,306,322,291,15.229,-15.229,72.6,7.5,3.765545762,273,212,55,14,3,5,61,22.3,0,0,2.43,0.5,0.34,0.12,92.1,140.0,36.84210526315789,6.698564593301436,5.128205128205128,5.72,-0.75,-0.01,2.26,0.282,14.0,-2.364751553,0.267,0.414,2.364751553,0.017,0.0149999999999999,-0.001,0.008,29.3,37.7,8.008193802127764,0.1253847683544765,33.43711679722872,0.4385964912280701,39.100958935097,31.6931662919701
643,679845,"Loftin, Nick",1583,40.6,0.26,0.152,0.277,0.412,0.285,0.26,0.248,87,335,85.3,13.8,2288,89.5,89.79,114,643,0,0.2999999999999971,6.45,106,151,115,146,301,324,292,19.293,-19.293,65.8,7.0,4.405470183,343,300,52,26,2,7,43,12.5,0,0,2.29,0.61,0.31,-0.04,91.0,153.0,29.0,4.0,3.498542274052478,5.67,-0.3,0.01,2.31,0.257,12.0,-3.000466563,0.246,0.359,3.000466563,0.012,0.011,0.053,0.025,17.7,37.6,8.060113372496884,-5.636987901430989,31.039741251040585,0.5,37.54288479139323,31.584767202869397
638,694374,"Tawa, Tim",1306,48.9,0.245,0.158,0.286,0.403,0.275,0.285,0.252,68,278,88.4,11.4,2293,90.3,90.4,180,638,0,0.1000000000000085,6.38,107,152,116,146,301,323,293,18.225,-18.225,69.8,6.9,4.054829187,288,220,45,12,1,10,68,23.6,0,0,2.21,0.62,0.31,0.11,91.8,156.0,43.77880184331797,10.138248847926269,7.638888888888889,5.72,-0.86,0.15,2.3,0.242,22.0,-2.856583072,0.251,0.418,2.856583072,-0.007,-0.009,-0.015,-0.01,28.2,37.5,7.694975903095711,-4.710179079974359,30.14894582127057,0.5278688524590164,36.125924579667455,31.879902386309222
635,805779,"Wilson, Jacob",1137,55.8,0.272,0.125,0.284,0.397,0.289,0.269,0.269,85,312,83.5,7.1,2246,90.3,90.53,94,635,0,0.2000000000000028,6.43,108,150,117,147,300,315,281,11.235,-11.235,62.6,6.1,2.292827382,314,283,61,16,1,7,31,9.9,0,0,2.22,0.62,0.47,0.05,90.6,141.0,27.857142857142858,2.5,2.229299363057325,5.77,-0.47,0.12,2.24,0.272,7.0,-1.769291339,0.269,0.354,1.769291339,0.003,0.003,0.043,0.02,14.8,37.6,2.9344685182403536,0.7375620061271073,34.79975276697831,0.3560732113144759,33.66727042408867,32.54386153655717
632,657041,"Thomas, Lane",1531,41.3,0.251,0.179,0.277,0.43,0.289,0.288,0.267,73,291,89.3,17.4,2298,90.1,90.34,145,632,0,0.2000000000000028,6.39,107,151,120,145,304,327,294,18.562,-18.562,70.6,6.8,2.991588524,293,235,43,19,0,11,58,19.8,0,0,2.22,0.62,0.33,0.08,91.7,155.0,40.85106382978723,6.382978723404255,5.119453924914676,5.71,-0.2,-0.03,2.32,0.249,15.0,-2.937025316,0.265,0.409,2.937025316,-0.016,-0.016,0.021,0.001,22.9,38.5,7.6484826272202096,-0.8445477211673585,27.20145821155037,0.5714285714285714,36.99495720856093,26.80782176230116
631,687551,"Gilbert, Drew",1504,42.0,0.24,0.158,0.26,0.397,0.27,0.293,0.268,76,317,85.8,13.9,2281,90.1,90.4,141,631,0,0.3000000000000113,6.41,116,145,109,150,291,322,298,23.205,-23.205,67.2,7.3,3.191865742,322,266,49,14,3,10,56,17.4,0,0,2.25,0.59,0.34,-0.29,91.1,144.0,36.74242424242424,5.681818181818182,4.658385093167702,5.74,-1.24,-0.01,2.23,0.237,15.0,-3.677496038,0.269,0.412,3.677496038,-0.028,-0.032,-0.015,-0.023,22.3,38.2,3.157429842281576,-1.8839147197043145,28.30171854056401,0.3870967741935484,38.61966313794752,26.72308444867171
631,656305,"Chapman, Matt",1424,44.3,0.254,0.144,0.293,0.398,0.277,0.249,0.227,72,284,88.2,11.3,2309,90.2,90.52,146,631,0,0.2999999999999971,6.43,105,150,123,146,305,326,293,19.298,-19.298,74.2,7.3,1.810067262,287,229,46,18,1,7,58,20.2,0,0,2.2,0.63,0.35,0.11,91.7,144.0,36.12334801762114,6.607929515418502,5.2264808362369335,5.76,-0.78,0.09,2.39,0.251,15.0,-3.058320127,0.23,0.345,3.058320127,0.027,0.0209999999999999,0.053,0.028,23.1,37.4,3.037393038063136,0.2873086491350895,25.387498574083786,0.3986820428336079,38.004016672252455,25.223176292845164
630,676724,"Young, Jared",1330,47.4,0.283,0.172,0.305,0.455,0.313,0.3,0.266,82,290,89.6,11.1,2283,90.1,90.3,154,630,0,0.2000000000000028,6.44,118,146,116,151,292,325,303,13.259,-13.259,71.1,7.1,2.611653777,293,248,53,17,3,9,45,15.4,0,0,2.28,0.57,0.34,-0.22,92.4,150.0,46.774193548387096,7.661290322580645,6.484641638225256,5.68,-1.12,0.02,2.33,0.28,19.0,-2.104603175,0.267,0.425,2.104603175,0.017,0.013,0.03,0.013,24.4,36.7,6.8634122508268725,0.4964333819946993,27.63102566811862,0.5647249190938511,38.190863529941794,28.13132427551803
630,678391,"Vivas, Jorbit",1271,49.6,0.259,0.091,0.286,0.35,0.261,0.246,0.249,74,286,82.2,10.9,2220,89.8,90.23,117,630,0,0.4000000000000057,6.45,116,146,111,149,287,317,300,23.752,-23.752,67.4,7.4,3.072733816,294,254,55,15,1,3,39,13.3,0,0,2.31,0.56,0.42,-0.28,90.2,145.0,21.568627450980397,3.1372549019607843,2.7210884353741496,5.71,-1.27,-0.1,2.29,0.255,8.0,-3.77015873,0.246,0.326,3.77015873,0.01,0.009,0.024,0.015,18.6,35.8,4.780773813341259,-0.969752950426102,32.139372776254355,0.4009661835748792,35.313540382214825,28.474677454815588
629,683357,"Caissie, Owen",1364,46.1,0.245,0.215,0.309,0.46,0.291,0.289,0.235,64,261,90.3,16.2,2248,88.9,88.95,224,629,0,0.0999999999999943,6.4,117,146,118,150,294,322,302,17.607,-17.607,72.7,7.0,3.945042191,269,176,36,14,0,14,93,34.6,0,0,2.45,0.49,0.36,-0.37,92.0,163.0,44.88636363636363,14.204545454545457,9.293680297397769,5.61,-1.51,0.05,2.23,0.238,25.0,-2.799205087,0.234,0.451,2.799205087,0.01,0.0039999999999999,0.009,0.002,35.6,35.9,10.921990439677453,-2.0193884129329427,36.1436703111395,0.3738019169329074,36.47157699710313,33.15291713006671
622,660821,"Sánchez, Jesús",1174,53.0,0.268,0.156,0.312,0.424,0.292,0.299,0.267,72,269,90.6,10.8,2256,90.5,90.72,171,622,0,0.2000000000000028,6.43,115,146,121,151,293,327,303,18.87,-18.87,71.3,6.7,2.53240428,274,213,46,18,0,8,61,22.3,0,0,2.24,0.59,0.39,-0.36,92.1,155.0,45.28301886792453,10.37735849056604,8.02919708029197,5.74,-1.47,-0.01,2.31,0.263,22.0,-3.033762058,0.265,0.436,3.033762058,0.001,-0.002,-0.012,-0.007,27.5,37.5,6.112525381562735,6.802688932379325,28.74295059708077,0.4665523156089194,36.63287278862636,31.71567581701414
621,677942,"Alexander, Blaze",1110,55.9,0.321,0.118,0.385,0.439,0.329,0.341,0.319,79,246,90.8,8.8,2292,90.8,91.1,157,621,0,0.2999999999999971,6.5,108,151,113,147,305,324,288,13.07,-13.07,69.4,7.2,2.620032648,251,201,60,13,2,4,48,19.1,0,0,2.14,0.66,0.43,0.05,91.6,166.0,49.494949494949495,6.565656565656567,5.179282868525896,5.7,-0.39,0.03,2.27,0.32,13.0,-2.104669887,0.318,0.48,2.104669887,0.002,0.002,-0.041,-0.012,25.3,36.8,6.575498096445994,6.236559710479511,36.27676780404122,0.4628099173553719,38.33842134426608,22.54129664439988
621,691781,"House, Brady",1218,51.0,0.268,0.17,0.305,0.438,0.3,0.331,0.295,74,276,90.1,9.4,2280,89.8,90.14,185,621,0,0.2999999999999971,6.44,107,151,122,147,306,322,291,14.962,-14.962,72.1,7.5,2.900124444,279,220,47,17,0,10,59,21.1,0,0,2.27,0.6,0.34,-0.05,92.5,153.0,48.401826484018265,10.04566210045662,7.885304659498208,5.83,-0.44,-0.01,2.46,0.265,22.0,-2.409339775,0.293,0.487,2.409339775,-0.027,-0.0279999999999999,-0.049,-0.031,29.8,37.4,9.048471427858177,3.2168140502101306,36.64069411718853,0.4527687296416938,36.98880220489736,29.10856371630065
616,673237,"Diaz, Yainer",1073,57.4,0.285,0.172,0.296,0.456,0.317,0.291,0.27,88,309,89.0,6.9,2274,89.2,89.31,139,616,0,0.0999999999999943,6.41,107,152,123,146,299,326,290,1.52,-1.52,70.9,7.3,2.022376502,311,266,61,14,0,13,45,14.5,0,0,2.39,0.52,0.29,-0.02,91.8,138.0,38.34586466165413,6.390977443609022,5.466237942122187,5.83,-0.76,0.14,2.24,0.283,17.0,-0.246753247,0.27,0.407,0.246753247,0.015,0.0129999999999999,0.049,0.026,22.6,38.2,7.707890553398234,3.202873869294223,27.827821617766645,0.5592105263157895,38.85424691724287,30.93021577707188
615,682987,"Jones, Spencer",1164,52.8,0.267,0.209,0.366,0.476,0.316,0.313,0.256,60,225,94.3,19.7,2262,90.2,90.39,241,615,0,0.2000000000000028,6.45,118,146,128,151,296,328,301,9.754,-9.754,75.4,7.8,3.124981293,227,145,36,12,1,11,81,35.7,0,0,2.28,0.59,0.36,-0.34,92.8,184.0,55.172413793103445,15.862068965517242,10.13215859030837,5.74,-1.11,-0.02,2.4,0.265,23.0,-1.58601626,0.255,0.486,1.58601626,0.011,0.01,-0.01,0.003,39.2,39.4,13.156324878797951,1.76711492370518,43.56045551984959,0.4036850921273032,37.214675200529335,19.87107023300679
606,686217,"Frelick, Sal",1413,42.9,0.244,0.092,0.251,0.337,0.249,0.252,0.251,77,315,84.5,10.3,2272,90.2,90.45,63,606,0,0.2999999999999971,6.45,113,145,104,149,285,317,299,24.425,-24.425,65.8,6.9,2.415370379,327,297,56,17,0,4,24,7.3,0,0,2.24,0.64,0.38,-0.15,90.9,144.0,27.33333333333333,2.333333333333333,2.140672782874617,5.68,-0.97,0.04,2.36,0.241,7.0,-4.030528053,0.248,0.338,4.030528053,-0.007,-0.007,-0.001,-0.003,10.4,37.0,4.224916606949032,2.1907782070152297,27.30463507775781,0.4436619718309859,36.358216943843466,23.581379097816978
603,702616,"Holliday, Jackson",1348,44.7,0.252,0.122,0.285,0.374,0.267,0.277,0.26,72,286,86.6,12.4,2221,89.4,89.78,162,603,0,0.3999999999999915,6.51,117,147,112,152,292,324,303,20.204,-20.204,68.4,6.9,2.368479637,291,236,52,12,1,7,55,18.9,0,0,2.35,0.55,0.43,-0.3,90.8,158.0,33.05084745762712,6.3559322033898304,5.154639175257731,5.68,-0.96,-0.06,2.22,0.248,15.0,-3.350580431,0.258,0.388,3.350580431,-0.008,-0.01,-0.014,-0.01,26.9,37.1,7.900462586923274,1.1862762302285947,32.50264448550931,0.492436974789916,34.19651012580339,28.14665739608613
600,701678,"Lee, Hao-Yu",1267,47.4,0.279,0.174,0.326,0.453,0.311,0.284,0.246,80,287,89.3,13.5,2269,89.4,89.74,165,600,0,0.2999999999999971,6.46,109,151,120,146,303,326,289,7.518,-7.518,69.5,6.9,2.551216756,291,226,52,16,2,10,65,22.3,0,0,2.3,0.6,0.28,-0.06,91.9,169.0,41.150442477876105,8.849557522123893,6.872852233676976,5.76,-0.27,0.08,2.28,0.276,20.0,-1.253,0.246,0.42,1.253,0.033,0.03,0.033,0.027,27.5,38.9,7.11822175290227,6.861301421034308,24.110366133977514,0.5224137931034483,35.62741222007453,26.394971667851443
598,605170,"Caratini, Victor",1435,41.7,0.236,0.1,0.262,0.336,0.242,0.269,0.24,71,301,89.4,12.6,2225,90.1,90.39,136,598,0,0.3000000000000113,6.46,115,147,124,149,294,323,296,22.895,-22.895,69.2,6.9,4.32445383,309,251,55,9,0,7,58,18.8,0,0,2.2,0.65,0.46,-0.46,92.0,151.0,38.645418326693225,6.374501992031872,5.177993527508091,5.76,-0.6,-0.05,2.36,0.23,16.0,-3.828595318,0.242,0.383,3.828595318,-0.004,-0.0119999999999999,-0.047,-0.027,22.7,38.2,11.02069175667527,-0.3193840922908518,34.488775299647216,0.5160202360876898,34.28004020584531,35.11363060069121
597,670042,"Raley, Luke",1110,53.8,0.231,0.22,0.284,0.451,0.289,0.321,0.259,59,255,89.2,13.8,2206,89.6,89.74,244,597,0,0.1000000000000085,6.41,118,146,112,151,296,325,299,19.028,-19.028,72.9,7.2,3.426008808,258,172,34,9,1,15,86,33.3,0,0,2.34,0.54,0.43,-0.41,92.5,162.0,47.093023255813954,15.69767441860465,10.465116279069768,5.75,-1.54,-0.11,2.26,0.23,27.0,-3.187269682,0.26,0.499,3.187269682,-0.028,-0.03,-0.048,-0.032,40.9,37.3,13.938784261909694,-4.24632724487985,31.564785372658765,0.5597269624573379,38.397251861105104,32.44322570434437
595,691788,"Mack, Joe",1253,47.5,0.247,0.175,0.274,0.422,0.285,0.274,0.235,68,275,87.3,8.3,2225,88.8,88.88,151,595,0,0.1000000000000085,6.37,115,146,115,151,296,323,299,19.82,-19.82,72.0,7.2,3.358111845,281,218,46,9,0,13,63,22.4,0,0,2.48,0.46,0.37,-0.3,91.9,138.0,38.07339449541284,7.79816513761468,6.049822064056939,5.65,-1.12,-0.01,2.26,0.245,17.0,-3.331092437,0.235,0.408,3.331092437,0.012,0.01,0.014,0.011,25.4,36.2,11.819408559514637,-2.831612967133784,30.544799735473077,0.535958904109589,35.470107118828324,31.142376652595736
595,669357,"Gorman, Nolan",1210,49.2,0.192,0.132,0.245,0.324,0.219,0.241,0.202,48,250,89.4,21.7,2192,90.1,90.39,222,595,0,0.3000000000000113,6.47,117,146,120,151,299,327,305,28.183,-28.183,71.7,7.6,2.930460395,253,168,33,6,0,9,85,33.6,0,0,2.27,0.58,0.47,-0.4,92.1,167.0,42.85714285714285,10.11904761904762,6.719367588932807,5.66,-1.1,-0.05,2.21,0.19,17.0,-4.736638655,0.201,0.37,4.736638655,-0.01,-0.011,-0.046,-0.022,37.3,36.2,16.963710468869174,-5.644721437865612,32.56850693606536,0.4516129032258064,37.242334403110895,34.10847431754112
593,665877,"Fermín, José",1485,39.9,0.265,0.117,0.27,0.383,0.274,0.268,0.265,79,298,85.8,15.5,2282,90.7,90.96,80,593,0,0.2999999999999971,6.41,107,150,116,146,303,322,291,16.214,-16.214,65.5,7.3,2.359183542,308,278,56,17,0,6,29,9.4,0,0,2.14,0.66,0.44,-0.03,91.1,155.0,31.654676258992804,2.158273381294964,1.948051948051948,5.68,-0.05,0.11,2.37,0.259,6.0,-2.734232715,0.263,0.359,2.734232715,0.0,-0.004,0.024,0.006,13.5,36.5,6.570250537865316,-4.124801674962125,30.77117934646816,0.5975820379965457,38.30354142012966,26.135196274706928
592,669707,"Triolo, Jared",1306,45.3,0.26,0.072,0.298,0.332,0.258,0.261,0.26,76,292,85.0,5.3,2290,89.5,89.79,129,592,0,0.2999999999999971,6.39,105,150,114,145,304,319,287,22.407,-22.407,66.9,7.4,3.419328828,297,250,61,12,0,3,45,15.2,0,0,2.31,0.6,0.35,-0.04,91.1,142.0,33.33333333333333,2.409638554216868,2.0202020202020203,5.69,-0.29,0.14,2.53,0.259,6.0,-3.784966216,0.26,0.342,3.784966216,0.0,-0.001,-0.01,-0.003,21.8,37.6,4.85472752527833,-0.6776231037312553,38.27462937437123,0.4327086882453151,36.76567668422118,25.047606763277507
592,687637,"Beavers, Dylan",1411,42.0,0.263,0.152,0.308,0.415,0.291,0.284,0.252,71,270,87.3,18.1,2251,90.1,90.4,146,592,0,0.3000000000000113,6.48,116,146,115,151,294,323,299,14.561,-14.561,69.9,7.3,2.617096992,272,216,44,20,0,7,56,20.6,0,0,2.19,0.66,0.4,-0.25,91.4,171.0,38.13953488372093,7.441860465116279,5.88235294117647,5.72,-1.16,-0.02,2.35,0.262,16.0,-2.459628378,0.251,0.416,2.459628378,0.011,0.011,-0.001,0.007,24.7,38.2,8.73012138940785,-3.864051272362315,39.04730989230345,0.4607508532423208,35.02419990957047,31.978882290002577
587,680777,"Jeffers, Ryan",1460,40.2,0.282,0.234,0.273,0.516,0.336,0.326,0.274,77,273,88.7,16.2,2277,90.1,90.4,100,587,0,0.3000000000000113,6.48,108,151,123,146,303,325,289,4.149,-4.149,71.3,7.1,4.391154867,276,245,43,18,2,14,31,11.2,0,0,2.21,0.63,0.36,0.07,92.3,165.0,41.224489795918366,10.612244897959185,9.420289855072465,5.74,-0.51,0.14,2.36,0.28,26.0,-0.70681431,0.276,0.484,0.70681431,0.008,0.004,0.032,0.01,17.0,37.2,7.943066695548734,-0.5464290397744787,29.26091336920891,0.5077720207253886,36.30195151676746,29.71662780432985
583,667472,"Myers, Dane",1350,43.2,0.278,0.12,0.333,0.398,0.291,0.274,0.256,74,266,87.4,12.3,2270,90.0,90.24,124,583,0,0.2000000000000028,6.48,108,152,116,147,305,323,290,9.831,-9.831,68.5,7.0,2.070797805,268,208,56,11,0,7,60,22.4,0,0,2.31,0.55,0.4,-0.01,91.2,160.0,37.62376237623762,4.455445544554455,3.3582089552238807,5.67,-0.27,-0.04,2.46,0.276,9.0,-1.686277873,0.256,0.38,1.686277873,0.022,0.02,0.018,0.017,21.3,36.5,7.221569019267988,7.751966265866931,29.546652002476176,0.4896421845574388,37.46746546512368,25.6115019181468
579,680779,"Davis, Henry",1093,53.0,0.179,0.153,0.177,0.332,0.216,0.247,0.211,42,235,88.1,20.4,2275,89.4,89.57,146,579,0,0.1999999999999886,6.33,107,151,118,146,304,321,291,26.524,-26.524,70.1,7.0,2.585977572,241,194,26,6,0,10,46,19.1,0,0,2.35,0.6,0.4,0.05,92.8,161.0,40.72164948453608,8.762886597938143,7.053941908713693,5.68,-0.6,0.1,2.34,0.177,17.0,-4.581001727,0.212,0.364,4.581001727,-0.032,-0.035,-0.032,-0.031,25.2,37.7,9.148486140971144,-6.295480771994831,29.156804576261862,0.5719298245614035,38.197611378500696,29.62049597859261
574,665966,"Narváez, Carlos",1117,51.4,0.179,0.072,0.247,0.251,0.184,0.229,0.207,40,223,87.2,15.4,2289,90.2,90.48,192,574,0,0.2999999999999971,6.49,106,151,122,147,297,323,293,29.275,-29.275,69.0,7.3,2.634027893,233,160,30,7,0,3,73,31.3,0,0,2.13,0.71,0.37,0.12,91.1,165.0,37.735849056603776,6.289308176100629,4.291845493562231,5.73,-0.75,0.08,2.38,0.177,10.0,-5.100174216,0.207,0.326,5.100174216,-0.028,-0.03,-0.075,-0.045,33.4,36.9,9.746239607541124,3.048097092719919,32.08866935859541,0.4753521126760563,37.71558056213833,31.497909433815792
571,660688,"Ruiz, Keibert",1090,52.4,0.287,0.17,0.293,0.457,0.317,0.267,0.248,91,317,87.6,16.4,2222,89.7,90.15,81,571,0,0.3999999999999915,6.48,114,146,119,149,294,319,297,6.771,-6.771,66.0,6.9,3.085933703,320,286,57,24,0,10,34,10.6,0,0,2.31,0.55,0.41,-0.41,91.8,157.0,36.71328671328671,4.895104895104895,4.375,5.75,-0.84,-0.06,2.21,0.284,14.0,-1.185814361,0.248,0.377,1.185814361,0.039,0.0359999999999999,0.08,0.05,14.2,36.7,8.720446989930752,-8.811600469928049,32.320516668879826,0.5390070921985816,34.71510844479311,37.76606187071576
569,678554,"Mead, Curtis",1403,40.6,0.275,0.267,0.268,0.542,0.347,0.332,0.282,72,262,88.0,15.8,2262,90.2,90.54,103,569,0,0.2999999999999971,6.41,106,150,122,145,305,322,293,2.79,-2.79,70.4,7.0,2.683946074,262,222,37,17,1,17,40,15.3,0,0,2.19,0.65,0.39,-0.04,92.0,164.0,42.72727272727273,10.909090909090908,9.16030534351145,5.83,-0.07,0.05,2.41,0.275,24.0,-0.490333919,0.282,0.497,0.490333919,-0.007,-0.0069999999999999,0.045,0.015,18.1,38.9,4.7898742188770935,-3.8552259017323856,31.00274015879439,0.4354838709677419,35.445297499288515,30.57427751545073
568,669236,"Jackson, Jeremiah",986,57.6,0.228,0.15,0.254,0.378,0.257,0.278,0.248,58,254,89.0,8.0,2276,89.5,89.69,156,568,0,0.2000000000000028,6.46,106,151,120,146,305,323,291,21.336,-21.336,70.6,7.4,3.514868462,258,203,38,11,0,9,55,21.3,0,0,2.32,0.57,0.27,-0.06,91.9,161.0,38.42364532019704,7.881773399014778,6.2015503875969,5.73,-0.37,0.02,2.31,0.226,16.0,-3.756338028,0.247,0.403,3.756338028,-0.02,-0.0209999999999999,-0.025,-0.021,27.5,37.0,9.454548384079256,1.0935748915399135,25.95255229141417,0.59391771019678,39.95218760292452,29.198778409275
564,656555,"Hoskins, Rhys",1340,42.1,0.194,0.215,0.221,0.409,0.251,0.24,0.189,47,242,89.4,26.6,2263,90.5,90.76,183,564,0,0.2999999999999971,6.49,107,151,123,145,299,325,294,24.112,-24.112,69.7,8.2,2.757169674,246,167,21,13,0,13,79,32.1,0,0,2.13,0.7,0.37,-0.07,92.2,171.0,41.31736526946108,12.574850299401197,8.536585365853659,5.76,-0.14,0.04,2.31,0.191,21.0,-4.275177305,0.189,0.379,4.275177305,0.005,0.002,0.03,0.011,32.4,39.0,16.23401556949295,-5.24646303367841,33.64411118809605,0.541970802919708,37.23956492923742,32.72536389235686
559,682177,"Schneemann, Daniel",1127,49.6,0.221,0.121,0.28,0.342,0.243,0.267,0.238,53,240,87.9,11.9,2236,89.3,89.56,178,559,0,0.2999999999999971,6.48,116,146,112,151,289,322,301,23.732,-23.732,69.5,7.0,2.996366835,240,174,36,11,0,6,66,27.5,0,0,2.38,0.54,0.31,-0.26,91.3,161.0,37.35632183908046,7.471264367816093,5.416666666666667,5.72,-0.99,-0.02,2.21,0.221,13.0,-4.245438283,0.238,0.386,4.245438283,-0.017,-0.0169999999999999,-0.044,-0.024,31.8,36.9,14.183523383287053,0.1163665293854558,33.08383009354973,0.5352622061482821,33.15419524027085,34.795201491814154
556,677588,"Tena, José",1168,47.6,0.237,0.158,0.311,0.396,0.27,0.261,0.237,57,240,90.6,8.1,2226,90.2,90.55,191,556,0,0.2999999999999971,6.44,117,147,110,150,293,322,304,15.229,-15.229,72.0,7.0,2.824840782,241,168,35,13,2,7,73,30.3,0,0,2.27,0.56,0.47,-0.46,92.3,148.0,46.42857142857143,8.333333333333332,5.809128630705394,5.78,-1.72,0.05,2.16,0.237,14.0,-2.739028777,0.236,0.376,2.739028777,0.0,0.001,0.02,0.009,34.4,36.4,6.752242759524239,0.5120385674396699,34.421613624855524,0.3854545454545454,33.983137543251324,32.77534024676887
556,694203,"Guzman, Denzer",1046,53.2,0.239,0.121,0.284,0.36,0.259,0.258,0.245,59,247,86.3,10.4,2251,89.5,89.79,145,556,0,0.2999999999999971,6.5,106,151,117,146,303,322,294,19.776,-19.776,72.2,7.9,2.654131784,250,192,43,9,0,7,57,22.8,0,0,2.32,0.59,0.35,-0.08,91.0,142.0,34.375,5.208333333333334,4.0,5.73,-0.64,0.15,2.41,0.239,10.0,-3.556834532,0.245,0.354,3.556834532,-0.006,-0.006,0.006,0.001,26.1,39.0,5.006050585207318,-6.6414217073693536,32.20041860060709,0.3879781420765027,36.31939375220029,29.46910722431751
555,691777,"Muncy, Max",1110,50.0,0.25,0.169,0.314,0.419,0.283,0.268,0.236,59,236,89.1,15.8,2255,89.3,89.38,180,555,0,0.1000000000000085,6.38,107,151,119,146,301,324,292,12.152,-12.152,72.0,7.5,3.387190229,239,168,39,9,2,9,71,29.7,0,0,2.32,0.58,0.36,-0.07,92.4,150.0,43.45238095238096,10.714285714285714,7.531380753138076,5.71,-0.43,0.04,2.27,0.247,18.0,-2.18954955,0.235,0.397,2.18954955,0.014,0.012,0.022,0.015,32.4,36.9,9.791455683640926,-3.476241332940389,30.919746631475377,0.5185185185185185,37.27747726730758,31.36601630883986
552,668885,"Martin, Austin",1375,40.1,0.248,0.094,0.284,0.342,0.253,0.253,0.25,69,278,85.6,11.2,2296,90.2,90.57,110,552,0,0.3999999999999915,6.5,105,150,113,146,299,319,284,28.434,-28.434,65.4,6.5,4.29839385,281,235,49,17,0,3,46,16.4,0,0,2.11,0.72,0.47,-0.06,90.7,145.0,28.510638297872344,2.9787234042553195,2.491103202846975,5.78,-0.14,0.09,2.32,0.246,7.0,-5.151086957,0.248,0.34,5.151086957,-0.002,-0.002,0.002,0.0,19.9,37.7,8.871961561507646,-0.9608526357933602,38.39430350907162,0.4897579143389199,35.6879346603641,30.61045613119759
550,665052,"Conine, Griffin",1140,48.2,0.272,0.24,0.323,0.512,0.335,0.331,0.268,67,246,91.4,13.1,2274,89.1,89.23,205,550,0,0.1000000000000085,6.38,117,147,123,151,295,324,301,6.633,-6.633,72.0,7.4,2.904236911,246,172,42,8,0,17,74,30.1,0,0,2.37,0.55,0.38,-0.23,93.2,161.0,50.0,15.11627906976744,10.569105691056912,5.61,-1.12,-0.03,2.3,0.272,26.0,-1.206,0.268,0.516,1.206,0.004,0.004,-0.004,0.004,37.3,35.4,12.59915336719062,0.388142437029192,27.6528857532421,0.4945054945054945,38.60933104793432,31.67749756081741
550,663743,"Fortes, Nick",1064,51.7,0.271,0.116,0.292,0.386,0.284,0.251,0.248,75,277,83.9,7.8,2247,89.9,90.12,98,550,0,0.1999999999999886,6.5,107,150,116,146,297,322,289,17.05,-17.05,70.3,7.4,3.06055545,282,249,53,17,0,5,33,11.7,0,0,2.21,0.67,0.46,-0.11,92.2,133.0,35.22267206477733,2.0242914979757085,1.773049645390071,5.76,0.23,-0.02,2.43,0.27,5.0,-3.1,0.247,0.334,3.1,0.023,0.023,0.052,0.033,17.8,37.1,2.696092694543784,-7.205536420028991,19.68589627727724,0.3820224719101123,37.00154490185767,28.89338571789593
550,642086,"Smith, Dominic",1127,48.8,0.268,0.128,0.276,0.396,0.282,0.275,0.25,67,250,87.4,12.8,2281,89.9,90.36,117,550,0,0.5,6.49,116,146,122,151,296,322,303,18.744,-18.744,66.7,6.8,2.898280354,256,223,52,6,1,8,33,12.9,0,0,2.35,0.51,0.29,-0.25,91.2,160.0,32.57918552036199,5.429864253393665,4.6875,5.72,-1.39,-0.09,2.34,0.263,12.0,-3.408,0.25,0.39,3.408,0.018,0.013,0.006,0.007,21.3,37.1,7.918986048733769,-2.975047460826652,30.721104381320288,0.4760147601476014,36.21281238764962,34.6970085346511
547,668901,"Vientos, Mark",1019,53.7,0.225,0.194,0.24,0.419,0.273,0.294,0.243,57,253,89.8,14.8,2236,89.2,89.18,169,547,0,0.0,6.31,106,151,123,147,302,327,295,17.849,-17.849,72.0,7.5,3.973305365,255,196,34,10,0,13,59,23.1,0,0,2.38,0.54,0.38,-0.07,92.3,154.0,44.38775510204081,10.20408163265306,7.84313725490196,5.8,-0.21,0.04,2.33,0.224,20.0,-3.263071298,0.241,0.458,3.263071298,-0.018,-0.0169999999999999,-0.039,-0.021,30.9,37.3,12.712774506872648,0.9871850579447992,31.50992713143695,0.6095764272559853,36.43904562060272,29.215027508067937
538,678218,"Valenzuela, Brandon",1088,49.4,0.234,0.151,0.272,0.385,0.265,0.282,0.257,51,218,87.0,14.1,2249,89.9,90.03,139,538,0,0.0999999999999943,6.42,113,147,120,150,293,323,294,21.241,-21.241,70.6,7.7,3.353505238,220,167,34,9,0,8,53,24.1,0,0,2.28,0.6,0.42,-0.42,91.1,153.0,37.12574850299401,6.58682634730539,5.0,5.73,-0.37,-0.04,2.31,0.233,11.0,-3.948141264,0.257,0.399,3.948141264,-0.023,-0.0239999999999999,-0.014,-0.017,25.8,38.1,8.12124021431245,-8.819724750684228,32.896389624065755,0.4952380952380952,37.58223144145384,32.12298582729822
537,669242,"Edman, Tommy",1159,46.3,0.262,0.141,0.294,0.402,0.286,0.271,0.258,67,256,86.4,12.2,2264,89.9,90.19,121,537,0,0.2999999999999971,6.4,114,148,113,150,294,320,296,13.252,-13.252,69.4,6.9,2.816584878,259,214,47,11,2,7,45,17.4,0,0,2.32,0.53,0.39,-0.39,91.3,139.0,32.3943661971831,5.164319248826291,4.247104247104247,5.68,-0.7,0.06,2.28,0.262,11.0,-2.467783985,0.258,0.372,2.467783985,0.004,0.004,0.03,0.015,22.5,36.0,8.429292210732756,-0.8696660976843054,26.39882766856611,0.5492424242424242,35.91879886470939,28.742678069708976
533,624641,"Sosa, Edmundo",878,60.7,0.255,0.176,0.281,0.431,0.289,0.319,0.288,55,216,87.6,10.9,2267,89.1,89.23,143,533,0,0.1000000000000085,6.37,107,151,120,146,298,322,289,5.864,-5.864,71.2,8.1,3.530372279,221,176,35,10,2,8,44,19.9,0,0,2.4,0.51,0.37,-0.08,91.9,145.0,39.548022598870055,7.344632768361582,5.88235294117647,5.73,0.57,0.12,2.19,0.251,13.0,-1.100187617,0.285,0.463,1.100187617,-0.033,-0.0339999999999999,-0.032,-0.03,26.8,36.2,10.577828125596236,-3.031906981536288,33.92549264841586,0.5692599620493358,36.96815749312092,30.414468447499072
531,624424,"Conforto, Michael",1195,44.4,0.265,0.256,0.288,0.521,0.328,0.307,0.257,62,234,90.4,17.4,2222,89.9,90.16,146,531,0,0.2999999999999971,6.4,118,146,123,151,294,325,301,5.485,-5.485,70.6,7.2,3.383191641,238,178,32,15,0,15,60,25.2,0,0,2.36,0.57,0.45,-0.45,92.2,165.0,42.3728813559322,11.864406779661016,8.823529411764707,5.67,-1.74,0.04,2.21,0.261,21.0,-1.032956685,0.254,0.478,1.032956685,0.008,0.007,0.043,0.021,27.5,35.9,11.496506888458685,-4.056451645886241,30.98894575667144,0.5090180360721442,37.92036840985358,30.77938354452747
530,664728,"Isbel, Kyle",1098,48.3,0.24,0.114,0.266,0.354,0.255,0.25,0.246,61,254,83.2,8.8,2248,90.1,90.31,96,530,0,0.2000000000000028,6.45,111,145,102,149,289,321,300,21.438,-21.438,66.4,6.7,3.240833684,264,221,45,9,1,6,43,16.3,0,0,2.29,0.55,0.4,-0.26,91.3,142.0,32.57918552036199,2.7149321266968327,2.272727272727273,5.66,-0.96,-0.01,2.32,0.238,6.0,-4.04490566,0.245,0.333,4.04490566,-0.006,-0.007,0.021,0.005,18.1,36.2,-0.5102416312220278,-5.180096930858089,25.724085279444427,0.3522504892367906,36.44362889352597,28.46304621586863
528,542303,"Ozuna, Marcell",1245,42.4,0.222,0.135,0.264,0.357,0.249,0.283,0.242,51,230,89.1,20.3,2300,89.3,89.58,159,528,0,0.2999999999999971,6.4,106,151,122,146,308,322,293,25.151,-25.151,71.9,7.3,4.164354885,230,171,36,7,0,8,59,25.7,0,0,2.35,0.56,0.36,0.03,91.8,158.0,37.5,7.738095238095238,5.652173913043479,5.71,-0.33,0.11,2.28,0.222,13.0,-4.76344697,0.242,0.425,4.76344697,-0.02,-0.0199999999999999,-0.068,-0.034,30.1,38.1,14.466932804217132,-3.8740839618430254,36.30230104186107,0.4578544061302682,35.57225808872429,32.74844094140357
527,663837,"Vierling, Matt",1098,48.0,0.213,0.132,0.23,0.345,0.235,0.284,0.264,55,258,87.7,17.6,2268,89.6,89.89,96,527,0,0.3000000000000113,6.48,106,151,119,145,303,328,289,21.942,-21.942,69.7,7.4,2.734212675,264,223,34,13,3,5,41,15.5,0,0,2.19,0.71,0.34,-0.05,91.5,172.0,37.38738738738739,4.954954954954955,4.166666666666666,5.76,-0.28,0.08,2.4,0.209,11.0,-4.163567362,0.266,0.393,4.163567362,-0.051,-0.057,-0.048,-0.049,18.2,39.6,8.141065284465608,-0.327558085529665,31.1420812434436,0.5621414913957935,36.07210326028091,31.271719696753383
527,592450,"Judge, Aaron",1234,42.7,0.274,0.308,0.289,0.582,0.36,0.393,0.294,57,208,94.0,15.0,2273,89.2,89.25,173,527,0,0.0999999999999943,6.46,107,152,126,146,307,333,295,-0.834,0.834,74.2,8.0,3.593147372,211,153,29,10,0,18,56,26.5,0,0,2.39,0.53,0.3,0.09,93.2,174.0,57.51633986928104,20.91503267973856,15.165876777251183,5.81,-0.78,-0.05,2.5,0.273,32.0,0.158254269,0.292,0.648,-0.158254269,-0.02,-0.0189999999999999,-0.066,-0.033,32.8,40.2,11.098055207354587,-3.876303743471549,38.60726853465061,0.4748062015503876,41.59847151808384,28.21060021642421
523,699013,"Valdez, Esmerlyn",1267,41.3,0.262,0.313,0.328,0.575,0.348,0.301,0.225,56,214,91.9,18.0,2254,89.7,90.02,210,523,0,0.2999999999999971,6.39,106,151,123,146,306,324,293,8.648,-8.648,72.5,7.9,3.085127204,217,136,24,14,1,17,81,37.3,0,0,2.27,0.63,0.43,0.09,92.5,167.0,49.26470588235294,19.852941176470587,12.442396313364055,5.66,-0.39,0.09,2.3,0.258,27.0,-1.653537285,0.223,0.496,1.653537285,0.037,0.035,0.079,0.047,40.2,37.7,15.270505209506778,3.5793167264605192,34.39002016150288,0.515625,39.21355785784462,27.57954348100843
521,596115,"Story, Trevor",936,55.7,0.261,0.128,0.344,0.389,0.279,0.249,0.232,59,226,86.8,14.6,2313,89.6,89.7,160,521,0,0.1000000000000085,6.43,106,151,120,146,293,323,293,13.439,-13.439,69.2,7.3,3.163285033,228,162,40,14,0,5,66,28.9,0,0,2.31,0.59,0.26,0.06,91.1,154.0,37.03703703703704,5.555555555555555,3.947368421052632,5.75,-0.9,0.12,2.29,0.259,9.0,-2.579462572,0.231,0.349,2.579462572,0.029,0.0279999999999999,0.04,0.03,30.7,38.6,10.136311338080848,-1.1143601117565003,29.639151797504017,0.4766536964980545,39.70189527096269,33.96928273828746
519,683734,"Vaughn, Andrew",1357,38.2,0.325,0.148,0.355,0.472,0.342,0.297,0.28,88,271,90.1,11.2,2270,90.0,90.34,101,519,0,0.2999999999999971,6.43,107,150,122,147,306,324,292,1.162,-1.162,68.6,7.1,3.564677271,273,237,62,18,2,6,36,13.2,0,0,2.27,0.61,0.35,0.04,92.2,149.0,43.459915611814345,5.063291139240507,4.395604395604396,5.68,-0.41,0.0,2.26,0.322,12.0,-0.2238921,0.28,0.404,0.2238921,0.045,0.0419999999999999,0.068,0.045,19.5,36.7,6.826849282851662,-0.5250553180724464,29.292376332495703,0.4808080808080808,37.3446144938398,28.676119733981764
518,671289,"Freeman, Tyler",1024,50.6,0.256,0.069,0.275,0.325,0.254,0.277,0.275,63,246,84.8,8.8,2279,90.1,90.62,64,518,0,0.5,6.42,105,150,111,147,307,325,290,17.855,-17.855,66.1,6.7,4.047824613,253,228,53,6,1,3,25,9.9,0,0,2.26,0.58,0.37,-0.01,91.1,147.0,36.12334801762114,1.3215859030837005,1.185770750988142,5.73,-0.36,0.06,2.31,0.256,3.0,-3.446911197,0.275,0.365,3.446911197,-0.019,-0.019,-0.04,-0.023,12.4,38.2,-0.2039705043618863,-0.6280630194084099,34.19955784314224,0.2854251012145749,38.46601508072583,28.046451739847463
516,806068,"Emerson, Colt",964,53.5,0.202,0.154,0.258,0.356,0.236,0.226,0.208,42,208,85.7,12.9,2274,90.2,90.58,176,516,0,0.3999999999999915,6.43,116,146,109,151,287,322,301,21.508,-21.508,70.7,7.1,2.332163444,211,141,27,6,1,8,70,33.2,0,0,2.24,0.59,0.37,-0.13,90.7,153.0,31.20567375886525,4.964539007092199,3.3175355450236967,5.71,-0.6,0.04,2.34,0.2,7.0,-4.168217054,0.208,0.319,4.168217054,-0.006,-0.0079999999999999,0.037,0.01,34.1,37.5,9.252709860748933,3.550557305620666,30.35962957066112,0.5244618395303327,35.17323452977015,31.774987849998777
516,666023,"Fermin, Freddy",1001,51.5,0.207,0.117,0.234,0.324,0.225,0.24,0.225,44,213,85.5,14.2,2300,90.4,90.66,138,516,0,0.2999999999999971,6.48,107,151,116,147,301,321,289,22.871,-22.871,66.2,7.4,4.715275653,222,179,27,13,0,4,41,18.5,0,0,2.22,0.63,0.41,0.2,90.8,157.0,29.60893854748604,3.910614525139665,3.153153153153153,5.66,-0.79,0.09,2.26,0.204,7.0,-4.432364341,0.224,0.336,4.432364341,-0.018,-0.02,-0.012,-0.015,26.7,36.3,11.523142320094598,-3.4953373933334864,34.421594676389084,0.5051124744376279,35.22785843584217,30.62091857288365
511,681481,"Carpenter, Kerry",1017,50.2,0.217,0.217,0.24,0.434,0.273,0.266,0.222,48,221,89.8,21.4,2219,88.6,88.89,146,511,0,0.3000000000000113,6.43,117,146,126,152,297,331,299,12.424,-12.424,70.1,7.3,2.656256855,226,159,28,5,2,13,65,28.8,0,0,2.5,0.44,0.35,-0.37,91.6,172.0,44.0251572327044,9.433962264150944,6.637168141592921,5.6,-1.5,0.01,2.26,0.214,15.0,-2.431311155,0.221,0.406,2.431311155,-0.005,-0.007,0.028,0.007,28.6,35.3,17.39935894182034,0.0817780894975987,35.29416487766726,0.4654832347140039,39.09713579734379,26.927322651884648
507,668723,"Vilade, Ryan",1035,49.0,0.278,0.215,0.297,0.493,0.324,0.317,0.279,58,209,88.6,17.9,2236,90.5,90.64,118,507,0,0.0999999999999943,6.45,106,151,121,147,304,326,290,6.947,-6.947,74.7,7.4,2.682649452,213,170,37,8,2,11,43,20.2,0,0,2.06,0.77,0.48,-0.2,91.5,165.0,39.64497041420118,7.100591715976331,5.633802816901409,5.78,0.78,-0.07,2.37,0.274,12.0,-1.370216963,0.277,0.471,1.370216963,-0.001,-0.003,0.022,0.007,23.3,37.5,3.676869037011035,-1.342395844118229,30.806552416378377,0.360655737704918,35.15991669393745,30.20553997888191
506,681351,"O'Hoppe, Logan",989,51.2,0.235,0.09,0.28,0.325,0.241,0.252,0.222,55,234,86.5,16.6,2301,88.9,88.92,145,506,0,0.0,6.42,107,151,120,145,305,325,294,23.932,-23.932,68.9,7.3,4.943102238,237,187,42,9,0,4,50,21.1,0,0,2.43,0.53,0.26,0.0,92.0,150.0,35.82887700534759,9.090909090909092,7.172995780590717,5.71,-0.75,0.13,2.32,0.233,17.0,-4.729644269,0.224,0.358,4.729644269,0.013,0.009,-0.033,-0.011,28.7,37.6,11.854145034219634,-4.274305745915505,30.842093615716376,0.5915492957746479,36.18722778896723,33.77905051980456
506,620443,"Torrens, Luis",1051,48.1,0.258,0.176,0.282,0.433,0.296,0.274,0.247,60,233,88.1,7.2,2295,90.0,90.06,108,506,0,0.0999999999999943,6.37,108,150,122,147,303,323,289,12.346,-12.346,68.4,7.0,3.193321457,236,193,37,14,0,9,43,18.2,0,0,2.27,0.59,0.38,0.09,91.4,158.0,42.10526315789473,5.789473684210527,4.661016949152542,5.76,-0.57,-0.03,2.41,0.258,11.0,-2.439920949,0.247,0.392,2.439920949,0.011,0.011,0.041,0.022,21.3,37.9,6.760595398674056,8.046373039868838,30.602024878881835,0.4950099800399201,38.32790206254279,24.46064236525507
505,666211,"Trammell, Taylor",1050,48.1,0.217,0.168,0.275,0.385,0.257,0.257,0.206,49,226,87.5,14.4,2267,90.1,90.24,197,505,0,0.1000000000000085,6.45,116,146,109,152,288,329,300,18.709,-18.709,73.3,7.8,3.496780785,227,158,29,10,2,8,69,30.4,0,0,2.24,0.62,0.37,-0.41,92.2,156.0,37.9746835443038,12.658227848101266,8.81057268722467,5.75,-1.32,-0.05,2.36,0.217,20.0,-3.704752475,0.206,0.402,3.704752475,0.011,0.011,-0.017,0.0,39.0,36.5,8.93502236496197,-6.730940844974068,29.260515058899944,0.4838709677419355,35.2773924202484,31.22559726392601
504,609280,"Andujar, Miguel",935,53.9,0.266,0.167,0.291,0.433,0.3,0.282,0.27,62,233,88.3,6.6,2234,89.8,90.06,93,504,0,0.2999999999999971,6.49,108,151,122,146,299,322,294,10.58,-10.58,69.4,7.5,4.247142443,233,201,35,20,2,5,32,13.7,0,0,2.39,0.48,0.38,0.02,91.8,144.0,36.318407960199,4.477611940298507,3.862660944206009,5.65,-0.47,0.03,2.31,0.266,9.0,-2.099206349,0.27,0.385,2.099206349,-0.004,-0.004,0.048,0.018,18.5,35.9,6.9268759019803285,-2.399530382359165,26.02836007813884,0.5654885654885655,39.37616239048807,32.5505210211455
503,545341,"Grichuk, Randal",956,52.6,0.29,0.274,0.318,0.564,0.358,0.325,0.284,70,241,91.4,16.1,2226,89.5,89.78,122,503,0,0.2999999999999971,6.44,107,151,121,145,299,326,293,1.29,-1.29,72.5,7.6,3.689589552,244,192,32,23,2,13,52,21.3,0,0,2.24,0.64,0.39,-0.24,93.3,168.0,49.73821989528796,10.471204188481677,8.19672131147541,5.82,0.86,0.02,2.2,0.287,20.0,-0.256461233,0.283,0.481,0.256461233,0.006,0.004,0.083,0.033,24.3,38.5,8.215027132228617,-3.679776971620644,26.935821930077022,0.5734406438631791,38.26306819408911,30.98343410113296
499,685133,"Meckler, Wade",1123,44.4,0.305,0.088,0.36,0.393,0.305,0.278,0.271,80,262,85.0,5.8,2177,90.4,90.5,108,499,0,0.0999999999999943,6.43,115,146,103,151,289,320,302,15.324,-15.324,66.1,6.6,3.6533796,264,219,63,14,0,3,45,17.0,0,0,2.24,0.59,0.45,-0.42,90.7,145.0,33.33333333333333,2.73972602739726,2.272727272727273,5.75,-1.29,-0.1,2.25,0.305,6.0,-3.070941884,0.271,0.37,3.070941884,0.034,0.0339999999999999,0.023,0.027,21.6,37.7,10.713087515496284,1.8732857461812435,40.872514946049385,0.4381338742393509,34.97868607164169,29.68779729158553
498,670032,"Lopez, Nicky",949,52.5,0.28,0.041,0.323,0.321,0.262,0.242,0.255,61,218,80.7,-0.3,2252,90.0,90.22,92,498,0,0.2000000000000028,6.44,113,144,105,149,281,316,298,17.193,-17.193,62.6,6.5,1.444879544,232,199,55,4,1,1,33,14.2,0,0,2.24,0.61,0.37,-0.25,89.8,137.0,22.110552763819097,0.0,0.0,5.73,-0.91,0.04,2.2,0.277,0.0,-3.452409639,0.253,0.305,3.452409639,0.025,0.024,0.016,0.02,18.5,37.8,5.342625931763834,10.985398182409382,25.423688304843157,0.5407098121085595,38.8677010730641,22.191871718409477
497,668952,"Kreidler, Ryan",957,51.9,0.229,0.175,0.257,0.404,0.27,0.269,0.229,51,223,87.4,12.1,2303,88.9,89.19,155,497,0,0.2999999999999971,6.42,105,150,116,145,299,324,289,18.161,-18.161,70.9,7.7,2.957746842,224,176,31,9,3,8,48,21.4,0,0,2.45,0.51,0.24,-0.13,91.4,142.0,37.5,8.522727272727272,6.696428571428571,5.74,-0.36,0.1,2.38,0.229,15.0,-3.654124748,0.229,0.403,3.654124748,0.0,0.0,0.001,0.001,31.2,37.6,10.794931374770654,-1.0745629622274049,32.403558219248616,0.6161616161616161,40.58040565966949,33.209385644611764
495,641933,"O'Neill, Tyler",1049,47.2,0.232,0.18,0.262,0.412,0.276,0.282,0.234,49,211,89.4,22.5,2217,90.0,90.34,157,495,0,0.2999999999999971,6.54,108,152,123,146,304,328,296,18.511,-18.511,70.8,7.3,3.641094846,211,159,31,8,0,10,52,24.6,0,0,2.21,0.65,0.48,-0.02,92.0,168.0,42.76729559748428,8.80503144654088,6.6350710900473935,5.71,0.04,0.06,2.26,0.232,14.0,-3.73959596,0.234,0.431,3.73959596,-0.002,-0.002,-0.019,-0.006,31.7,35.6,14.600740222517064,-5.910796150384104,35.12603371910759,0.534020618556701,33.56683150882812,31.62624194736336
494,664702,"Straw, Myles",1215,40.7,0.245,0.109,0.267,0.354,0.256,0.264,0.26,67,274,84.2,15.9,2246,90.6,90.74,64,494,0,0.1000000000000085,6.43,105,150,109,146,299,317,281,19.57,-19.57,65.2,6.8,2.383433667,281,247,44,19,1,3,34,12.1,0,0,2.1,0.71,0.49,0.01,90.4,152.0,25.910931174089068,2.834008097165992,2.491103202846975,5.71,0.34,0.01,2.36,0.242,7.0,-3.961538462,0.258,0.357,3.961538462,-0.015,-0.016,-0.003,-0.008,13.0,36.3,5.616865570044178,-1.9493056244518896,33.65699254306885,0.4817204301075269,33.76454873343423,28.39139180739693
491,642350,"Siri, Jose",914,53.7,0.244,0.18,0.32,0.424,0.285,0.282,0.23,50,205,88.3,14.0,2270,88.5,88.59,183,491,0,0.0999999999999943,6.46,105,150,114,145,308,325,295,10.984,-10.984,70.6,7.6,4.253289661,209,140,31,10,0,9,69,33.0,0,0,2.54,0.48,0.3,-0.07,91.9,153.0,42.44604316546763,13.66906474820144,9.090909090909092,5.79,-0.04,0.17,2.11,0.243,19.0,-2.23706721,0.23,0.439,2.23706721,0.014,0.0129999999999999,-0.015,0.003,37.3,39.2,10.556440346075428,-2.7678270380055867,33.655111128740565,0.4787234042553192,36.88146801538291,30.399975131596765
491,666969,"García, Adolis",1082,45.4,0.207,0.143,0.266,0.35,0.236,0.266,0.234,45,217,92.1,14.5,2299,89.7,89.97,170,491,0,0.2999999999999971,6.46,107,151,123,145,303,326,293,23.536,-23.536,69.9,7.6,3.332100234,220,150,29,8,1,7,70,31.8,0,0,2.29,0.58,0.32,0.11,92.4,170.0,48.0,9.333333333333334,6.363636363636363,5.78,-0.74,0.1,2.32,0.205,14.0,-4.793482688,0.235,0.386,4.793482688,-0.027,-0.03,-0.036,-0.03,34.6,38.9,9.063888785618325,0.4651451397289138,29.030133811408888,0.5532786885245902,36.404160745748754,31.366002253779172
491,553869,"Díaz, Elias",903,54.4,0.248,0.168,0.285,0.416,0.28,0.257,0.228,50,202,86.6,14.0,2292,89.4,89.62,143,491,0,0.1999999999999886,6.45,107,151,122,146,305,326,291,14.333,-14.333,72.2,6.9,4.601854702,209,162,30,13,0,7,47,22.5,0,0,2.29,0.61,0.29,-0.03,91.8,153.0,40.37267080745342,8.695652173913043,6.698564593301436,5.76,-0.15,0.12,2.1,0.244,14.0,-2.919144603,0.229,0.37,2.919144603,0.02,0.0149999999999999,0.046,0.023,29.1,38.7,6.702011065233847,-4.394877929371579,29.11543317796721,0.516597510373444,36.61168130631522,36.85406902286554
490,672580,"Garcia, Maikel",1235,39.7,0.277,0.122,0.298,0.399,0.29,0.299,0.29,77,278,89.3,9.3,2310,91.1,91.4,71,490,0,0.3000000000000113,6.46,107,150,116,145,307,325,292,13.796,-13.796,69.8,7.0,2.869053111,280,251,52,19,3,3,29,10.4,0,0,2.11,0.67,0.38,0.19,92.1,159.0,40.23904382470119,4.382470119521913,3.928571428571429,5.67,-1.04,0.08,2.42,0.275,11.0,-2.815510204,0.291,0.394,2.815510204,-0.013,-0.0159999999999999,0.005,-0.009,14.5,37.5,2.995090176098302,1.7995330658179165,28.37003258199452,0.3909465020576131,34.87300444263897,32.19055344103285
490,672386,"Kirk, Alejandro",1149,42.6,0.287,0.143,0.292,0.43,0.307,0.278,0.27,74,258,88.2,8.7,2263,90.0,90.23,79,490,0,0.2000000000000028,6.47,110,151,124,147,303,324,288,7.899,-7.899,69.8,7.0,2.815633363,261,229,57,7,0,10,32,12.3,0,0,2.28,0.57,0.39,0.14,92.0,158.0,40.35087719298245,3.947368421052632,3.4482758620689653,5.68,-0.83,-0.1,2.19,0.284,9.0,-1.612040816,0.267,0.379,1.612040816,0.017,0.0169999999999999,0.051,0.029,16.1,36.4,4.974990460567367,8.985396075307976,22.42530896376513,0.490721649484536,39.19386753326679,28.28356483523285
489,622268,"Walton, Donovan",959,51.0,0.283,0.195,0.301,0.478,0.326,0.285,0.263,58,205,85.7,11.5,2205,89.8,90.03,127,489,0,0.2000000000000028,6.44,115,146,109,151,288,320,299,9.447,-9.447,65.3,6.7,3.5257947,207,176,35,14,1,8,31,15.0,0,0,2.34,0.53,0.46,-0.4,90.9,157.0,32.95454545454545,5.113636363636364,4.3478260869565215,5.65,-1.61,-0.03,2.17,0.283,9.0,-1.93190184,0.263,0.402,1.93190184,0.02,0.0199999999999999,0.076,0.041,26.0,36.0,11.319861477926109,-3.9702928265592536,33.55692680682055,0.4759916492693111,36.169530541782045,34.14657242051837
488,663457,"Nootbaar, Lars",1310,37.3,0.261,0.154,0.284,0.415,0.288,0.318,0.274,63,241,91.7,8.9,2224,90.8,91.1,92,488,0,0.2999999999999971,6.42,118,147,116,152,297,328,305,18.322,-18.322,70.8,6.8,2.780792829,244,205,41,14,1,7,39,16.0,0,0,2.19,0.6,0.46,-0.35,92.8,161.0,50.24390243902439,9.75609756097561,8.19672131147541,5.7,-1.4,-0.07,2.39,0.259,20.0,-3.754508197,0.272,0.48,3.754508197,-0.013,-0.013,-0.065,-0.03,18.9,37.1,7.837687607829077,0.8865138721359308,29.949351204122905,0.5104166666666666,38.03697902756578,31.372446067120062
488,543877,"Vázquez, Christian",1016,48.0,0.213,0.122,0.233,0.335,0.235,0.206,0.2,49,230,83.4,14.4,2332,90.9,90.97,96,488,0,0.0999999999999943,6.42,107,150,120,147,295,322,285,21.276,-21.276,62.8,6.5,3.180484269,236,192,35,7,0,7,44,18.6,0,0,2.1,0.7,0.35,0.12,90.1,150.0,22.395833333333336,2.083333333333333,1.694915254237288,5.8,-0.93,0.04,2.31,0.212,4.0,-4.359836066,0.201,0.276,4.359836066,0.013,0.0109999999999999,0.059,0.029,19.7,37.5,7.538981510247091,3.67230277609352,28.17220790651497,0.5585774058577406,36.92622261891936,31.867896470102533
481,814439,"Waldschmidt, Ryan",1105,43.5,0.284,0.117,0.366,0.401,0.293,0.283,0.265,63,222,85.1,15.0,2294,89.4,89.54,152,481,0,0.0999999999999943,6.34,106,151,114,146,302,324,291,11.782,-11.782,69.9,6.8,4.691142248,229,170,44,15,1,3,58,25.3,0,0,2.37,0.52,0.26,0.04,90.9,165.0,29.411764705882355,6.470588235294119,4.80349344978166,5.65,-0.73,0.06,2.22,0.28,11.0,-2.449480249,0.264,0.398,2.449480249,0.019,0.016,0.003,0.01,31.6,36.5,8.4185229284581,-9.370567050827988,35.95550651616066,0.3961864406779661,34.22368049499897,27.04597439528652
478,694378,"Gonzalez, Jacob",856,55.8,0.236,0.141,0.252,0.377,0.262,0.291,0.266,45,191,87.7,16.7,2253,90.5,90.88,99,478,0,0.4000000000000057,6.5,115,146,114,150,290,320,300,17.427,-17.427,68.8,7.1,2.291268514,193,162,30,9,0,6,31,16.1,0,0,2.27,0.58,0.41,-0.4,91.1,168.0,37.88819875776397,4.3478260869565215,3.6269430051813463,5.72,-1.4,-0.02,2.35,0.234,7.0,-3.6458159,0.265,0.417,3.6458159,-0.03,-0.031,-0.04,-0.029,20.7,37.5,7.24934812911648,0.0510828276502648,28.723098356474868,0.5255319148936171,36.32515387626083,30.25359972651456
472,683748,"Mesa Jr., Victor",863,54.7,0.256,0.256,0.261,0.512,0.324,0.3,0.252,54,211,86.9,20.7,2247,90.0,90.1,123,472,0,0.0999999999999943,6.41,114,146,103,150,289,325,302,4.605,-4.605,71.0,7.7,2.032144839,214,169,31,6,3,14,45,21.0,0,0,2.23,0.64,0.41,-0.26,91.7,172.0,40.23668639053255,11.83431952662722,9.345794392523365,5.74,-1.0,-0.06,2.26,0.255,20.0,-0.975635593,0.251,0.457,0.975635593,0.004,0.004,0.055,0.024,26.1,37.4,8.051959874299826,-1.8731508090660705,30.02736357112092,0.6034858387799564,37.020746569995225,28.23165748386376
472,642708,"Rosario, Amed",856,55.1,0.243,0.181,0.263,0.424,0.281,0.297,0.256,51,210,90.3,11.5,2169,88.4,88.65,126,472,0,0.1999999999999886,6.5,109,152,122,147,302,324,287,9.3,-9.3,72.6,7.3,2.640742924,213,166,34,6,1,10,47,22.1,0,0,2.43,0.58,0.37,-0.29,92.0,159.0,39.75903614457831,10.843373493975903,8.450704225352112,5.8,0.71,0.1,2.33,0.239,18.0,-1.970338983,0.256,0.443,1.970338983,-0.013,-0.017,-0.019,-0.016,26.7,39.4,6.214024150829599,-2.303381380813944,30.44699446622192,0.4768211920529801,33.906062027255736,28.860714418599237
465,666397,"Julien, Edouard",1139,40.8,0.236,0.096,0.284,0.332,0.246,0.314,0.28,49,208,90.4,8.2,2280,90.1,90.78,110,465,0,0.7000000000000028,6.47,118,147,112,151,296,331,309,21.648,-21.648,69.4,6.9,3.172146204,208,165,36,9,1,3,43,20.7,0,0,2.26,0.56,0.31,-0.32,91.8,155.0,49.696969696969695,7.272727272727272,5.769230769230769,5.69,-1.62,0.08,2.31,0.236,12.0,-4.655483871,0.28,0.455,4.655483871,-0.044,-0.044,-0.123,-0.068,23.7,36.3,10.160749178230072,8.652960946286031,42.62656904883303,0.3620309050772627,37.41664660706776,25.126621963955888
463,687221,"Rushing, Dalton",940,49.3,0.285,0.249,0.314,0.534,0.347,0.332,0.286,55,193,88.8,18.4,2283,90.2,90.51,148,463,0,0.2999999999999971,6.38,115,144,122,150,295,324,301,4.711,-4.711,70.5,7.4,2.716176725,194,149,31,12,0,12,45,23.2,0,0,2.27,0.57,0.37,-0.31,92.3,166.0,44.29530201342282,12.08053691275168,9.278350515463918,5.71,-0.96,0.01,2.2,0.284,18.0,-1.0174946,0.287,0.488,1.0174946,-0.001,-0.003,0.046,0.015,32.0,35.8,12.1314532893968,-2.707678155892157,35.01225751713577,0.5131004366812227,36.96172883728427,31.054777627338872
456,807799,"Yoshida, Masataka",1076,42.4,0.283,0.13,0.294,0.413,0.298,0.284,0.271,72,254,88.8,8.9,2231,89.8,90.14,71,456,0,0.2999999999999971,6.45,116,146,123,151,283,320,303,10.564,-10.564,70.3,7.0,3.219438986,257,233,50,16,1,5,24,9.3,0,0,2.28,0.6,0.4,-0.33,92.1,156.0,39.91416309012876,3.433476394849785,3.11284046692607,5.77,-1.45,-0.01,2.31,0.28,8.0,-2.316666667,0.272,0.385,2.316666667,0.012,0.008,0.028,0.014,15.6,38.8,7.223544506040342,0.971969875886927,32.66659873168122,0.4571428571428571,33.29577125001334,30.78222586386323
455,810938,"Williamson, Ben",1057,43.0,0.268,0.092,0.296,0.36,0.273,0.274,0.274,61,228,86.4,3.1,2245,89.9,90.15,78,455,0,0.2999999999999971,6.53,106,150,117,147,300,321,286,14.043,-14.043,67.1,6.7,2.662940885,229,200,47,10,1,3,29,12.7,0,0,2.16,0.7,0.39,-0.13,91.4,145.0,33.165829145728644,1.507537688442211,1.310043668122271,5.78,0.02,-0.03,2.43,0.268,3.0,-3.086373626,0.274,0.36,3.086373626,-0.006,-0.006,0.0,-0.001,17.1,38.3,1.5115882687314308,6.8868314002338265,28.67704473837997,0.3263403263403263,39.423516330572674,26.594169055147194
453,699393,"Ramírez, Pedro",906,50.0,0.282,0.163,0.303,0.445,0.31,0.27,0.26,59,209,88.8,13.0,2240,89.3,89.64,90,453,0,0.2999999999999971,6.41,115,146,112,150,293,320,299,6.68,-6.68,70.0,7.4,2.830097549,212,182,39,12,2,6,30,14.2,0,0,2.44,0.53,0.38,-0.37,91.8,152.0,39.010989010989015,4.395604395604396,3.7735849056603774,5.65,-1.17,-0.06,2.24,0.28,8.0,-1.474613687,0.258,0.373,1.474613687,0.022,0.022,0.072,0.04,19.9,35.5,4.088825395291816,-4.77654895544809,24.690940371929777,0.4253897550111358,34.15128212970822,33.28280219497907
452,665923,"Ruiz, Esteury",939,48.1,0.246,0.179,0.319,0.425,0.285,0.229,0.201,44,179,80.0,21.9,2270,89.1,89.22,146,452,0,0.1000000000000085,6.38,104,151,106,146,300,319,285,12.333,-12.333,66.5,7.3,3.723963972,183,127,25,12,1,6,55,30.1,0,0,2.35,0.56,0.35,-0.02,90.4,145.0,25.0,7.8125,5.46448087431694,5.67,0.1,0.13,2.11,0.244,10.0,-2.728539823,0.201,0.334,2.728539823,0.045,0.0429999999999999,0.091,0.056,32.3,37.4,13.259389766062142,-6.310553114026274,36.304841212154656,0.3545454545454545,37.69605285654127,30.42076284053248
452,665804,"Amaya, Miguel",977,46.3,0.242,0.141,0.309,0.384,0.268,0.232,0.209,48,198,86.7,20.9,2268,89.6,90.01,124,452,0,0.4000000000000057,6.52,107,150,121,145,300,321,292,14.749,-14.749,68.0,7.3,3.25194432,203,145,32,10,0,6,57,28.1,0,0,2.35,0.57,0.32,-0.01,90.9,156.0,33.793103448275865,6.896551724137931,4.926108374384237,5.7,-0.72,0.09,2.25,0.241,10.0,-3.263053097,0.209,0.333,3.263053097,0.033,0.032,0.051,0.036,27.4,37.0,11.044537368780208,-7.360198284751004,34.75647522283299,0.5545454545454546,38.00920250482827,26.960869957027107
451,669257,"Smith, Will",1094,41.2,0.267,0.175,0.261,0.442,0.299,0.363,0.296,55,206,88.9,20.2,2293,89.9,90.11,73,451,0,0.1999999999999886,6.4,109,151,122,146,305,323,294,8.606,-8.606,68.2,7.2,2.234537135,210,185,37,9,0,9,25,11.9,0,0,2.28,0.58,0.32,0.09,91.5,195.0,40.0,12.432432432432432,10.952380952380953,5.78,-0.74,0.01,2.33,0.262,23.0,-1.908203991,0.301,0.536,1.908203991,-0.029,-0.0389999999999999,-0.094,-0.064,16.2,37.5,11.75541855738006,3.140219211642211,34.22814477020061,0.6412556053811659,37.07700550393127,29.30576392991821
449,682663,"Ramírez, Agustín",927,48.4,0.259,0.146,0.301,0.405,0.285,0.256,0.246,48,185,89.7,6.3,2268,89.5,89.48,133,449,0,0.0,6.39,106,151,123,146,306,323,291,16.009,-16.009,74.2,7.6,4.098409265,186,148,32,10,1,5,38,20.4,0,0,2.35,0.55,0.45,0.08,92.4,140.0,39.86486486486486,4.72972972972973,3.763440860215054,5.67,-0.38,-0.01,2.23,0.258,7.0,-3.565478842,0.245,0.35,3.565478842,0.013,0.013,0.055,0.029,29.6,36.6,7.739873255266624,-4.511988323373038,24.42476958960086,0.5089686098654709,40.9570297048948,32.33023322143214
447,669134,"Campusano, Luis",961,46.5,0.281,0.188,0.317,0.469,0.322,0.287,0.253,54,192,87.8,17.6,2311,90.0,90.15,118,447,0,0.2000000000000028,6.42,109,152,122,147,300,324,295,6.116,-6.116,70.0,7.8,4.029820882,192,153,34,12,0,8,39,20.3,0,0,2.32,0.54,0.3,0.15,91.7,149.0,38.81578947368421,8.552631578947368,6.770833333333333,5.68,-1.27,0.14,2.28,0.281,13.0,-1.368232662,0.253,0.418,1.368232662,0.028,0.028,0.051,0.035,26.4,36.5,10.362515265432924,-6.304131564753531,25.791760223455167,0.6343825665859564,37.6730730896134,28.72659745380406
447,806198,"Pratt, Cooper",974,45.9,0.29,0.092,0.331,0.382,0.283,0.282,0.276,60,207,85.7,8.6,2284,89.8,90.04,96,447,0,0.2000000000000028,6.41,108,150,113,146,305,321,288,7.735,-7.735,67.7,6.8,2.842860916,217,178,49,6,2,3,39,18.0,0,0,2.37,0.55,0.36,0.04,90.7,154.0,29.142857142857142,3.428571428571429,2.7649769585253456,5.74,-0.74,0.11,2.39,0.28,6.0,-1.730425056,0.275,0.378,1.730425056,0.014,0.005,0.004,0.001,21.5,37.1,5.291956350408127,1.9120729445337203,36.62713453729212,0.3744292237442922,32.30031523418116,28.80260489259882
445,673357,"Robert Jr., Luis",884,50.3,0.239,0.202,0.243,0.441,0.288,0.301,0.259,45,188,89.8,15.1,2266,90.1,90.27,125,445,0,0.2000000000000028,6.44,109,151,123,145,302,325,294,10.761,-10.761,75.0,7.7,3.076337177,190,151,29,5,0,11,39,20.5,0,0,2.22,0.65,0.41,0.1,92.7,142.0,40.397350993377486,9.933774834437086,7.894736842105263,5.73,-0.74,0.09,2.5,0.237,15.0,-2.418202247,0.257,0.453,2.418202247,-0.02,-0.02,-0.012,-0.013,28.1,37.6,9.77420216913889,-3.989017988322453,35.187460540968004,0.5192743764172335,37.0029685924573,28.7378924766052
444,679822,"Foscue, Justin",962,46.2,0.296,0.241,0.327,0.538,0.354,0.32,0.269,59,199,89.3,18.8,2233,89.5,89.67,91,444,0,0.2000000000000028,6.44,107,152,121,146,303,326,293,-3.48,3.48,69.4,7.0,2.494687059,200,158,34,13,1,11,42,21.0,0,0,2.22,0.67,0.42,-0.23,91.5,166.0,42.40506329113924,10.759493670886076,8.5,5.75,0.63,0.07,2.24,0.295,17.0,0.783783784,0.269,0.483,-0.783783784,0.027,0.0259999999999999,0.055,0.034,20.5,38.3,10.767626887887005,-0.3485624511022354,28.85627974512035,0.5384615384615384,38.02012329586852,31.42129613413684
444,690976,"Freeland, Alex",1108,40.1,0.251,0.098,0.323,0.349,0.258,0.258,0.237,54,215,87.8,9.6,2249,90.0,90.29,123,444,0,0.2999999999999971,6.43,113,147,111,151,295,322,300,18.753,-18.753,68.8,6.8,2.313314035,220,162,41,9,0,4,58,26.4,0,0,2.32,0.57,0.4,-0.4,91.6,150.0,39.50617283950617,6.172839506172839,4.545454545454546,5.73,-1.38,0.07,2.28,0.249,10.0,-4.223648649,0.237,0.365,4.223648649,0.014,0.012,-0.016,0.0,27.7,37.5,8.084295884144968,4.715503624924735,30.00472716134611,0.4896073903002309,36.31272487305137,29.458259693744893
443,687952,"Encarnacion-Strand, Christian",736,60.2,0.271,0.237,0.322,0.508,0.328,0.312,0.251,48,177,90.0,17.6,2269,89.7,89.91,131,443,0,0.2000000000000028,6.5,106,151,122,145,304,327,295,-0.081,0.081,71.9,7.3,2.962217286,180,129,26,12,0,10,51,28.3,0,0,2.26,0.62,0.35,0.07,91.6,166.0,39.53488372093023,14.728682170542635,10.555555555555555,5.7,-0.31,0.17,2.27,0.268,19.0,0.018284424,0.248,0.498,-0.018284424,0.02,0.02,0.01,0.016,29.6,37.6,13.538136908033248,1.432175309604359,33.657805535649906,0.5155131264916468,39.072991985064895,28.01263539216297
441,694728,"Matthews, Brice",949,46.5,0.219,0.146,0.263,0.365,0.249,0.25,0.21,42,192,83.3,9.9,2266,89.9,90.0,157,441,0,0.0999999999999943,6.45,106,151,110,146,296,325,289,22.79,-22.79,69.1,7.0,2.838025478,195,142,29,5,1,7,53,27.2,0,0,2.25,0.69,0.41,0.03,91.4,148.0,36.87943262411347,8.51063829787234,6.153846153846154,5.79,-0.35,0.08,2.25,0.218,12.0,-5.167800454,0.213,0.372,5.167800454,0.009,0.005,-0.007,-0.001,35.6,39.0,11.596718647650286,2.3294565478947256,32.10924155248305,0.5023474178403756,33.91206675374322,30.08759106909401
436,670770,"Friedl, TJ",1010,43.2,0.182,0.089,0.214,0.271,0.195,0.21,0.204,41,225,82.9,17.1,2208,90.7,90.92,109,436,0,0.2000000000000028,6.46,113,145,102,151,289,321,295,30.716,-30.716,66.0,6.5,3.323795472,231,182,30,6,1,4,49,21.2,0,0,2.13,0.67,0.59,-0.49,91.0,155.0,29.310344827586203,2.8735632183908044,2.1645021645021645,5.69,-1.38,-0.09,2.26,0.181,5.0,-7.044954128,0.203,0.285,7.044954128,-0.022,-0.022,-0.014,-0.015,25.0,36.9,5.346580594449936,-5.963569592891554,29.392990755838422,0.5600961538461539,33.68600065240484,37.73419123247695
433,622761,"Mateo, Jorge",796,54.4,0.22,0.121,0.28,0.341,0.24,0.269,0.242,40,182,86.2,13.6,2252,88.7,89.07,139,433,0,0.3999999999999915,6.46,106,150,111,145,307,323,290,16.782,-16.782,70.6,7.6,3.582077225,184,131,28,7,0,5,53,28.8,0,0,2.44,0.53,0.33,-0.12,91.0,160.0,35.87786259541985,7.633587786259542,5.434782608695652,5.69,-0.41,0.06,2.41,0.219,10.0,-3.875750577,0.241,0.39,3.875750577,-0.022,-0.0219999999999999,-0.049,-0.029,32.1,36.4,4.756610888089323,-8.845450440003143,28.931434202951323,0.4475524475524475,36.08609310294556,30.976494827586016
428,657656,"Laureano, Ramón",847,50.5,0.215,0.18,0.268,0.395,0.257,0.281,0.235,37,172,88.0,12.0,2257,90.8,90.91,133,428,0,0.1000000000000085,6.42,110,152,122,146,302,324,295,16.152,-16.152,70.2,7.0,3.109613344,174,119,22,6,2,7,55,31.6,0,0,2.25,0.56,0.44,0.15,91.5,165.0,41.17647058823529,14.285714285714285,9.770114942528735,5.64,-0.92,-0.04,2.29,0.213,17.0,-3.773831776,0.233,0.432,3.773831776,-0.02,-0.02,-0.037,-0.024,31.1,34.7,13.964883621886027,0.2201447769524039,33.185582410639284,0.4559193954659949,39.9610190238989,32.862263473219265
426,656537,"Hill, Derek",819,52.0,0.274,0.229,0.319,0.503,0.332,0.292,0.252,48,175,84.5,12.4,2276,89.0,89.31,140,426,0,0.2999999999999971,6.4,102,150,108,147,304,323,290,3.568,-3.568,67.3,6.8,3.181179401,178,130,31,5,1,11,48,27.0,0,0,2.4,0.51,0.27,-0.12,90.9,160.0,34.10852713178294,10.852713178294572,7.865168539325842,5.84,0.78,0.02,2.28,0.274,14.0,-0.837558685,0.252,0.433,0.837558685,0.022,0.022,0.07,0.04,32.9,39.6,12.546818954134649,5.049938632869401,38.1818389168184,0.4463414634146341,36.87380434472588,28.39891218482633
425,675961,"Williams, Alika",806,52.7,0.278,0.175,0.325,0.454,0.312,0.227,0.222,54,194,83.1,14.0,2278,90.2,90.39,96,425,0,0.2000000000000028,6.34,106,151,113,146,300,321,287,7.821,-7.821,66.7,6.8,3.923446331,198,161,29,20,1,4,37,18.7,0,0,2.19,0.64,0.44,-0.11,90.5,146.0,32.298136645962735,1.2422360248447204,1.0101010101010102,5.75,0.0,0.07,2.22,0.277,2.0,-1.840235294,0.221,0.306,1.840235294,0.056,0.056,0.148,0.085,22.6,37.9,6.008843545710477,-7.3648019956673725,36.28331831632911,0.4186666666666667,35.38218390035759,31.00626738354831
424,686780,"Pagés, Pedro",859,49.4,0.229,0.103,0.279,0.331,0.24,0.249,0.23,40,175,85.0,13.1,2293,89.6,89.71,119,424,0,0.1000000000000085,6.39,110,151,122,148,307,324,289,18.831,-18.831,70.0,7.0,4.32559782,181,137,30,6,0,4,44,24.3,0,0,2.33,0.55,0.42,-0.13,91.3,147.0,37.5,4.411764705882353,3.314917127071823,5.68,0.02,-0.05,2.21,0.226,6.0,-4.441273585,0.231,0.348,4.441273585,-0.001,-0.005,-0.017,-0.009,28.1,36.2,10.216501757075312,-5.047658008963835,32.39747642891781,0.4223300970873786,36.66001172912773,35.81799373240446
422,621438,"Taylor, Tyrone",867,48.7,0.293,0.242,0.288,0.535,0.35,0.297,0.26,58,198,85.0,17.2,2220,89.0,89.0,88,422,0,0.0,6.3,108,152,118,146,300,322,293,0.623,-0.623,69.3,7.4,3.116148605,204,178,32,15,0,11,26,12.7,0,0,2.44,0.59,0.4,-0.05,91.4,157.0,33.70786516853933,8.98876404494382,7.84313725490196,5.81,0.32,0.03,2.34,0.29,16.0,-0.147630332,0.26,0.442,0.147630332,0.033,0.0299999999999999,0.093,0.053,20.9,37.8,10.006061202014685,-3.806185897128673,34.51200781262368,0.5315533980582524,36.46307095541179,27.987957622503
422,657136,"Wong, Connor",886,47.6,0.249,0.119,0.303,0.368,0.265,0.251,0.233,48,193,83.4,11.0,2299,89.5,89.71,104,422,0,0.2000000000000028,6.36,107,151,115,146,292,319,290,13.637,-13.637,70.5,7.3,4.59025695,198,153,33,11,0,4,45,22.7,0,0,2.32,0.58,0.3,-0.02,91.7,142.0,35.294117647058826,4.57516339869281,3.535353535353535,5.8,-0.73,0.19,2.2,0.247,7.0,-3.231516588,0.232,0.35,3.231516588,0.016,0.0149999999999999,0.018,0.014,24.6,39.5,11.435436160003484,-5.272249668888377,31.89605205091649,0.4742014742014742,37.19126897585095,36.60273304698693
421,669701,"Smith, Josh",898,46.9,0.227,0.13,0.259,0.357,0.249,0.233,0.212,42,185,84.4,14.0,2220,89.9,90.24,107,421,0,0.2999999999999971,6.52,116,145,109,150,288,322,300,16.355,-16.355,66.2,6.8,4.157175141,189,147,31,4,1,6,42,22.2,0,0,2.35,0.5,0.42,-0.29,91.0,148.0,30.612244897959183,6.802721088435375,5.291005291005291,5.67,-1.15,0.06,2.15,0.225,10.0,-3.8847981,0.21,0.335,3.8847981,0.015,0.015,0.022,0.016,25.4,36.2,10.700414436734034,-4.228664247577842,35.114679757839426,0.4106280193236715,34.33488060420488,32.84186175963318
420,683011,"Volpe, Anthony",915,45.9,0.26,0.097,0.314,0.357,0.267,0.262,0.249,51,196,87.6,12.7,2289,90.0,90.39,101,420,0,0.4000000000000057,6.52,105,150,114,146,302,324,287,16.091,-16.091,68.5,7.0,2.45697103,197,158,37,11,1,2,39,19.8,0,0,2.28,0.6,0.3,-0.02,91.0,165.0,36.94267515923567,4.45859872611465,3.5532994923857872,5.76,-0.41,0.08,2.28,0.259,7.0,-3.831190476,0.25,0.355,3.831190476,0.011,0.009,0.002,0.005,24.0,38.9,8.881533669503678,5.178088441607843,32.297535461483655,0.5410628019323671,37.53001649804919,24.650949755062875
420,642201,"White, Eli",802,52.4,0.254,0.157,0.291,0.411,0.284,0.25,0.237,47,185,84.1,8.7,2203,89.2,89.67,111,420,0,0.5,6.48,105,150,112,146,304,323,292,7.311,-7.311,70.7,7.1,3.002298719,186,147,31,9,1,6,39,21.0,0,0,2.31,0.61,0.38,-0.09,90.9,133.0,29.45205479452055,6.164383561643835,4.838709677419355,5.7,0.61,0.05,2.32,0.253,9.0,-1.740714286,0.236,0.344,1.740714286,0.017,0.017,0.067,0.034,26.4,36.7,7.65057998180518,0.1689384234665496,34.1313471950447,0.4975845410628019,36.84373571324359,30.924520393614504
420,691176,"Domínguez, Jasson",829,50.7,0.24,0.153,0.265,0.393,0.272,0.283,0.266,47,196,88.1,15.5,2156,90.2,90.64,104,420,0,0.3999999999999915,6.52,114,149,122,150,295,327,294,14.018,-14.018,73.4,7.7,3.201242658,197,161,29,12,0,6,35,17.8,0,0,2.21,0.62,0.52,-0.52,92.2,146.0,39.130434782608695,5.590062111801243,4.568527918781726,5.71,-0.3,-0.06,2.26,0.24,9.0,-3.337619048,0.266,0.389,3.337619048,-0.026,-0.026,0.004,-0.011,24.8,37.8,6.73458706400598,-5.786840712957181,29.06641013523785,0.4927536231884058,34.17994484946296,28.45275911686937
419,691785,"Mayer, Marcelo",836,50.1,0.232,0.098,0.261,0.33,0.24,0.23,0.212,45,194,85.8,8.5,2214,89.5,89.82,111,419,0,0.2999999999999971,6.5,115,147,118,151,283,322,304,17.465,-17.465,72.7,7.8,3.912815137,198,164,32,10,0,3,33,16.7,0,0,2.31,0.58,0.45,-0.41,91.8,139.0,35.97560975609756,6.097560975609756,5.05050505050505,5.77,-1.53,-0.06,2.4,0.228,10.0,-4.168257757,0.214,0.314,4.168257757,0.02,0.014,0.016,0.01,26.5,38.9,7.289296580641884,-4.880069128435936,30.597082857082384,0.393719806763285,35.62940542232678,30.416632758587184
419,664954,"Sullivan, Brett",810,51.7,0.243,0.178,0.247,0.421,0.279,0.269,0.248,49,202,86.2,20.3,2266,89.5,89.99,72,419,0,0.5,6.41,115,146,113,151,290,326,303,12.444,-12.444,66.6,7.2,1.950005545,206,178,28,13,1,7,28,13.6,0,0,2.39,0.51,0.29,-0.19,91.0,160.0,33.33333333333333,3.954802259887006,3.3980582524271843,5.59,-0.87,-0.01,2.29,0.239,7.0,-2.969928401,0.251,0.375,2.969928401,-0.005,-0.012,0.046,0.01,17.2,35.1,7.325068416042571,-6.79377139428501,29.54416297270436,0.5521628498727735,37.43219269843556,31.405135439431188
418,500743,"Rojas, Miguel",854,48.9,0.278,0.132,0.282,0.41,0.288,0.288,0.287,59,212,85.8,13.6,2225,89.8,90.01,71,418,0,0.2000000000000028,6.39,106,151,117,146,301,319,288,10.28,-10.28,66.3,7.0,3.059492201,221,201,39,16,0,4,20,9.0,0,0,2.24,0.62,0.47,-0.25,91.8,148.0,35.32338308457712,4.975124378109453,4.524886877828054,5.66,0.63,-0.01,2.33,0.269,10.0,-2.459330144,0.279,0.399,2.459330144,-0.009,-0.01,0.011,0.0,17.0,34.4,5.698258033859037,-7.733906210390941,30.14237239416983,0.4207920792079208,36.31644208238303,36.05206343203015
415,676439,"Feduccia, Hunter",984,42.2,0.25,0.104,0.306,0.354,0.26,0.287,0.263,48,192,87.0,14.1,2276,89.8,89.84,93,415,0,0.0,6.4,116,146,114,150,287,321,301,15.674,-15.674,67.9,6.9,3.131905785,197,154,35,9,1,3,43,21.8,0,0,2.32,0.59,0.38,-0.28,91.4,165.0,38.31168831168832,7.792207792207792,6.091370558375635,5.76,-1.15,-0.05,2.35,0.249,12.0,-3.77686747,0.262,0.405,3.77686747,-0.013,-0.013,-0.051,-0.027,22.4,37.1,10.284354223974743,-2.9660138781150787,33.40219120574245,0.4790123456790123,35.20185556384732,32.05676778446648
413,700337,"Quero, Edgar",838,49.3,0.213,0.056,0.24,0.27,0.206,0.242,0.233,38,178,89.8,8.2,2252,91.2,91.39,88,413,0,0.2000000000000028,6.42,109,147,119,148,291,323,297,23.75,-23.75,67.2,6.8,1.042966217,185,151,34,1,0,3,34,18.4,0,0,2.0,0.77,0.55,-0.55,91.3,159.0,39.59731543624161,2.684563758389262,2.1621621621621623,5.76,-0.27,-0.03,2.36,0.208,4.0,-5.750605327,0.232,0.331,5.750605327,-0.02,-0.024,-0.061,-0.036,21.3,37.0,3.808935042159887,7.60145403185072,28.440680625965044,0.4666666666666667,38.09049301632482,24.77819688043549
410,656484,"Gray, Tristan",732,56.0,0.242,0.106,0.313,0.348,0.251,0.253,0.234,39,161,87.0,12.8,2241,89.2,89.61,139,410,0,0.3999999999999915,6.52,114,145,110,151,291,325,297,15.796,-15.796,70.1,7.0,4.995402772,165,117,30,5,0,4,48,29.1,0,0,2.33,0.59,0.38,-0.38,91.3,157.0,37.93103448275862,6.0344827586206895,4.242424242424243,5.74,-1.49,-0.02,2.24,0.238,7.0,-3.852682927,0.235,0.346,3.852682927,0.008,0.003,0.002,-0.002,33.9,38.5,5.56082382195009,-9.08183331598186,29.22657788451181,0.3807106598984771,38.23407777806843,32.03492180798991
408,686765,"Sogard, Nick",1032,39.5,0.274,0.152,0.304,0.426,0.3,0.28,0.268,54,197,83.4,13.7,2200,90.2,90.43,85,408,0,0.2000000000000028,6.44,113,147,111,150,283,319,299,11.593,-11.593,66.3,6.9,2.67804728,203,171,35,13,1,5,32,15.8,0,0,2.21,0.62,0.5,-0.5,91.0,162.0,28.654970760233915,5.263157894736842,4.433497536945813,5.68,-0.89,-0.04,2.21,0.273,9.0,-2.841421569,0.267,0.388,2.841421569,0.006,0.006,0.038,0.02,20.8,37.2,11.024310223109602,-3.3093330940345016,33.29256906436106,0.4886075949367088,35.535824024539664,36.99460359703599
402,595978,"Hedges, Austin",896,44.9,0.275,0.132,0.292,0.407,0.292,0.252,0.248,52,189,84.5,11.3,2326,90.3,90.57,95,402,0,0.2999999999999971,6.45,106,151,119,145,297,320,289,7.138,-7.138,65.7,7.0,5.097253372,195,170,37,10,0,5,25,12.8,0,0,2.17,0.66,0.33,-0.15,91.1,147.0,32.35294117647059,4.117647058823529,3.589743589743589,5.76,-0.03,-0.06,2.24,0.272,7.0,-1.775621891,0.246,0.341,1.775621891,0.027,0.026,0.066,0.04,23.6,37.7,8.674324057096683,-5.592166260993326,26.555300316412303,0.5876288659793815,36.45392269015236,34.41107908441324
401,665953,"Chaparro, Andrés",816,49.1,0.269,0.263,0.29,0.531,0.339,0.3,0.243,47,175,89.4,17.4,2188,88.6,88.96,127,401,0,0.4000000000000057,6.45,106,151,123,145,303,323,295,1.992,-1.992,71.9,7.3,4.285707799,175,135,23,13,0,11,40,22.9,0,0,2.39,0.55,0.33,-0.33,93.0,152.0,42.96296296296296,12.592592592592592,9.714285714285714,5.79,0.49,0.21,2.32,0.269,17.0,-0.496758105,0.243,0.464,0.496758105,0.026,0.026,0.067,0.039,31.7,37.5,11.224109251701307,-11.756758654536258,30.43385374448549,0.5138539042821159,38.00925893359198,34.27398022553966
397,596142,"Sánchez, Gary",1108,35.8,0.226,0.226,0.227,0.452,0.286,0.285,0.241,45,199,87.8,14.6,2237,89.5,89.78,110,397,0,0.2999999999999971,6.44,107,152,123,146,302,324,293,8.788,-8.788,68.7,7.2,4.204239301,200,161,23,10,1,11,39,19.5,0,0,2.38,0.52,0.38,0.0,92.2,143.0,35.40372670807454,8.074534161490684,6.5,5.75,-0.04,0.05,2.27,0.225,13.0,-2.213602015,0.24,0.432,2.213602015,-0.015,-0.0149999999999999,0.02,0.001,27.7,37.9,10.917450289465949,-2.3278398188398097,30.004877459324025,0.575197889182058,36.17380943519837,35.83456345496021
396,682622,"Marte, Noelvi",761,52.0,0.203,0.141,0.226,0.345,0.234,0.228,0.207,36,177,87.9,10.5,2344,90.1,90.49,109,396,0,0.4000000000000057,6.55,107,151,122,146,305,324,291,20.37,-20.37,69.7,7.3,3.698737006,178,139,23,7,0,6,39,21.9,0,0,2.38,0.47,0.23,0.02,91.4,131.0,30.88235294117647,5.147058823529411,3.932584269662921,5.68,-0.86,0.23,2.29,0.202,7.0,-5.143939394,0.206,0.327,5.143939394,-0.004,-0.0039999999999999,0.018,0.006,27.5,37.4,8.416324995388734,-3.3198397819176004,32.248439081564065,0.5368956743002544,37.39446973390094,35.30980409897756
392,686668,"Doyle, Brenton",728,53.8,0.249,0.099,0.339,0.348,0.259,0.231,0.222,45,181,87.5,7.5,2288,89.3,89.61,125,392,0,0.2999999999999971,6.42,107,151,116,146,306,327,293,15.591,-15.591,69.9,7.2,3.482122893,182,128,34,7,1,3,54,29.7,0,0,2.34,0.57,0.32,-0.1,91.2,157.0,36.0,6.4,4.395604395604396,5.73,-0.18,0.01,2.32,0.249,8.0,-3.977295918,0.222,0.316,3.977295918,0.027,0.0269999999999999,0.032,0.028,31.9,36.5,11.629881165289463,1.736292397193789,30.30412312208408,0.5604113110539846,38.43301541917357,27.324524202452103
390,691458,"Jordan, Blaze",719,54.2,0.256,0.139,0.274,0.394,0.273,0.309,0.275,46,180,88.4,9.1,2273,89.7,90.0,81,390,0,0.2999999999999971,6.4,109,151,122,147,306,326,293,12.029,-12.029,71.5,7.2,3.665136686,184,160,31,8,4,3,24,13.0,0,0,2.29,0.58,0.39,0.03,92.0,152.0,45.28301886792453,10.062893081761008,8.695652173913043,5.71,-0.51,-0.07,2.42,0.25,16.0,-3.084358974,0.275,0.439,3.084358974,-0.019,-0.025,-0.045,-0.036,20.8,36.2,5.1613635079642055,-0.7030085629613078,30.670170322236427,0.3848167539267015,39.39586072820895,31.69253700306272
388,696030,"Osuna, Alejandro",810,47.9,0.266,0.042,0.307,0.307,0.252,0.251,0.26,51,192,85.7,4.3,2228,89.8,90.02,66,388,0,0.2000000000000028,6.47,114,147,107,151,287,322,301,12.338,-12.338,69.8,6.9,1.512685408,193,165,45,5,0,1,28,14.5,0,0,2.25,0.62,0.43,-0.32,91.0,145.0,28.65853658536585,0.6097560975609756,0.5181347150259068,5.6,-1.2,-0.06,2.25,0.266,1.0,-3.179896907,0.26,0.318,3.179896907,0.006,0.006,-0.011,0.001,17.0,35.5,0.989876487746344,8.004789962066095,28.495839215710397,0.3126684636118598,34.86477620355909,24.445097921731577
388,682668,"Acuña, Luisangel",759,51.1,0.237,0.036,0.278,0.273,0.222,0.254,0.256,46,194,86.7,0.0,2223,89.0,89.18,100,388,0,0.2000000000000028,6.38,104,149,107,146,302,321,287,22.783,-22.783,67.8,7.3,3.8266524,198,165,41,4,0,1,33,16.7,0,0,2.34,0.59,0.5,-0.2,91.7,131.0,36.36363636363637,3.0303030303030303,2.525252525252525,5.82,0.18,0.13,2.23,0.235,5.0,-5.871907216,0.257,0.327,5.871907216,-0.019,-0.022,-0.054,-0.032,25.8,38.6,5.87576696158565,0.6794029547140673,26.185842896090705,0.6068601583113457,36.058430813503946,30.01244717308053
385,699912,"Fernandez, Jose",838,45.9,0.282,0.099,0.331,0.381,0.289,0.277,0.266,51,181,84.4,8.7,2290,88.9,88.92,96,385,0,0.0,6.28,106,151,118,146,301,324,291,6.209,-6.209,70.3,7.6,3.248278266,186,153,39,9,0,3,33,17.7,0,0,2.44,0.49,0.29,-0.09,91.9,124.0,39.21568627450981,3.92156862745098,3.225806451612903,5.75,-0.47,0.09,2.36,0.282,6.0,-1.612727273,0.266,0.375,1.612727273,0.016,0.0159999999999999,0.006,0.012,24.9,36.7,6.410672964580884,-5.893447666528623,32.806520232113776,0.4456521739130434,38.403930453640726,30.3389837635152
384,666971,"Gurriel Jr., Lourdes",727,52.8,0.213,0.082,0.248,0.295,0.217,0.25,0.238,39,183,87.3,14.9,2226,90.7,90.81,93,384,0,0.0999999999999943,6.35,108,151,122,146,305,326,295,20.516,-20.516,68.9,7.4,4.20601351,186,151,28,9,0,2,35,18.8,0,0,2.19,0.62,0.52,0.25,91.1,143.0,33.77483443708609,4.635761589403973,3.763440860215054,5.69,-0.87,0.0,2.29,0.21,7.0,-5.342708333,0.242,0.317,5.342708333,-0.025,-0.032,-0.022,-0.033,24.2,37.3,9.606149940295111,-5.021083232872531,37.6681325944459,0.4820936639118457,36.18448892182984,30.816683051974305
384,663647,"Hayes, Ke'Bryan",838,45.8,0.153,0.091,0.162,0.244,0.171,0.279,0.254,32,209,90.5,15.7,2308,89.9,90.2,93,384,0,0.2999999999999971,6.5,108,151,120,148,304,321,288,27.029,-27.029,69.3,6.7,2.738105375,209,172,24,2,1,5,37,17.7,0,0,2.26,0.6,0.31,0.07,92.0,173.0,41.07142857142857,7.142857142857142,5.741626794258373,5.69,-0.96,0.08,2.32,0.153,12.0,-7.038802083,0.254,0.4,7.038802083,-0.101,-0.101,-0.156,-0.108,24.2,37.7,4.704435140285435,-0.7518830392774479,26.378553035546147,0.5301837270341208,36.33460366693557,35.552158357805965
376,680728,"Del Castillo, Adrian",780,48.2,0.211,0.127,0.25,0.337,0.235,0.242,0.214,35,166,86.9,14.7,2232,89.9,89.98,108,376,0,0.0999999999999943,6.38,117,147,120,151,293,326,302,16.349,-16.349,69.9,6.8,2.774571811,169,127,24,6,0,5,42,24.9,0,0,2.3,0.56,0.44,-0.38,90.9,170.0,36.507936507936506,6.349206349206349,4.733727810650888,5.73,-1.44,-0.06,2.3,0.21,8.0,-4.348138298,0.213,0.356,4.348138298,-0.003,-0.003,-0.019,-0.007,28.7,37.2,11.859449022797666,1.3100946672422085,34.15674420678613,0.4361111111111111,37.69939563485603,34.09883539034164
375,623168,"Heineman, Tyler",667,56.2,0.178,0.047,0.203,0.225,0.176,0.214,0.223,30,169,76.9,7.4,2183,89.3,89.4,73,375,0,0.1000000000000085,6.44,113,148,108,150,292,320,294,24.875,-24.875,60.3,6.6,3.358975495,180,155,25,3,1,1,25,13.9,0,0,2.4,0.51,0.43,-0.43,89.5,131.0,12.337662337662335,0.6493506493506493,0.5555555555555556,5.76,-0.99,-0.09,2.18,0.178,1.0,-6.633333333,0.223,0.269,6.633333333,-0.045,-0.045,-0.044,-0.038,19.5,36.4,2.7054634667327377,-5.862140694317157,31.311825653897916,0.4077134986225895,37.38608322119575,32.40875666842831
375,681807,"Fry, David",865,43.4,0.209,0.176,0.238,0.386,0.254,0.211,0.189,32,153,85.2,20.6,2245,89.4,89.6,111,375,0,0.1999999999999886,6.43,107,150,121,144,298,322,292,15.113,-15.113,68.5,8.1,2.764518442,153,112,19,6,0,7,41,26.8,0,0,2.31,0.63,0.46,-0.26,91.0,149.0,34.23423423423424,6.306306306306306,4.57516339869281,5.76,0.86,0.03,2.23,0.209,7.0,-4.030133333,0.189,0.304,4.030133333,0.02,0.0199999999999999,0.082,0.043,29.6,37.0,14.750617128543238,-5.324253459864859,31.223124418557312,0.5808219178082191,42.26726087060118,25.52621484986643
374,690984,"Halpin, Petey",625,59.8,0.224,0.109,0.248,0.333,0.24,0.275,0.255,37,165,81.9,18.9,2304,90.1,90.36,94,374,0,0.3000000000000113,6.43,109,145,104,150,287,320,300,16.617,-16.617,66.9,6.8,1.592370691,171,142,28,4,1,4,29,17.0,0,0,2.24,0.62,0.4,-0.28,90.5,167.0,26.05633802816901,5.633802816901409,4.678362573099415,5.71,-0.98,-0.08,2.27,0.223,8.0,-4.443048128,0.254,0.388,4.443048128,-0.031,-0.031,-0.055,-0.035,25.1,36.6,7.014224674618779,-0.8303175786751897,34.23017380062204,0.4630136986301369,33.042221325242195,29.71793746750109
373,691011,"Romo, Drew",729,51.2,0.151,0.157,0.145,0.307,0.193,0.219,0.201,25,166,82.9,16.9,2166,89.1,89.46,113,373,0,0.4000000000000057,6.5,117,147,112,150,290,321,295,21.664,-21.664,67.3,7.3,3.391706326,169,133,13,5,0,7,36,21.3,0,0,2.43,0.48,0.41,-0.41,90.9,141.0,26.31578947368421,6.015037593984962,4.733727810650888,5.79,-1.19,-0.12,2.23,0.15,8.0,-5.808042895,0.2,0.313,5.808042895,-0.05,-0.05,-0.006,-0.026,30.3,38.7,11.618681557270143,-10.244449188101232,33.73197847180818,0.4513513513513513,35.78334407065427,34.915876745430666
368,643376,"Jansen, Danny",806,45.7,0.217,0.175,0.248,0.392,0.259,0.224,0.199,36,166,85.7,20.1,2265,90.0,90.21,97,368,0,0.2000000000000028,6.51,107,151,121,146,301,325,292,16.411,-16.411,66.9,6.9,2.904174296,170,131,20,9,1,6,39,22.9,0,0,2.24,0.62,0.41,0.09,91.5,155.0,33.587786259541986,6.106870229007633,4.705882352941177,5.65,-0.64,0.15,2.27,0.217,8.0,-4.45951087,0.199,0.327,4.45951087,0.018,0.0179999999999999,0.065,0.035,26.4,35.7,13.934731956957185,-5.391171901808787,29.71881304782941,0.5790960451977402,39.545391154238665,34.875282005723825
362,667670,"Rooker, Brent",735,49.3,0.213,0.201,0.243,0.414,0.264,0.289,0.22,36,169,89.9,19.7,2257,89.6,89.64,139,362,0,0.0,6.38,106,152,125,147,302,326,297,13.504,-13.504,72.5,7.0,4.270328967,171,117,22,4,0,10,54,31.6,0,0,2.35,0.53,0.34,0.03,92.3,171.0,42.241379310344826,15.517241379310343,10.526315789473683,5.76,-0.86,0.12,2.28,0.211,18.0,-3.73038674,0.221,0.464,3.73038674,-0.007,-0.01,-0.05,-0.025,38.4,36.4,12.947405514998314,-5.494054015231169,37.74722684365574,0.438953488372093,36.07013801146525,33.041674466374864
361,683766,"Koss, Christian",686,52.6,0.247,0.1,0.288,0.347,0.258,0.24,0.235,42,170,81.9,8.4,2271,90.4,90.83,101,361,0,0.3999999999999915,6.48,104,149,109,146,302,319,284,11.58,-11.58,66.0,6.9,3.18159546,175,141,33,5,0,4,34,19.4,0,0,2.17,0.66,0.38,0.03,90.5,137.0,28.05755395683453,4.316546762589928,3.428571428571429,5.73,-0.7,0.06,2.32,0.247,6.0,-3.207756233,0.235,0.32,3.207756233,0.012,0.012,0.027,0.018,28.0,38.5,8.170152475784649,2.7952768713829026,27.459996264902813,0.5354107648725213,38.40631390484596,25.71102926258408
356,595879,"Báez, Javier",649,54.9,0.25,0.113,0.29,0.363,0.263,0.248,0.247,42,168,85.0,7.3,2326,87.6,87.82,102,356,0,0.2000000000000028,6.44,107,151,121,146,301,323,288,13.202,-13.202,72.0,8.5,4.212032296,169,140,28,11,1,2,29,17.2,0,0,2.66,0.38,0.08,-0.23,91.1,125.0,33.81294964028777,2.158273381294964,1.7751479289940828,5.7,-0.67,0.27,2.19,0.249,3.0,-3.708426966,0.25,0.319,3.708426966,0.003,-0.001,0.044,0.015,28.7,37.7,8.177326215976661,-5.430856779163891,28.66396747839043,0.5084745762711864,41.4062612846253,30.857325297975684
356,669743,"Call, Alex",838,42.5,0.248,0.074,0.286,0.322,0.245,0.21,0.216,37,149,83.4,15.7,2267,90.6,91.24,62,356,0,0.6000000000000085,6.45,108,151,116,146,303,319,288,13.576,-13.576,63.5,6.5,1.201472554,151,127,28,8,0,1,24,15.9,0,0,2.19,0.66,0.46,0.07,89.7,144.0,15.873015873015872,1.5873015873015872,1.3245033112582782,5.76,-0.17,-0.03,2.27,0.245,2.0,-3.813483146,0.214,0.275,3.813483146,0.032,0.031,0.047,0.035,17.4,37.2,6.269173589474264,3.0929516038292677,31.943141265652407,0.3936781609195402,36.20155454262935,29.58578787806211
355,682818,"Piñango, Yohendrick",698,50.9,0.27,0.141,0.325,0.411,0.294,0.294,0.272,44,163,90.9,9.6,2265,90.3,90.67,91,355,0,0.4000000000000057,6.47,116,147,115,152,290,324,300,10.554,-10.554,73.8,7.1,3.422764278,163,125,31,8,0,5,38,23.3,0,0,2.18,0.65,0.4,-0.37,92.5,164.0,45.6,8.0,6.134969325153374,5.67,-1.0,-0.03,2.34,0.27,10.0,-2.972957746,0.272,0.413,2.972957746,-0.002,-0.002,-0.002,0.0,25.6,36.0,0.260778031163469,-0.8392206743060022,29.804897970544065,0.2735042735042735,36.79493287968781,29.336366696638358
355,695720,"White, Tommy",650,54.6,0.249,0.081,0.276,0.329,0.251,0.283,0.266,43,173,85.7,7.1,2267,89.9,90.18,78,355,0,0.2999999999999971,6.44,110,151,122,148,302,322,288,15.901,-15.901,67.5,7.3,2.884426595,174,148,35,5,0,3,26,14.9,0,0,2.26,0.6,0.39,0.01,90.8,149.0,31.756756756756754,6.756756756756757,5.747126436781609,5.77,-0.31,0.13,2.27,0.247,10.0,-4.47915493,0.268,0.384,4.47915493,-0.017,-0.021,-0.055,-0.032,22.0,39.2,8.38859441271807,4.426020538828132,32.50521079494052,0.5931232091690545,32.52454224501632,27.51301148632968
354,681546,"Outman, James",691,51.2,0.19,0.162,0.272,0.352,0.23,0.205,0.179,27,142,86.5,16.2,2212,88.8,89.12,148,354,0,0.2999999999999971,6.47,115,146,110,151,295,328,296,21.036,-21.036,69.0,7.6,4.014320348,142,86,16,4,2,5,56,39.4,0,0,2.4,0.58,0.42,-0.4,90.8,156.0,37.2093023255814,6.976744186046512,4.225352112676056,5.67,-1.41,-0.05,2.23,0.19,6.0,-5.942372881,0.179,0.302,5.942372881,0.011,0.011,0.05,0.025,41.8,35.4,13.786979382268932,-5.520477103153207,34.33616489225157,0.4699140401146132,37.76591046997387,31.983621478006
348,701350,"Anthony, Roman",881,39.5,0.261,0.156,0.321,0.417,0.291,0.321,0.284,47,180,92.2,6.6,2262,89.3,89.43,98,348,0,0.1000000000000085,6.43,120,147,125,152,285,325,306,9.38,-9.38,73.9,7.4,3.930818388,180,136,31,9,2,5,44,24.4,0,0,2.4,0.5,0.39,-0.19,93.2,144.0,47.40740740740741,11.851851851851851,8.88888888888889,5.69,-0.66,-0.08,2.35,0.261,16.0,-2.695402299,0.284,0.47,2.695402299,-0.023,-0.0229999999999999,-0.053,-0.03,28.2,37.1,11.77998056911363,-0.0763150302197734,33.94561718760416,0.4642857142857143,33.93943289478061,37.06844588654919
344,516782,"Marte, Starling",647,53.2,0.259,0.077,0.313,0.336,0.256,0.269,0.246,37,143,86.4,6.4,2248,88.6,88.74,96,344,0,0.1000000000000085,6.36,106,152,116,147,307,329,292,13.054,-13.054,70.0,7.1,4.599747734,145,114,30,5,0,2,31,21.4,0,0,2.38,0.58,0.34,-0.27,91.4,143.0,35.08771929824561,9.649122807017545,7.586206896551724,5.73,0.92,0.05,2.28,0.255,11.0,-3.794767442,0.243,0.39,3.794767442,0.013,0.012,-0.054,-0.013,27.9,37.2,6.853493289417015,0.72248953467689,35.45328147001719,0.3794117647058823,37.39248334454935,23.43514808805003
343,687597,"Beck, Jordan",654,52.4,0.208,0.097,0.279,0.306,0.22,0.23,0.224,30,144,84.7,18.2,2285,88.6,88.91,103,343,0,0.3000000000000113,6.33,105,151,119,147,308,330,295,15.91,-15.91,71.8,7.8,4.192612638,145,105,20,7,2,1,40,27.6,0,0,2.48,0.47,0.34,-0.08,90.9,154.0,30.76923076923077,3.8461538461538463,2.7586206896551726,5.76,0.04,0.0,2.31,0.207,4.0,-4.638483965,0.223,0.311,4.638483965,-0.016,-0.016,-0.005,-0.01,30.0,36.1,12.286445401972388,-7.150948550711234,32.033525427456894,0.5122699386503068,40.168944588405616,30.56778705008001
340,800325,"Lara, Luis",823,41.3,0.291,0.099,0.323,0.391,0.292,0.29,0.294,44,151,87.7,6.0,2256,90.0,90.16,61,340,0,0.2000000000000028,6.38,112,146,107,148,291,317,294,12.085,-12.085,69.6,6.8,2.843361382,153,134,33,8,2,1,19,12.4,0,0,2.31,0.63,0.38,-0.39,91.4,145.0,41.04477611940299,3.731343283582089,3.2679738562091507,5.77,-0.42,0.01,2.24,0.288,5.0,-3.554411765,0.291,0.381,3.554411765,-0.003,-0.003,0.01,0.002,17.9,38.2,0.2358178173759151,5.886117929110345,27.696981433951034,0.2629969418960244,34.43346342860712,25.59851358043721
340,807713,"Shaw, Matt",753,45.2,0.252,0.192,0.266,0.444,0.292,0.257,0.238,38,151,84.6,14.7,2270,89.9,90.2,69,340,0,0.2999999999999971,6.51,105,150,116,146,300,321,290,8.973,-8.973,66.7,7.0,2.379939981,156,132,22,8,3,5,24,15.4,0,0,2.28,0.63,0.44,-0.17,90.8,161.0,34.090909090909086,4.545454545454546,3.8461538461538463,5.66,0.3,0.06,2.27,0.248,6.0,-2.639117647,0.236,0.369,2.639117647,0.014,0.012,0.075,0.035,20.3,36.3,9.289626431357611,0.6912086760793807,29.03948979822313,0.5843373493975904,36.94206574259384,30.113424689350847
338,642215,"Wilson, Weston",741,45.6,0.234,0.121,0.296,0.355,0.254,0.229,0.216,33,141,85.1,13.3,2198,88.6,88.84,112,338,0,0.2000000000000028,6.4,107,151,121,146,298,324,291,12.493,-12.493,69.1,7.5,3.791437108,141,102,24,5,0,4,39,27.7,0,0,2.38,0.57,0.36,-0.22,90.9,139.0,33.663366336633665,3.96039603960396,2.8368794326241136,5.68,0.73,0.0,2.37,0.234,4.0,-3.696153846,0.216,0.315,3.696153846,0.018,0.018,0.04,0.025,33.1,37.4,13.371015498478137,-3.947650033864032,34.396210752801686,0.4567164179104477,37.52754632946968,31.538715036108897
338,543309,"Higashioka, Kyle",765,44.2,0.235,0.163,0.261,0.399,0.272,0.263,0.236,36,153,87.1,17.2,2244,89.3,89.53,89,338,0,0.2000000000000028,6.44,108,151,122,147,302,325,293,10.082,-10.082,68.0,7.2,3.62842878,153,118,25,4,0,7,35,22.9,0,0,2.37,0.53,0.31,0.09,91.9,160.0,38.13559322033898,8.47457627118644,6.535947712418301,5.7,-0.76,0.13,2.33,0.235,10.0,-2.982840237,0.236,0.379,2.982840237,-0.001,-0.001,0.02,0.009,26.3,36.8,11.34233206804375,-8.724249068460633,32.77937537077768,0.4684684684684684,33.403488179849816,29.738941835380903
333,687363,"Scott II, Victor",706,47.2,0.209,0.068,0.248,0.277,0.211,0.246,0.242,31,148,79.0,4.5,2282,89.7,89.85,81,333,0,0.2000000000000028,6.41,105,144,91,148,287,318,302,19.138,-19.138,61.6,5.9,2.89317608,159,129,25,4,0,2,30,18.9,0,0,2.3,0.6,0.38,-0.18,90.2,147.0,24.6031746031746,1.5873015873015872,1.257861635220126,5.65,-0.69,0.05,2.28,0.208,2.0,-5.747147147,0.242,0.326,5.747147147,-0.033,-0.034,-0.049,-0.035,24.3,36.5,3.646270648716538,-1.4966374756015906,32.30840923587536,0.3829113924050633,33.45863293677954,27.06444364349819
332,695490,"Arroyo, Edwin",574,57.8,0.231,0.042,0.297,0.273,0.219,0.274,0.278,33,143,86.0,14.4,2255,89.2,89.66,89,332,0,0.5,6.5,112,147,106,149,291,320,295,16.884,-16.884,66.5,7.2,3.063422941,146,113,28,4,1,0,33,22.6,0,0,2.42,0.49,0.37,-0.37,90.9,158.0,28.18181818181818,2.727272727272727,2.054794520547945,5.7,-0.98,-0.11,2.26,0.229,3.0,-5.085542169,0.276,0.36,5.085542169,-0.047,-0.047,-0.087,-0.055,26.8,37.9,12.187892754441776,-5.0884424182788335,35.75732868791691,0.434375,36.288540939081415,28.76750044210208
329,677870,"Jiménez, Leo",775,42.5,0.217,0.066,0.244,0.283,0.217,0.276,0.264,33,152,89.5,5.6,2233,89.7,89.81,80,329,0,0.0999999999999943,6.37,106,151,120,147,305,322,289,20.413,-20.413,70.0,7.2,2.784168807,154,130,27,4,0,2,24,15.6,0,0,2.23,0.64,0.48,-0.07,91.6,142.0,40.310077519379846,3.875968992248062,3.2467532467532463,5.68,0.1,0.05,2.22,0.216,5.0,-6.204559271,0.266,0.367,6.204559271,-0.047,-0.05,-0.084,-0.059,24.3,36.7,5.812983101982389,-0.1101964163304267,29.945856298742545,0.4361370716510903,37.8106695490629,30.71392118550308
328,695336,"Saggese, Thomas",640,51.2,0.261,0.138,0.311,0.399,0.278,0.297,0.257,36,138,90.6,11.9,2319,89.7,89.95,90,328,0,0.2999999999999971,6.45,107,151,117,148,308,323,292,6.74,-6.74,70.7,6.9,2.555317449,141,107,26,5,1,4,34,24.1,0,0,2.33,0.56,0.24,0.06,91.8,177.0,42.99065420560748,10.2803738317757,7.801418439716312,5.73,-0.85,-0.03,2.22,0.255,11.0,-2.054878049,0.256,0.437,2.054878049,0.004,-0.001,-0.038,-0.019,27.4,39.3,7.31748995912585,4.639219086534871,36.91738504980049,0.4061538461538461,35.69118567950049,27.77481734528193
328,691740,"Susac, Daniel",591,55.5,0.263,0.143,0.294,0.406,0.28,0.287,0.27,35,133,85.2,16.3,2230,89.4,89.73,78,328,0,0.2999999999999971,6.35,106,149,120,145,305,325,289,10.689,-10.689,65.5,7.2,3.939299382,139,114,23,8,1,3,25,18.0,0,0,2.3,0.58,0.36,0.01,90.4,160.0,32.45614035087719,5.263157894736842,4.316546762589928,5.78,-0.61,-0.05,2.33,0.255,6.0,-3.258841463,0.267,0.4,3.258841463,-0.007,-0.012,0.006,-0.007,23.8,38.4,10.383387305872311,-3.1784625698368134,38.84161856696927,0.4511041009463722,37.35540322932259,34.090219997299
320,663494,"Torres, Bryan",718,44.6,0.252,0.113,0.281,0.364,0.263,0.255,0.245,38,151,85.4,10.8,2315,91.6,92.0,67,320,0,0.4000000000000057,6.5,115,146,108,150,287,320,302,11.935,-11.935,62.9,6.3,2.570363087,154,126,31,1,2,4,28,18.2,0,0,2.08,0.67,0.48,-0.34,90.3,159.0,27.41935483870968,3.225806451612903,2.5974025974025974,5.66,-1.17,-0.09,2.19,0.248,4.0,-3.7296875,0.243,0.354,3.7296875,0.007,0.005,0.01,0.008,20.9,36.5,6.538325032935248,-0.4805862287234861,33.0391446837423,0.5016077170418006,37.85691044289758,29.6370753563382
317,681508,"Gasper, Mickey",819,38.7,0.276,0.224,0.27,0.5,0.329,0.321,0.274,47,170,88.4,15.4,2203,89.9,90.22,55,317,0,0.2999999999999971,6.43,116,147,118,151,284,321,303,5.876,-5.876,69.6,6.5,4.032674133,172,151,28,9,1,9,21,12.2,0,0,2.29,0.57,0.48,-0.48,92.3,149.0,37.086092715231786,9.933774834437086,8.720930232558139,5.74,-1.31,-0.02,2.15,0.275,15.0,-1.85362776,0.275,0.48,1.85362776,0.002,0.0,0.02,0.008,17.4,37.8,11.223567249000611,-4.984429167349092,29.04957752767422,0.5509554140127388,36.39804487360348,32.959746995038685
316,678489,"Barrosa, Jorge",719,43.9,0.206,0.147,0.274,0.353,0.237,0.186,0.172,28,136,78.1,11.8,2217,90.3,90.33,86,316,0,0.0,6.42,110,146,107,148,291,321,296,14.009,-14.009,63.1,7.2,2.471985641,146,106,13,12,1,2,40,27.4,0,0,2.17,0.68,0.5,-0.5,90.3,154.0,24.52830188679245,4.716981132075472,3.4246575342465757,5.73,-0.54,-0.06,2.2,0.204,5.0,-4.433227848,0.171,0.263,4.433227848,0.034,0.0329999999999999,0.09,0.051,27.2,37.2,9.142776907091092,-6.569344697594041,26.50982106164257,0.5032894736842105,36.36372208065105,29.524861566004237
313,687231,"Hernaiz, Darell",620,50.5,0.242,0.045,0.292,0.288,0.231,0.216,0.224,32,132,84.3,11.0,2229,89.7,89.68,80,313,0,0.0,6.39,108,151,116,147,302,318,286,12.187,-12.187,66.8,7.0,3.055825198,135,109,28,3,0,1,26,19.3,0,0,2.25,0.63,0.43,-0.03,90.2,145.0,27.522935779816518,0.9174311926605504,0.7407407407407408,5.71,-0.47,0.12,2.37,0.241,1.0,-3.893610224,0.222,0.278,3.893610224,0.018,0.0189999999999999,0.01,0.015,25.6,36.5,5.351572224616368,-0.6144074496843046,33.65152724701347,0.4098360655737705,37.169610693903294,27.64660769931218
313,672761,"Pérez, Wenceel",653,47.9,0.191,0.178,0.176,0.368,0.238,0.249,0.215,29,152,87.2,17.0,2190,89.2,89.42,57,313,0,0.2000000000000028,6.42,111,148,113,149,294,327,296,16.199,-16.199,69.1,6.8,1.748371781,152,132,17,4,1,7,20,13.2,0,0,2.28,0.63,0.52,-0.51,91.5,150.0,33.33333333333333,7.575757575757576,6.578947368421052,5.63,-0.69,0.0,2.37,0.191,10.0,-5.175399361,0.215,0.369,5.175399361,-0.024,-0.0239999999999999,-0.001,-0.011,18.2,36.0,5.960538984420779,-5.824727010486345,27.662585010301587,0.4677419354838709,34.36797538717557,27.96898040819914
312,703601,"Clark, Max",665,46.9,0.295,0.168,0.336,0.463,0.323,0.293,0.287,44,149,86.0,13.6,2205,90.9,91.34,51,312,0,0.3999999999999915,6.48,113,145,108,150,291,324,299,6.61,-6.61,71.5,7.5,2.183569807,152,127,28,10,3,3,25,16.4,0,0,2.14,0.66,0.5,-0.17,91.1,166.0,38.582677165354326,2.3622047244094486,1.973684210526316,5.64,-0.68,0.0,2.32,0.293,3.0,-2.118589744,0.289,0.379,2.118589744,0.008,0.004,0.084,0.03,16.3,36.0,6.343454245175176,1.2972891890161864,32.21530390430883,0.4104234527687296,33.003956727633124,31.119286925056063
309,663330,"Jones, Jahmai",632,48.9,0.226,0.19,0.281,0.416,0.274,0.301,0.248,31,137,91.4,17.7,2178,87.7,87.92,107,309,0,0.2000000000000028,6.42,106,152,118,146,299,327,293,8.735,-8.735,71.5,7.6,3.917970994,137,95,18,6,1,6,42,30.7,0,0,2.47,0.54,0.39,-0.26,93.1,154.0,45.26315789473684,10.526315789473683,7.2992700729927,5.66,1.57,0.19,2.16,0.226,10.0,-2.826860841,0.248,0.463,2.826860841,-0.022,-0.0219999999999999,-0.047,-0.027,34.6,37.7,14.250106142704135,-10.12934894339778,30.432477431616924,0.5436241610738255,36.79286722952003,34.79522177429028
299,624428,"Frazier, Adam",566,52.8,0.246,0.111,0.337,0.357,0.26,0.229,0.229,31,126,82.5,11.1,2216,90.6,90.78,79,299,0,0.2000000000000028,6.46,116,146,111,151,285,315,297,8.42,-8.42,61.6,6.6,2.546329608,130,94,20,9,1,1,36,27.7,0,0,2.22,0.62,0.46,-0.27,89.8,139.0,19.148936170212767,2.127659574468085,1.5384615384615383,5.63,-1.57,-0.04,2.18,0.246,2.0,-2.816053512,0.229,0.301,2.816053512,0.017,0.0169999999999999,0.056,0.031,26.4,34.1,9.560119730432524,2.577295391785725,39.61342244636559,0.4246575342465753,31.992468143884945,23.56305076325388
298,678011,"Seigler, Anthony",649,45.9,0.264,0.164,0.281,0.429,0.293,0.282,0.259,37,140,86.2,14.4,2263,90.2,90.41,67,298,0,0.2000000000000028,6.36,113,147,108,150,286,321,303,9.463,-9.463,64.7,6.7,2.273096691,144,126,21,12,1,3,18,12.5,0,0,2.26,0.61,0.38,-0.38,90.7,172.0,34.92063492063492,5.555555555555555,4.861111111111112,5.75,-0.98,-0.03,2.27,0.261,7.0,-3.175503356,0.259,0.396,3.175503356,0.005,0.002,0.033,0.011,22.5,37.2,9.042128460298269,8.004306132504517,35.5696337078121,0.54421768707483,35.43754728555769,29.80442010037064
293,670242,"Wallner, Matt",562,52.1,0.183,0.138,0.254,0.321,0.216,0.251,0.22,20,109,88.4,8.1,2229,89.4,89.46,129,293,0,0.0999999999999943,6.42,118,145,128,151,294,326,298,15.108,-15.108,72.9,7.4,2.95178763,109,67,13,3,0,4,42,38.5,0,0,2.31,0.59,0.44,-0.2,92.1,139.0,40.298507462686565,10.44776119402985,6.422018348623854,5.79,-0.58,-0.16,2.35,0.183,7.0,-5.156313993,0.22,0.367,5.156313993,-0.037,-0.037,-0.046,-0.035,44.0,38.4,9.94423486158431,-3.326806469938969,27.90432276798937,0.5395189003436426,42.39527976913861,34.86670782963919
292,643396,"Kiner-Falefa, Isiah",602,48.5,0.253,0.075,0.28,0.329,0.254,0.261,0.267,37,146,80.7,6.8,2248,89.4,89.69,51,292,0,0.2999999999999971,6.45,105,149,113,146,292,317,287,12.726,-12.726,65.0,6.8,3.439899709,149,130,30,5,0,2,19,12.8,0,0,2.28,0.63,0.37,0.14,90.5,129.0,26.356589147286822,2.3255813953488373,2.013422818791946,5.71,-0.6,-0.09,2.34,0.253,3.0,-4.358219178,0.267,0.335,4.358219178,-0.014,-0.014,-0.006,-0.007,17.5,38.5,3.573744010740162,-2.172132051284355,30.39251025844048,0.3993055555555556,33.985997906212376,30.8254293855392
291,668670,"Rogers, Jake",688,42.3,0.183,0.143,0.209,0.325,0.212,0.222,0.194,23,126,86.9,20.3,2269,89.9,90.22,78,291,0,0.2999999999999971,6.49,106,151,120,146,297,326,292,14.377,-14.377,67.3,7.4,3.492871637,130,96,14,4,1,4,34,26.2,0,0,2.19,0.68,0.4,0.13,90.8,159.0,36.45833333333333,9.375,6.923076923076923,5.71,-1.01,0.11,2.43,0.178,9.0,-4.940549828,0.191,0.335,4.940549828,-0.011,-0.013,-0.01,-0.01,26.8,37.9,15.35450532950954,-2.9156613598808763,30.6854738752237,0.6076388888888888,36.83338748599721,32.16395153151553
291,672356,"Arias, Gabriel",559,52.1,0.258,0.136,0.392,0.394,0.282,0.267,0.233,34,132,89.6,4.4,2282,88.8,89.03,134,291,0,0.2000000000000028,6.44,106,152,119,146,302,323,291,8.147,-8.147,72.6,7.3,2.965346686,132,79,26,3,0,5,53,40.2,0,0,2.44,0.57,0.34,0.2,92.2,134.0,43.03797468354431,10.126582278481012,6.0606060606060606,5.66,-0.47,0.0,2.37,0.258,8.0,-2.799656357,0.233,0.393,2.799656357,0.025,0.0249999999999999,0.001,0.015,46.0,36.2,8.28240043327905,6.542429946492232,31.87903354426288,0.4270833333333333,39.90710556426077,28.724180963945606
289,703520,"Bateman, Brett",672,43.0,0.348,0.101,0.404,0.449,0.345,0.275,0.277,48,138,81.7,-0.3,2218,90.1,90.23,45,289,0,0.1000000000000085,6.39,115,147,105,150,280,318,300,2.897,-2.897,64.8,6.7,2.607024339,141,118,39,6,1,2,23,16.3,0,0,2.28,0.57,0.47,-0.1,89.8,137.0,20.51282051282051,1.7094017094017095,1.4184397163120568,5.73,-0.41,0.09,2.3,0.345,2.0,-1.002422145,0.278,0.352,1.002422145,0.071,0.0669999999999999,0.097,0.07,15.6,37.0,4.843735605930115,9.375365195610817,34.71048822332838,0.3821428571428571,36.94214396079732,24.77525495834093
288,543510,"McCann, James",565,51.0,0.286,0.15,0.354,0.436,0.309,0.268,0.233,40,140,87.6,10.2,2239,88.8,88.83,89,288,0,0.0,6.34,108,151,122,147,304,323,291,3.864,-3.864,69.4,6.9,4.379709491,143,106,29,6,0,5,37,25.9,0,0,2.46,0.47,0.26,-0.02,92.1,150.0,43.39622641509434,8.49056603773585,6.293706293706294,5.8,-0.3,0.1,2.12,0.284,9.0,-1.341666667,0.232,0.396,1.341666667,0.053,0.0519999999999999,0.04,0.041,30.9,39.4,8.958006868540673,-2.494860866515347,36.86608177052867,0.4064748201438849,36.223288498262775,36.73265296421083
288,701852,"Cavanaugh, Drew",616,46.8,0.248,0.048,0.345,0.296,0.239,0.273,0.259,31,125,82.8,10.2,2255,90.9,91.52,84,288,0,0.5999999999999943,6.43,118,147,117,152,290,323,302,14.79,-14.79,66.9,6.5,2.63882563,128,91,27,3,0,1,37,28.9,0,0,2.09,0.73,0.38,-0.36,90.5,156.0,29.21348314606741,4.49438202247191,3.125,5.76,-1.59,-0.1,2.38,0.248,4.0,-5.135416667,0.259,0.371,5.135416667,-0.011,-0.011,-0.075,-0.034,29.2,38.8,4.683640935774724,4.374988941074948,41.35975193220793,0.3512544802867383,35.61935698505746,25.339435630590607
287,669004,"Melendez, MJ",615,46.7,0.204,0.168,0.284,0.372,0.243,0.216,0.177,23,113,93.6,22.3,2308,90.7,90.72,99,287,0,0.0,6.31,118,145,117,151,296,328,300,14.142,-14.142,72.2,7.9,2.021911998,115,72,13,5,1,4,43,37.4,0,0,2.14,0.67,0.33,-0.29,92.3,185.0,55.55555555555556,11.11111111111111,6.956521739130435,5.84,-1.58,-0.15,2.35,0.202,8.0,-4.927526132,0.175,0.336,4.927526132,0.027,0.027,0.036,0.027,34.5,38.1,12.878511231157004,-5.020405457547603,29.596397986760092,0.5719298245614035,36.88351316778196,30.086995290525785
285,676694,"Meyers, Jake",546,52.2,0.234,0.125,0.25,0.359,0.254,0.244,0.226,30,128,85.4,15.3,2280,90.3,90.54,62,285,0,0.2000000000000028,6.46,109,152,115,147,300,325,286,9.242,-9.242,64.7,6.9,4.129368366,129,111,20,7,0,3,18,14.0,0,0,2.14,0.7,0.4,-0.04,90.4,152.0,27.927927927927925,6.306306306306306,5.426356589147287,5.77,-0.57,0.02,2.36,0.233,7.0,-3.242807018,0.225,0.348,3.242807018,0.008,0.008,0.011,0.01,21.8,38.2,7.420042479872881,-4.638242382275026,32.77446756856943,0.4871794871794871,39.09075233045896,30.744080175445543
283,645302,"Robles, Victor",520,54.4,0.272,0.056,0.304,0.328,0.26,0.258,0.253,34,125,80.9,9.5,2283,89.5,89.66,61,283,0,0.2000000000000028,6.35,104,149,107,145,297,321,288,10.889,-10.889,63.6,6.4,4.580011552,129,115,29,3,2,0,14,10.9,0,0,2.28,0.6,0.31,-0.06,90.2,139.0,20.0,1.7391304347826086,1.550387596899225,5.83,-0.49,-0.04,2.24,0.27,2.0,-3.84770318,0.253,0.342,3.84770318,0.019,0.017,-0.014,0.002,21.6,39.3,8.769470985646294,-3.0817323483797243,33.353027653581535,0.5090252707581228,40.810998615286216,23.37151682216348
282,596146,"Kepler, Max",536,52.6,0.214,0.103,0.25,0.317,0.226,0.249,0.221,27,126,88.1,19.1,2185,89.7,89.98,73,282,0,0.2999999999999971,6.46,116,146,119,153,298,326,303,15.302,-15.302,69.4,7.3,2.5764916,128,102,18,7,0,2,26,20.3,0,0,2.36,0.51,0.51,-0.51,91.8,160.0,39.21568627450981,7.84313725490196,6.25,5.66,-1.55,-0.13,2.14,0.211,8.0,-5.426241135,0.223,0.352,5.426241135,-0.007,-0.012,-0.035,-0.023,25.9,36.9,6.60669564022588,-8.332549923933971,32.24375427228199,0.4657039711191336,39.34437039906671,34.89479006470922
281,688363,"Pauley, Graham",593,47.4,0.224,0.184,0.247,0.408,0.267,0.234,0.21,28,125,84.3,18.2,2246,89.6,89.61,65,281,0,0.0,6.41,115,146,118,150,291,319,297,10.333,-10.333,69.8,7.2,3.465706679,127,102,14,9,1,4,25,19.7,0,0,2.33,0.56,0.43,-0.4,90.9,143.0,25.49019607843137,6.862745098039216,5.511811023622047,5.6,-1.81,-0.05,2.24,0.222,7.0,-3.677224199,0.208,0.342,3.677224199,0.014,0.014,0.066,0.033,23.1,36.2,13.84724744132969,-5.63877915062102,30.31298625384045,0.5071942446043165,34.33488902392284,33.90957658466838
281,699625,"Crooks, Jimmy",565,49.7,0.194,0.169,0.232,0.363,0.235,0.271,0.214,24,124,91.7,19.4,2286,90.1,90.47,96,281,0,0.4000000000000057,6.46,116,145,121,151,296,325,303,15.715,-15.715,70.6,7.0,3.170310737,125,87,13,6,0,5,38,30.4,0,0,2.26,0.58,0.42,-0.31,92.2,169.0,48.837209302325576,11.627906976744184,8.0,5.59,-1.26,-0.02,2.28,0.192,10.0,-5.59252669,0.214,0.43,5.59252669,-0.02,-0.0219999999999999,-0.067,-0.036,34.2,35.1,15.701780856322936,0.6041487074745706,36.39806981354915,0.3890909090909091,37.277552019414,37.66419811555431
279,813841,"Cox, Jonah",538,51.9,0.3,0.15,0.464,0.45,0.324,0.254,0.23,36,120,79.3,4.6,2282,90.3,90.61,101,279,0,0.2999999999999971,6.45,104,151,108,147,304,320,286,3.899,-3.899,64.3,6.2,2.01294383,127,80,28,2,2,4,47,37.0,0,0,2.13,0.7,0.36,-0.18,90.8,158.0,37.5,6.25,3.937007874015748,5.73,0.31,0.12,2.46,0.3,5.0,-1.397491039,0.23,0.363,1.397491039,0.07,0.0699999999999999,0.087,0.07,36.2,39.0,6.372610887059952,11.338683266672378,36.30536210094911,0.4809160305343511,34.02757774125976,25.856279337662222
277,694673,"Ortiz, Abimelec",552,50.2,0.22,0.183,0.232,0.404,0.266,0.283,0.236,24,109,89.5,14.6,2230,90.2,90.69,67,277,0,0.5,6.52,119,147,129,151,297,325,303,8.961,-8.961,73.6,7.2,3.434179512,109,87,14,5,0,5,22,20.2,0,0,2.27,0.56,0.38,-0.4,92.9,165.0,37.93103448275862,8.045977011494253,6.422018348623854,5.83,-1.54,-0.06,2.21,0.22,7.0,-3.235018051,0.236,0.431,3.235018051,-0.016,-0.0159999999999999,-0.027,-0.017,24.2,38.0,8.25027173508615,-9.855384670420865,29.592385196398286,0.4872727272727272,38.28661410643929,37.73782681486853
274,682848,"Rodríguez, Endy",612,44.8,0.293,0.22,0.333,0.512,0.345,0.304,0.269,36,123,91.8,18.6,2276,90.3,90.69,71,274,0,0.4000000000000057,6.48,113,146,115,149,294,321,296,2.617,-2.617,70.9,7.2,3.497296752,124,94,23,6,0,7,29,23.4,0,0,2.22,0.6,0.34,-0.34,92.2,176.0,46.31578947368421,10.526315789473683,8.064516129032258,5.65,-1.06,0.11,2.14,0.293,10.0,-0.955109489,0.269,0.442,0.955109489,0.024,0.0239999999999999,0.07,0.041,25.9,35.5,8.779911448268212,-3.680284478591146,35.59908206891546,0.4407407407407407,32.38844211171597,28.79865459885669
273,669392,"Taylor, Samad",627,43.5,0.367,0.109,0.469,0.477,0.365,0.289,0.283,47,128,77.2,1.5,2222,90.1,90.45,66,273,0,0.4000000000000057,6.5,101,148,103,145,300,321,287,-1.311,1.311,62.3,6.4,3.334383188,132,101,39,4,2,2,31,23.5,0,0,2.28,0.6,0.54,0.1,89.8,141.0,23.76237623762376,3.96039603960396,3.0303030303030303,5.69,-0.46,0.09,2.27,0.364,4.0,0.48021978,0.286,0.364,-0.48021978,0.084,0.078,0.113,0.076,24.2,35.9,10.541084282316154,3.6676671675813983,35.993797149968934,0.4881889763779528,32.39201560576181,28.91972655014316
272,592206,"Castellanos, Nick",481,56.5,0.206,0.159,0.228,0.364,0.239,0.291,0.262,22,107,87.7,13.1,2296,89.5,89.64,91,272,0,0.0999999999999943,6.43,109,152,123,146,301,324,295,10.093,-10.093,68.0,7.7,4.303309457,109,83,13,5,0,4,26,23.9,0,0,2.45,0.45,0.27,0.06,91.2,157.0,37.34939759036144,8.433734939759036,6.422018348623854,5.62,-0.89,0.12,2.3,0.202,7.0,-3.710661765,0.258,0.43,3.710661765,-0.056,-0.0559999999999999,-0.066,-0.052,33.5,34.1,15.472902526709786,-6.955994696611072,40.66584584833143,0.4638783269961977,38.51062731923057,32.11235196630463
268,699302,"Rodríguez, Héctor",485,55.3,0.229,0.169,0.262,0.398,0.268,0.231,0.206,27,118,87.2,8.3,2277,89.6,89.7,76,268,0,0.1000000000000085,6.39,118,148,109,152,291,320,299,7.126,-7.126,72.6,7.7,3.898702883,118,89,18,3,1,5,29,24.6,0,0,2.48,0.41,0.39,-0.16,91.8,137.0,32.58426966292135,5.617977528089887,4.23728813559322,5.75,-0.73,-0.06,2.2,0.229,5.0,-2.658955224,0.206,0.329,2.658955224,0.023,0.023,0.069,0.037,28.4,39.0,10.808105555678,-4.060908123485932,33.6184148532055,0.5358490566037736,36.38179190847363,33.7115493696721
268,687515,"Thomas, Colby",442,60.6,0.207,0.135,0.26,0.342,0.236,0.234,0.187,23,111,87.9,19.8,2191,88.7,88.98,92,268,0,0.2999999999999971,6.39,108,152,121,147,304,327,292,12.881,-12.881,74.0,7.5,2.670681473,113,79,16,3,0,4,34,30.1,0,0,2.38,0.56,0.45,-0.37,91.3,177.0,34.177215189873415,8.860759493670885,6.1946902654867255,5.79,1.53,0.05,2.23,0.207,7.0,-4.806343284,0.187,0.366,4.806343284,0.02,0.0199999999999999,-0.024,0.002,34.3,38.0,8.814463568844594,-0.94992105259757,29.53202316814792,0.4353448275862069,38.344517217333,27.471092728391167
266,804668,"Flores Jr., Rafael",587,45.3,0.311,0.295,0.341,0.607,0.39,0.356,0.279,38,122,91.0,12.4,2294,90.3,90.48,81,266,0,0.2000000000000028,6.38,106,152,123,147,306,320,290,-4.951,4.951,71.9,7.4,3.850226605,122,92,22,6,0,10,30,24.6,0,0,2.26,0.58,0.36,-0.05,92.4,173.0,47.82608695652174,15.217391304347828,11.475409836065571,5.71,0.04,0.02,2.44,0.311,14.0,1.861278195,0.279,0.568,-1.861278195,0.032,0.0319999999999999,0.039,0.034,30.5,40.0,13.902855809080446,1.6019212822075124,36.22976791764981,0.5627376425855514,38.05269451264032,31.94786193198552
265,624431,"Trevino, Jose",532,49.8,0.227,0.128,0.235,0.355,0.249,0.228,0.221,32,141,83.9,6.2,2332,89.8,90.12,58,265,0,0.2999999999999971,6.51,106,151,120,147,301,319,287,7.754,-7.754,66.5,7.0,3.231113699,144,122,24,3,0,5,22,15.3,0,0,2.36,0.53,0.3,0.02,90.9,140.0,30.0,2.5,2.083333333333333,5.66,-0.79,0.02,2.32,0.225,3.0,-2.926037736,0.22,0.307,2.926037736,0.006,0.005,0.048,0.021,21.9,36.7,7.28560938934989,1.7552339022082708,23.282858459360156,0.6171875,41.0454207838264,27.20148898044081
265,680977,"Donovan, Brendan",594,44.6,0.288,0.136,0.313,0.424,0.305,0.263,0.26,38,132,85.7,10.6,2308,90.4,90.48,46,265,0,0.0999999999999943,6.42,119,147,111,152,285,319,299,6.565,-6.565,66.5,6.7,3.231278592,133,115,27,7,1,3,18,13.5,0,0,2.15,0.68,0.44,-0.25,90.7,157.0,28.31858407079646,2.6548672566371683,2.255639097744361,5.79,-0.61,-0.03,2.26,0.286,3.0,-2.477358491,0.258,0.357,2.477358491,0.028,0.0279999999999999,0.067,0.042,17.4,38.0,7.051358700193812,1.7424159342682937,29.29699901201693,0.5399239543726235,37.40531247395506,23.557765903512944
262,686452,"Millas, Drew",585,44.8,0.211,0.088,0.239,0.298,0.219,0.237,0.233,24,114,81.4,11.6,2240,90.2,90.39,61,262,0,0.2000000000000028,6.39,114,147,115,149,287,317,299,11.721,-11.721,65.4,6.9,2.876451185,119,96,18,4,0,2,21,17.6,0,0,2.21,0.63,0.39,-0.39,89.9,144.0,22.105263157894736,3.1578947368421053,2.5210084033613445,5.89,-1.31,-0.04,2.38,0.209,3.0,-4.473664122,0.231,0.323,4.473664122,-0.022,-0.022,-0.025,-0.018,23.3,39.0,5.595286265073261,-3.4173757291735054,32.18803531738959,0.3843137254901961,34.07907299979869,26.44360682291765
262,669397,"Allen, Nick",560,46.8,0.292,0.108,0.321,0.4,0.294,0.227,0.234,38,130,82.7,12.4,2306,90.6,90.73,62,262,0,0.1000000000000085,6.44,105,149,107,146,294,316,282,8.411,-8.411,65.3,6.4,2.514535659,136,115,30,5,0,3,21,15.4,0,0,2.16,0.78,0.46,0.19,90.5,132.0,26.956521739130437,1.7391304347826086,1.4705882352941175,5.77,-0.92,-0.05,2.36,0.286,2.0,-3.210305344,0.231,0.293,3.210305344,0.058,0.0549999999999999,0.107,0.067,23.7,37.2,5.2334301752233126,-3.827081817984317,26.88127005508396,0.5714285714285714,34.661721316807466,33.16636816219066
262,621043,"Correa, Carlos",587,44.6,0.293,0.147,0.33,0.44,0.314,0.334,0.304,34,116,89.2,7.2,2292,89.4,89.35,60,262,0,0.0,6.42,110,150,123,146,298,324,288,4.787,-4.787,71.9,7.2,3.765365826,117,97,23,8,0,3,20,17.1,0,0,2.45,0.47,0.27,0.08,91.8,150.0,41.23711340206185,10.309278350515465,8.547008547008547,5.79,-0.56,0.1,2.3,0.291,10.0,-1.827099237,0.301,0.482,1.827099237,-0.011,-0.01,-0.042,-0.02,22.9,37.0,6.669666500931854,-0.1900620275923928,35.527995680385295,0.3803921568627451,39.18823320989419,27.395061416671464
261,806146,"Lombard Jr., George",573,45.5,0.246,0.159,0.28,0.405,0.275,0.277,0.252,31,126,85.2,7.1,2270,90.8,91.07,62,261,0,0.2999999999999971,6.43,108,150,114,145,304,325,287,9.591,-9.591,69.1,7.2,1.872588427,129,99,22,3,1,5,30,23.3,0,0,2.18,0.61,0.43,0.35,91.3,133.0,34.69387755102041,7.142857142857142,5.426356589147287,5.54,-1.04,-0.11,2.31,0.242,7.0,-3.674712644,0.251,0.393,3.674712644,-0.006,-0.009,0.012,-0.002,23.8,35.4,7.8821492242714575,5.775807139035591,35.33655969950831,0.4960629921259842,37.77263824873054,32.46531629465808
261,641598,"Garver, Mitch",632,41.3,0.196,0.134,0.247,0.33,0.226,0.257,0.218,22,112,90.6,18.3,2297,90.5,90.73,88,261,0,0.2000000000000028,6.43,109,151,123,146,300,325,296,10.087,-10.087,70.3,7.3,4.301733068,112,77,15,3,0,4,35,31.3,0,0,2.14,0.67,0.36,-0.05,92.3,165.0,48.05194805194805,9.090909090909092,6.25,5.72,-0.03,0.03,2.28,0.196,7.0,-3.864750958,0.218,0.384,3.864750958,-0.022,-0.0219999999999999,-0.054,-0.031,33.7,37.7,14.671326165732324,-6.679840940583427,28.46890145455965,0.6395348837209303,37.53163248591939,31.79655719712432
259,664774,"Wade Jr., LaMonte",656,39.5,0.22,0.153,0.256,0.373,0.254,0.217,0.201,26,118,85.4,13.5,2282,90.9,91.02,64,259,0,0.0999999999999943,6.4,117,146,113,152,288,328,301,12.119,-12.119,69.2,6.8,2.294748542,118,90,16,6,0,4,28,23.7,0,0,2.11,0.69,0.48,-0.38,91.1,155.0,32.22222222222222,3.333333333333333,2.5423728813559325,5.8,-1.58,-0.12,2.23,0.22,3.0,-4.679150579,0.201,0.306,4.679150579,0.019,0.0189999999999999,0.067,0.037,24.7,35.6,8.679283836176687,-4.135571699494265,30.465424569492875,0.53125,32.42752170915935,33.535235123282575
259,823550,"Song, Sung-Mun",600,43.2,0.19,0.058,0.229,0.248,0.19,0.195,0.184,23,121,83.9,14.2,2259,90.7,91.0,56,259,0,0.2999999999999971,6.48,117,146,110,150,287,318,298,17.303,-17.303,67.0,7.2,2.152339099,125,100,18,4,0,1,25,20.0,0,0,2.19,0.66,0.55,-0.47,91.0,142.0,28.000000000000004,4.0,3.2,5.59,-1.67,-0.07,2.43,0.189,4.0,-6.680694981,0.183,0.273,6.680694981,0.006,0.006,-0.025,-0.005,21.6,33.6,5.434363019659969,-3.1343634149435298,24.485594488758952,0.5591836734693878,35.825519114499656,28.00671484428489
259,694371,"Troy, Tommy",577,44.9,0.237,0.144,0.264,0.381,0.266,0.289,0.251,28,118,83.3,10.4,2317,89.4,89.45,67,259,0,0.0999999999999943,6.35,109,152,111,147,305,322,289,8.7,-8.7,67.2,6.6,4.596121424,119,96,20,3,1,4,23,19.3,0,0,2.43,0.46,0.28,0.15,90.9,141.0,30.20833333333333,9.375,7.563025210084033,5.63,-0.93,-0.05,2.23,0.237,9.0,-3.359073359,0.251,0.43,3.359073359,-0.014,-0.014,-0.049,-0.023,25.9,37.3,9.625957591777333,-5.215910387705755,32.90722449793015,0.4701195219123506,36.57240915239357,31.1527360175136
257,694362,"Dunn, Blake",549,46.8,0.301,0.113,0.352,0.414,0.308,0.26,0.26,40,133,84.4,12.3,2296,89.9,90.21,60,257,0,0.2999999999999971,6.51,105,150,109,147,302,322,286,4.418,-4.418,66.6,6.0,3.168568621,134,110,30,7,1,2,24,17.9,0,0,2.25,0.63,0.34,0.08,91.4,161.0,31.428571428571427,2.857142857142857,2.238805970149253,5.71,-0.77,-0.06,2.27,0.299,3.0,-1.719066148,0.26,0.342,1.719066148,0.041,0.0389999999999999,0.072,0.048,23.3,39.1,1.8744060144324015,0.4789699319501587,33.745620948172906,0.3571428571428571,36.55773982238489,33.45027050277209
254,593871,"Polanco, Jorge",565,45.0,0.157,0.087,0.186,0.244,0.173,0.216,0.201,20,127,85.6,13.7,2183,90.2,90.34,61,254,0,0.0999999999999943,6.48,113,147,117,150,295,323,297,20.942,-20.942,67.6,7.2,2.695890664,128,100,13,5,0,2,28,21.9,0,0,2.12,0.73,0.52,-0.52,91.3,153.0,31.0,4.0,3.125,5.72,-0.87,0.04,2.24,0.157,4.0,-8.24488189,0.201,0.302,8.24488189,-0.044,-0.044,-0.058,-0.043,24.0,38.4,6.756889809293892,-7.907216020981386,30.663621958447447,0.50199203187251,36.81765871441139,28.874885349416385
253,695681,"Moore, Christian",500,50.6,0.183,0.077,0.254,0.26,0.189,0.201,0.192,19,104,88.3,13.4,2295,91.0,91.3,85,253,0,0.2999999999999971,6.55,107,150,119,147,306,324,293,16.104,-16.104,69.0,7.1,3.980151539,105,72,14,3,1,1,33,31.4,0,0,2.08,0.71,0.37,0.04,90.8,162.0,38.0281690140845,7.042253521126761,4.761904761904762,5.79,-0.55,0.15,2.38,0.181,5.0,-6.365217391,0.191,0.283,6.365217391,-0.009,-0.01,-0.023,-0.012,33.6,38.1,4.061632702290552,2.1180958682394384,32.43756097157442,0.3833333333333333,35.34177118438706,29.3719727405811
252,676914,"Schneider, Davis",654,38.5,0.167,0.176,0.2,0.343,0.214,0.21,0.171,17,102,87.1,28.0,2219,89.3,89.53,81,252,0,0.2000000000000028,6.44,109,152,121,146,297,323,292,13.905,-13.905,68.8,7.0,2.604069284,104,70,7,6,0,4,34,32.7,0,0,2.24,0.7,0.32,-0.18,92.3,167.0,43.47826086956522,11.594202898550725,7.6923076923076925,5.73,0.45,0.1,2.25,0.165,8.0,-5.517857143,0.17,0.325,5.517857143,-0.004,-0.005,0.018,0.004,32.1,37.4,16.557806567180762,-3.5364134750649394,32.43881614129008,0.4686192468619247,34.14019717731547,33.50435312732573
250,686475,"Tolbert, Tyler",508,49.2,0.305,0.119,0.351,0.424,0.314,0.265,0.258,36,118,79.3,9.3,2264,87.8,88.07,74,250,0,0.2999999999999971,6.41,102,149,103,146,302,322,288,3.639,-3.639,62.9,6.2,3.902811853,123,101,28,5,0,3,22,17.9,0,0,2.53,0.57,0.33,-0.05,90.2,147.0,24.752475247524757,2.9702970297029703,2.4390243902439024,5.61,0.41,0.06,2.27,0.303,3.0,-1.4556,0.262,0.331,1.4556,0.047,0.0409999999999999,0.093,0.049,29.6,35.3,3.1757915737871936,-5.791898917517122,29.015407844225447,0.3541666666666667,34.824261399084435,31.09733354212869
250,701785,"Culpepper, Kaelen",467,53.5,0.3,0.14,0.329,0.44,0.317,0.284,0.267,30,100,87.2,15.0,2198,89.2,89.44,63,250,0,0.2000000000000028,6.39,108,150,121,145,303,323,289,1.371,-1.371,72.2,7.3,4.131173659,101,85,22,5,0,3,16,15.8,0,0,2.5,0.46,0.35,0.03,91.5,153.0,30.952380952380956,3.571428571428571,2.9702970297029703,5.66,-0.18,0.09,2.08,0.297,3.0,-0.5484,0.266,0.398,0.5484,0.033,0.0309999999999999,0.042,0.033,25.2,36.8,11.731427039245242,-5.662659748082541,31.570484977637584,0.5726495726495726,35.81941538748042,34.39166761813752
246,672820,"Sosa, Lenyn",439,56.0,0.195,0.088,0.239,0.283,0.205,0.241,0.222,22,113,88.1,19.3,2276,88.2,88.37,53,246,0,0.2000000000000028,6.39,110,152,122,147,304,326,291,12.579,-12.579,70.7,7.4,3.096354824,115,90,14,7,0,1,25,21.7,0,0,2.49,0.49,0.19,-0.06,91.3,160.0,36.66666666666666,5.555555555555555,4.3478260869565215,5.89,-0.24,0.13,2.11,0.193,5.0,-5.113414634,0.22,0.345,5.113414634,-0.027,-0.0269999999999999,-0.062,-0.036,21.5,40.5,10.576304001575869,-1.993038754787764,34.82795190619851,0.4688796680497925,36.68853879972521,32.02207260525536
244,808975,"Kim, Hyeseong",515,47.4,0.263,0.07,0.337,0.333,0.256,0.269,0.265,30,114,85.8,9.1,2142,89.1,89.27,66,244,0,0.2000000000000028,6.41,113,146,111,151,286,316,302,9.083,-9.083,64.6,7.1,2.579601403,117,87,25,3,1,1,29,24.8,0,0,2.41,0.51,0.54,-0.61,90.2,151.0,25.0,3.4090909090909087,2.564102564102564,5.67,-1.37,-0.08,2.28,0.259,3.0,-3.722540984,0.27,0.347,3.722540984,-0.002,-0.011,-0.014,-0.013,27.0,34.8,7.718260303860147,0.8808794332522257,39.68533648969448,0.371900826446281,34.87524934784211,24.157101299343523
244,670231,"Rave, John",580,42.1,0.234,0.218,0.267,0.452,0.291,0.268,0.238,29,124,84.2,12.5,2278,89.3,89.69,62,244,0,0.4000000000000057,6.48,112,142,104,148,291,326,302,5.147,-5.147,69.9,7.0,1.81400442,126,94,15,7,1,6,32,25.4,0,0,2.3,0.59,0.27,-0.2,92.1,152.0,36.55913978494624,9.67741935483871,7.142857142857142,5.65,-0.81,0.05,2.22,0.234,9.0,-2.10942623,0.238,0.389,2.10942623,-0.004,-0.0039999999999999,0.063,0.023,25.4,35.8,7.537676657062228,-6.273383857788541,26.50092202161158,0.620253164556962,36.82900706637525,33.87371595973745
243,673490,"Kim, Ha-Seong",567,42.9,0.128,0.009,0.169,0.138,0.118,0.169,0.168,14,109,85.6,17.8,2238,90.8,91.13,49,243,0,0.2999999999999971,6.47,107,152,117,146,302,320,288,20.764,-20.764,69.8,7.0,2.452982495,109,83,13,1,0,0,26,23.9,0,0,2.16,0.67,0.53,0.0,90.4,141.0,24.69135802469136,2.469135802469136,1.834862385321101,5.62,0.06,-0.08,2.3,0.128,2.0,-8.544855967,0.168,0.221,8.544855967,-0.04,-0.04,-0.083,-0.051,20.2,33.8,4.626010914974248,-1.2796872651697884,25.10939247802732,0.5,33.12461268927084,31.836370310245105
241,678545,"Basabe, Osleivis",527,45.7,0.212,0.153,0.217,0.364,0.245,0.254,0.239,25,118,86.3,8.6,2237,90.5,90.77,59,241,0,0.2999999999999971,6.46,106,152,115,147,300,321,288,10.177,-10.177,70.6,7.2,2.660655312,120,98,17,3,0,5,22,18.3,0,0,2.12,0.73,0.44,-0.1,91.5,165.0,32.98969072164948,7.216494845360824,5.833333333333333,5.77,-0.23,0.08,2.45,0.21,7.0,-4.222821577,0.237,0.359,4.222821577,-0.027,-0.0269999999999999,0.005,-0.009,24.5,40.2,5.74326944860384,-1.9555916261566155,24.52080930242545,0.575107296137339,38.99326355700959,27.17401078778625
239,691019,"Teel, Kyle",516,46.3,0.211,0.167,0.278,0.378,0.252,0.274,0.233,19,90,84.5,12.5,2274,91.1,91.71,86,239,0,0.6000000000000085,6.64,116,146,117,150,287,320,303,7.721,-7.721,70.2,6.8,2.62709442,90,58,12,3,0,4,32,35.6,0,0,2.18,0.6,0.47,-0.18,91.6,157.0,48.27586206896552,12.06896551724138,7.777777777777778,5.77,-0.7,0.07,2.17,0.211,7.0,-3.230543933,0.233,0.411,3.230543933,-0.022,-0.022,-0.033,-0.022,36.0,37.3,11.827347760040825,3.100281926304552,38.9053833023764,0.3598326359832636,36.68692046929844,29.503203021536194
238,680664,"Valencia, Eduardo",439,54.2,0.366,0.287,0.408,0.653,0.435,0.351,0.286,37,101,89.4,14.1,2242,90.1,90.43,62,238,0,0.3000000000000113,6.44,108,151,122,145,303,328,295,-5.812,5.812,71.4,7.8,2.550591415,102,82,20,11,0,6,19,18.6,0,0,2.33,0.56,0.45,-0.05,92.5,172.0,46.98795180722892,15.66265060240964,12.745098039215684,5.73,0.15,0.12,2.44,0.366,13.0,2.442016807,0.286,0.544,-2.442016807,0.08,0.08,0.109,0.084,26.1,37.4,12.589705275425494,3.6008164977845944,32.547681635380265,0.5404255319148936,40.2750882054665,26.956540118723964
236,677950,"Thomas, Alek",415,56.9,0.189,0.144,0.226,0.333,0.223,0.263,0.236,21,111,88.2,11.4,2243,89.8,89.84,62,236,0,0.0,6.35,119,147,108,151,290,322,305,10.66,-10.66,67.0,6.8,2.489591494,112,87,9,10,0,2,25,22.3,0,0,2.36,0.52,0.36,-0.33,92.1,161.0,41.17647058823529,7.0588235294117645,5.357142857142857,5.83,-1.43,-0.04,2.26,0.189,6.0,-4.516949153,0.236,0.381,4.516949153,-0.047,-0.0469999999999999,-0.048,-0.04,26.3,39.9,6.908919163354911,2.290645625099128,28.311727971415507,0.5545023696682464,37.49653708109118,28.68035081747828
234,694388,"Loperfido, Joey",482,48.5,0.237,0.129,0.296,0.366,0.256,0.265,0.253,22,93,88.3,11.2,2255,89.1,89.12,74,234,0,0.0,6.31,117,146,114,151,285,325,301,9.1,-9.1,69.4,7.6,2.501848565,96,73,13,7,1,1,22,22.9,0,0,2.43,0.48,0.17,-0.21,91.2,145.0,35.13513513513514,6.756756756756757,5.208333333333334,5.72,-1.29,0.04,2.22,0.234,5.0,-3.888888889,0.251,0.37,3.888888889,-0.016,-0.0169999999999999,-0.004,-0.009,31.6,36.3,14.261594544530132,8.939693692575664,38.9618288997462,0.3876651982378855,39.47018423139657,25.678073395296764
233,663698,"Bart, Joey",490,47.6,0.229,0.152,0.27,0.381,0.259,0.255,0.217,24,105,85.8,15.4,2227,88.4,88.67,68,233,0,0.2999999999999971,6.41,109,152,123,147,307,322,292,5.343,-5.343,73.1,7.3,3.313113799,106,78,16,4,0,4,28,26.4,0,0,2.41,0.63,0.36,-0.18,91.4,150.0,34.61538461538461,7.6923076923076925,5.660377358490567,5.7,0.31,0.05,2.22,0.226,6.0,-2.293133047,0.215,0.386,2.293133047,0.012,0.011,-0.005,0.004,29.2,37.7,9.044161869980172,-3.935321971499727,34.92143378198271,0.415929203539823,35.5531784739254,35.87670578298173
233,682997,"Callihan, Tyler",424,55.0,0.22,0.187,0.309,0.407,0.263,0.214,0.193,20,91,83.2,22.7,2223,90.1,90.53,80,233,0,0.4000000000000057,6.39,115,145,112,150,297,323,300,8.726,-8.726,68.7,7.4,2.110336301,93,59,11,4,2,3,34,36.6,0,0,2.3,0.54,0.31,-0.27,90.8,176.0,27.11864406779661,6.779661016949152,4.301075268817205,5.62,-1.57,-0.03,2.21,0.217,4.0,-3.745064378,0.192,0.309,3.745064378,0.027,0.0249999999999999,0.098,0.049,34.3,35.7,10.937411161922368,-4.165360249103062,33.81170530573444,0.375,37.5670140454752,30.419192003468527
231,608701,"Refsnyder, Rob",523,44.2,0.151,0.123,0.158,0.274,0.177,0.231,0.183,16,106,86.0,18.3,2237,89.6,89.64,67,231,0,0.0,6.33,104,151,121,145,303,322,289,17.96,-17.96,69.5,7.6,3.19466842,110,81,11,1,0,4,29,26.4,0,0,2.2,0.68,0.33,-0.24,91.5,145.0,34.5679012345679,8.641975308641975,6.363636363636363,5.78,1.53,-0.12,2.36,0.147,7.0,-7.774891775,0.188,0.34,7.774891775,-0.032,-0.041,-0.066,-0.054,29.0,37.8,12.07209889326941,2.106600228695961,34.40251452614095,0.5657894736842105,36.20348561045334,26.66422324376964
228,694377,"Yorke, Nick",463,49.2,0.22,0.07,0.269,0.29,0.22,0.255,0.244,22,100,87.3,7.7,2233,90.7,90.9,57,228,0,0.2000000000000028,6.41,107,152,121,148,310,316,287,11.521,-11.521,71.0,7.3,2.573942614,102,80,17,4,0,1,22,21.6,0,0,2.03,0.79,0.55,-0.14,91.7,142.0,43.75,5.0,3.92156862745098,5.81,0.45,0.04,2.4,0.218,4.0,-5.053070175,0.243,0.348,5.053070175,-0.024,-0.0249999999999999,-0.058,-0.035,25.0,42.3,3.3245354856098563,4.7813724334365455,35.31092397748761,0.34375,34.23045290735369,24.30727153312485
225,664056,"Bader, Harrison",421,53.4,0.184,0.204,0.191,0.388,0.239,0.277,0.232,18,98,89.2,12.3,2277,89.8,90.08,72,225,0,0.2999999999999971,6.44,106,151,120,147,299,323,290,9.676,-9.676,70.7,7.1,4.401069219,99,73,8,5,0,5,26,26.3,0,0,2.27,0.6,0.31,0.08,91.7,149.0,41.0958904109589,8.21917808219178,6.0606060606060606,5.79,-1.04,0.23,2.33,0.182,6.0,-4.300444444,0.237,0.397,4.300444444,-0.048,-0.0549999999999999,-0.009,-0.038,32.0,38.7,11.187330833292084,-3.125179612632864,25.018126794198096,0.4887892376681614,37.571912286530015,32.186942618248544
221,660844,"Rivas, Leo",607,36.4,0.17,0.05,0.218,0.22,0.168,0.199,0.198,17,100,85.1,18.4,2213,89.4,89.69,51,221,0,0.2999999999999971,6.5,111,145,109,148,289,316,292,16.633,-16.633,61.1,6.8,4.074095533,103,80,13,3,1,0,23,22.3,0,0,2.18,0.71,0.46,-0.46,89.6,147.0,16.25,1.25,0.9708737864077668,5.82,-0.7,0.01,2.27,0.168,1.0,-7.526244344,0.196,0.269,7.526244344,-0.028,-0.0279999999999999,-0.049,-0.031,23.1,39.7,12.411653740405493,-6.213296358713807,36.46841637929303,0.5046296296296297,32.47173900622588,31.42559593182421
221,694197,"Genao, Angel",500,44.2,0.222,0.085,0.242,0.308,0.23,0.261,0.251,26,117,90.6,-3.4,2322,90.7,90.99,50,221,0,0.2999999999999971,6.39,110,147,111,150,290,322,301,11.758,-11.758,70.8,7.1,1.702401833,117,101,20,4,0,2,16,13.7,0,0,2.26,0.53,0.4,-0.4,92.9,125.0,51.48514851485149,4.950495049504951,4.273504273504273,5.66,-0.86,-0.08,2.22,0.222,5.0,-5.320361991,0.251,0.352,5.320361991,-0.029,-0.0289999999999999,-0.044,-0.031,22.6,37.4,4.226613497614057,4.686025455271987,30.758197697040394,0.4009216589861751,35.514403127074814,28.362792448066987
220,691783,"Lawlar, Jordan",484,45.5,0.287,0.208,0.343,0.495,0.335,0.304,0.272,29,101,84.6,15.4,2268,90.7,90.77,58,220,0,0.0999999999999943,6.39,107,152,114,146,298,326,292,3.275,-3.275,65.4,6.9,2.216486928,102,76,19,4,1,5,26,25.5,0,0,2.17,0.64,0.49,-0.05,91.0,153.0,27.631578947368425,7.894736842105263,5.88235294117647,5.76,-0.23,0.07,2.43,0.287,6.0,-1.488636364,0.272,0.438,1.488636364,0.015,0.0149999999999999,0.057,0.031,26.4,37.9,13.251423334756018,-4.5916873990831615,35.72341536069148,0.5416666666666666,36.32672583822328,30.563568583715263
217,677592,"Pereira, Everson",404,53.7,0.256,0.222,0.316,0.478,0.309,0.275,0.224,23,90,87.7,8.9,2258,89.2,89.31,82,217,0,0.0999999999999943,6.38,105,150,116,146,305,328,293,6.566,-6.566,71.8,7.9,3.527105699,92,63,13,5,0,5,29,31.5,0,0,2.4,0.51,0.42,-0.14,91.6,148.0,41.26984126984127,12.698412698412698,8.695652173913043,5.71,-0.47,0.03,2.26,0.253,8.0,-3.025806452,0.221,0.435,3.025806452,0.032,0.032,0.043,0.034,37.8,34.7,12.657919532006057,1.742076937846556,29.5664550949847,0.6431924882629108,38.2661631194776,27.48310192678593
215,660162,"Moncada, Yoán",552,38.9,0.228,0.13,0.286,0.359,0.253,0.235,0.205,21,92,90.3,15.9,2249,89.6,89.48,62,215,0,-0.0999999999999943,6.38,117,148,125,151,297,324,297,8.988,-8.988,70.2,7.3,4.250676623,92,66,16,1,1,3,26,28.3,0,0,2.36,0.53,0.42,-0.42,91.6,153.0,41.53846153846154,7.6923076923076925,5.434782608695652,5.66,-1.01,0.02,2.3,0.228,5.0,-4.180465116,0.205,0.346,4.180465116,0.023,0.023,0.013,0.018,28.8,34.3,10.332970721561788,-2.224821252560834,38.24908443829522,0.3619047619047619,36.31330892053487,32.23811662811335
215,701162,"Malgeri, Ben",486,44.2,0.258,0.129,0.309,0.387,0.276,0.274,0.265,24,93,89.7,12.8,2269,89.6,89.9,59,215,0,0.3000000000000113,6.4,108,151,118,146,303,325,289,6.279,-6.279,66.2,6.4,3.223028209,94,71,18,3,0,3,23,24.5,0,0,2.22,0.65,0.38,-0.2,91.5,161.0,40.845070422535215,4.225352112676056,3.191489361702128,5.73,0.41,0.05,2.32,0.255,3.0,-2.920465116,0.266,0.371,2.920465116,-0.007,-0.011,0.016,0.002,27.4,37.9,6.631358556327128,6.385066910297319,35.387484747380704,0.3459715639810427,34.87999669681178,27.53696380117649
213,687957,"Harris, Dustin",447,47.7,0.327,0.096,0.354,0.423,0.32,0.295,0.294,34,104,82.9,14.9,2235,89.2,89.46,43,213,0,0.2999999999999971,6.48,118,146,108,151,286,324,297,2.972,-2.972,63.9,6.5,4.22857373,108,98,27,4,3,0,10,9.3,0,0,2.38,0.53,0.38,-0.27,90.7,145.0,19.387755102040817,2.0408163265306123,1.851851851851852,5.73,-1.19,0.01,2.27,0.321,2.0,-1.395305164,0.293,0.389,1.395305164,0.033,0.028,0.034,0.025,20.2,36.6,12.78456205152755,-8.458634171249143,38.80536157635272,0.4009661835748792,32.85003328904891,35.37568623226077
212,695670,"Ford, Harry",498,42.6,0.207,0.172,0.231,0.379,0.25,0.238,0.203,18,87,84.7,13.5,2188,89.9,90.61,54,212,0,0.6999999999999886,6.61,109,150,119,145,305,321,291,9.522,-9.522,66.5,6.3,1.989794083,87,68,9,6,0,3,19,21.8,0,0,2.16,0.69,0.46,0.06,90.8,139.0,33.82352941176471,10.294117647058822,8.045977011494253,5.83,0.07,0.1,2.24,0.207,7.0,-4.491509434,0.203,0.358,4.491509434,0.004,0.0039999999999999,0.021,0.012,25.5,38.7,12.89034520551278,4.008246730054172,36.42441853206388,0.4784688995215311,33.084577653342386,36.06995060786273
212,682877,"Brito, Juan",406,52.2,0.244,0.133,0.299,0.378,0.265,0.254,0.235,22,90,85.2,17.5,2266,90.2,90.3,57,212,0,0.0999999999999943,6.41,112,148,116,149,293,317,292,8.098,-8.098,68.3,7.5,3.047427685,91,69,14,6,0,2,22,24.2,0,0,2.25,0.6,0.38,-0.38,90.9,156.0,30.434782608695656,5.797101449275362,4.395604395604396,5.65,-0.29,-0.02,2.23,0.242,4.0,-3.819811321,0.235,0.361,3.819811321,0.009,0.007,0.017,0.011,26.9,36.9,12.897551136143392,-6.372003242874195,32.09775453969369,0.6047619047619047,35.38280597690976,33.40628692276011
212,676369,"Velázquez, Nelson",436,48.6,0.221,0.256,0.228,0.477,0.288,0.354,0.271,19,86,95.0,20.7,2280,89.8,89.98,86,212,0,0.2000000000000028,6.39,106,151,122,146,305,328,297,5.7,-5.7,73.3,7.4,3.716448242,88,63,9,4,0,6,25,28.4,0,0,2.19,0.67,0.41,-0.36,93.2,176.0,63.49206349206349,14.285714285714285,10.227272727272728,5.65,0.76,-0.05,2.39,0.216,9.0,-2.688679245,0.273,0.568,2.688679245,-0.05,-0.057,-0.091,-0.066,40.6,35.9,15.57244918445223,-3.0178275764173845,34.59869832786082,0.5576923076923077,36.162282083243255,32.78397383941553
210,695491,"Báez, Joshua",382,55.0,0.245,0.298,0.262,0.543,0.328,0.292,0.226,23,94,92.1,23.2,2352,89.7,90.05,74,210,0,0.3999999999999915,6.43,107,152,122,146,303,326,295,0.089,-0.089,75.8,7.7,3.063087457,95,68,9,7,0,7,27,28.4,0,0,2.39,0.47,0.33,-0.06,92.8,168.0,47.05882352941176,11.76470588235294,8.421052631578947,5.68,-0.2,0.09,2.39,0.242,8.0,-0.042380952,0.223,0.475,0.042380952,0.019,0.0189999999999999,0.068,0.036,35.2,35.1,10.635824920717612,-6.867177045870279,27.501505194881304,0.5728155339805825,38.10619295019094,29.58795804344863
209,663604,"Lockridge, Brandon",462,45.2,0.281,0.042,0.403,0.323,0.266,0.215,0.223,27,96,82.3,-2.5,2184,88.6,88.67,61,209,0,0.1000000000000085,6.36,106,150,111,148,301,317,286,5.038,-5.038,69.8,6.7,2.307810713,97,68,23,4,0,0,29,29.9,0,0,2.53,0.55,0.37,0.15,90.8,122.0,33.33333333333333,1.5151515151515151,1.0309278350515465,5.71,-0.2,0.01,2.29,0.281,1.0,-2.410526316,0.223,0.27,2.410526316,0.058,0.058,0.053,0.051,29.2,36.8,2.999157206326609,7.529976086717876,30.269162307771065,0.4106280193236715,40.00047642827232,26.465620320063465
208,682674,"Bericoto, Victor",362,57.5,0.276,0.218,0.302,0.494,0.329,0.32,0.25,24,87,90.9,11.2,2221,88.6,89.08,64,208,0,0.5,6.5,104,151,120,146,304,324,290,2.705,-2.705,73.2,7.5,4.828726095,87,68,15,4,0,5,19,21.8,0,0,2.43,0.53,0.29,-0.16,92.1,168.0,50.0,14.705882352941178,11.494252873563218,5.71,0.36,0.11,2.36,0.276,10.0,-1.300480769,0.25,0.512,1.300480769,0.026,0.026,-0.018,0.009,30.8,39.2,12.495468285373857,2.1313401670515724,34.58515909610366,0.4705882352941176,34.91069889342616,31.416732137309417
205,666181,"Benson, Will",476,43.1,0.209,0.163,0.273,0.372,0.248,0.259,0.211,18,86,90.1,24.4,2272,89.7,89.85,74,205,0,0.2000000000000028,6.48,115,146,118,152,296,326,298,11.089,-11.089,71.2,7.6,3.747729421,87,58,11,3,1,3,28,32.2,0,0,2.41,0.47,0.4,-0.4,91.5,172.0,39.285714285714285,12.5,8.045977011494253,5.69,-1.82,-0.13,2.44,0.209,7.0,-5.409268293,0.211,0.398,5.409268293,-0.002,-0.002,-0.026,-0.011,36.1,35.9,13.401008250419316,-6.901211334692983,37.2649852284609,0.472636815920398,37.14454741042471,28.072668122454417
202,805347,"Jarvis, Jim",457,44.2,0.219,0.095,0.253,0.314,0.23,0.247,0.247,23,105,86.6,1.5,2203,89.8,90.34,38,202,0,0.5,6.5,114,146,107,151,294,320,301,9.817,-9.817,68.6,7.0,2.218412158,109,92,16,5,1,1,17,15.6,0,0,2.32,0.57,0.43,-0.42,91.4,128.0,36.95652173913043,3.260869565217391,2.752293577981652,5.6,-1.28,-0.11,2.2,0.219,3.0,-4.85990099,0.247,0.322,4.85990099,-0.028,-0.0279999999999999,-0.008,-0.017,18.8,34.6,3.1682785754074025,-3.5158382446959853,28.70564194882312,0.4256410256410256,35.56351483713798,28.327347326686045
201,694376,"Whitcomb, Shay",393,51.1,0.184,0.153,0.206,0.337,0.222,0.251,0.206,18,98,84.8,17.0,2288,89.4,89.64,55,201,0,0.1999999999999886,6.45,108,151,119,146,301,320,289,9.512,-9.512,68.7,7.4,3.60867147,100,74,11,3,0,4,26,26.0,0,0,2.37,0.58,0.34,0.1,91.3,148.0,32.432432432432435,12.162162162162163,9.0,5.76,-0.72,0.06,2.32,0.184,9.0,-4.732338308,0.206,0.387,4.732338308,-0.022,-0.0219999999999999,-0.05,-0.029,27.4,37.7,9.507912502203638,1.9061572730184284,28.692862566998212,0.625,37.865112805989455,27.04141896717733
199,668942,"Rojas, Josh",394,50.5,0.247,0.103,0.268,0.351,0.259,0.202,0.195,24,97,84.4,16.0,2184,88.9,89.39,40,199,0,0.5,6.51,118,145,110,150,290,325,302,6.921,-6.921,66.3,7.2,3.921512504,99,86,18,4,0,2,13,13.1,0,0,2.38,0.58,0.59,-0.48,90.5,157.0,29.069767441860467,1.162790697674419,1.0101010101010102,5.59,-1.16,0.01,2.33,0.247,1.0,-3.477889447,0.195,0.271,3.477889447,0.052,0.0519999999999999,0.08,0.057,20.1,34.0,9.369030995243689,-5.819429121246762,31.108039802599265,0.4974619289340101,37.63110009986911,28.94880104116092
198,687282,"Rincones Jr., Gabriel",344,57.6,0.182,0.13,0.222,0.312,0.209,0.197,0.164,14,77,90.1,13.3,2309,90.7,91.29,60,198,0,0.5999999999999943,6.55,116,146,121,150,290,327,302,9.212,-9.212,74.2,7.0,3.670421019,78,56,8,4,0,2,22,28.2,0,0,2.24,0.57,0.37,-0.44,91.9,159.0,37.735849056603776,9.433962264150944,6.41025641025641,5.74,-1.68,-0.04,2.34,0.179,5.0,-4.652525253,0.163,0.302,4.652525253,0.018,0.0159999999999999,0.01,0.012,30.3,36.0,4.357293432119493,-1.4810390165605172,27.415374892409485,0.3807106598984771,39.10485375593563,30.045786472774733
194,669221,"Murphy, Sean",388,50.0,0.195,0.149,0.233,0.345,0.231,0.244,0.215,17,87,86.7,6.1,2258,90.2,90.7,62,194,0,0.5,6.54,110,151,122,146,305,323,294,7.297,-7.297,70.3,7.8,5.31498995,87,63,10,4,0,3,24,27.6,0,0,2.32,0.63,0.38,0.18,91.6,127.0,38.095238095238095,7.936507936507936,5.747126436781609,5.77,-0.88,0.04,2.38,0.195,5.0,-3.761340206,0.215,0.356,3.761340206,-0.02,-0.0199999999999999,-0.011,-0.013,32.0,38.5,12.340270221567812,-3.2881141986136964,29.819099082923803,0.4946236559139785,41.0549820307086,30.5419291276822
193,669720,"Hays, Austin",358,53.9,0.289,0.145,0.333,0.434,0.309,0.315,0.307,24,83,87.2,4.2,2221,88.0,88.04,65,193,0,0.0,6.32,107,151,120,146,299,326,295,5.274,-5.274,70.4,7.2,3.568182922,84,66,18,3,0,3,18,21.4,0,0,2.66,0.42,0.29,-0.19,91.9,130.0,42.42424242424242,4.545454545454546,3.571428571428571,5.76,0.08,0.19,2.2,0.286,3.0,-2.732642487,0.303,0.429,2.732642487,-0.018,-0.017,0.005,-0.006,33.7,37.7,15.213022766533898,-3.9187568258063954,31.337610042681906,0.5828877005347594,40.68992684225342,33.65244685467683
192,666310,"Naylor, Bo",426,45.1,0.167,0.131,0.172,0.298,0.199,0.284,0.234,14,84,89.1,19.1,2224,89.0,89.14,28,192,0,0.0999999999999943,6.47,120,146,119,152,289,319,298,12.315,-12.315,70.4,7.6,3.81920112,84,67,9,2,0,3,17,20.2,0,0,2.39,0.54,0.34,-0.23,91.4,167.0,40.298507462686565,11.940298507462686,9.523809523809524,5.74,-1.07,0.12,2.23,0.167,8.0,-6.4140625,0.234,0.434,6.4140625,-0.067,-0.067,-0.136,-0.085,14.6,37.5,9.856498748510344,-5.618834174745384,31.022664123245328,0.4603174603174603,38.69005780897805,32.48164784949663
190,656976,"Smith, Pavin",426,44.6,0.184,0.126,0.186,0.31,0.21,0.242,0.218,16,87,87.8,15.5,2288,90.7,90.78,38,190,0,0.0999999999999943,6.42,115,147,120,152,294,327,304,10.544,-10.544,68.3,7.3,2.932999304,88,73,11,2,0,3,15,17.0,0,0,2.27,0.54,0.35,-0.39,91.2,146.0,35.61643835616438,5.47945205479452,4.545454545454546,5.66,-1.53,0.05,2.33,0.182,4.0,-5.549473684,0.22,0.33,5.549473684,-0.034,-0.038,-0.02,-0.032,20.0,37.4,10.256268478164609,-2.536512618251217,29.37036336115329,0.574468085106383,38.22242747593662,27.82661429395659
188,640902,"Pereda, Jhonny",389,48.3,0.321,0.09,0.348,0.41,0.316,0.334,0.331,25,78,90.1,8.6,2266,89.6,90.07,38,188,0,0.5,6.36,108,151,123,148,305,322,288,4.787,-4.787,69.3,7.2,2.473828447,79,68,22,1,0,2,11,13.9,0,0,2.22,0.71,0.33,0.1,91.4,164.0,47.76119402985074,2.985074626865672,2.5316455696202533,5.81,-0.75,0.06,2.34,0.316,2.0,-2.546276596,0.333,0.436,2.546276596,-0.01,-0.017,-0.026,-0.018,20.2,40.5,5.259378935548808,2.449487592098037,29.913566678893613,0.4340659340659341,36.53416725132509,26.31140092748693
187,641584,"Fraley, Jake",411,45.5,0.253,0.173,0.298,0.427,0.291,0.265,0.231,19,75,84.0,22.0,2220,91.0,91.05,43,187,0,0.0999999999999943,6.54,114,144,115,150,287,322,295,5.929,-5.929,69.5,7.0,2.387157934,75,59,10,7,0,2,16,21.3,0,0,2.01,0.78,0.53,-0.48,90.1,168.0,20.33898305084746,8.47457627118644,6.666666666666667,5.72,-1.36,-0.18,2.5,0.253,5.0,-3.170588235,0.231,0.39,3.170588235,0.022,0.0219999999999999,0.037,0.026,23.0,35.9,8.226942230381987,-6.009910741341092,36.67166768255797,0.4335260115606936,36.17992883691311,26.78558722232761
186,665561,"Marchán, Rafael",370,50.3,0.103,0.069,0.095,0.172,0.119,0.188,0.184,9,87,82.3,25.6,2259,90.3,90.52,30,186,0,0.2000000000000028,6.41,115,148,120,150,288,318,292,13.889,-13.889,64.0,7.4,3.660637514,87,76,7,0,0,2,11,12.6,0,0,2.12,0.7,0.43,-0.43,90.1,154.0,18.421052631578945,2.631578947368421,2.2988505747126435,5.7,-0.69,-0.14,2.1,0.103,2.0,-7.467204301,0.184,0.252,7.467204301,-0.081,-0.081,-0.08,-0.069,16.1,36.7,11.619732979810136,-5.877745834475258,35.16298775602172,0.5081967213114754,35.29300665944892,31.10481474527635
184,642851,"Wynns, Austin",338,54.4,0.154,0.038,0.193,0.192,0.152,0.223,0.21,12,78,83.0,14.5,2289,89.7,89.8,44,184,0,0.0999999999999943,6.43,109,152,122,148,303,321,288,10.893,-10.893,67.8,7.2,4.2958769,80,60,11,0,0,1,20,25.0,0,0,2.37,0.5,0.32,-0.21,90.7,140.0,26.666666666666668,3.333333333333333,2.5,5.72,-0.11,0.06,2.26,0.154,2.0,-5.920108696,0.21,0.304,5.920108696,-0.056,-0.0559999999999999,-0.112,-0.071,23.9,35.4,9.76525633010622,-4.772180321607836,35.32671513428803,0.4406779661016949,37.5591896151113,32.63361083221607
183,669699,"Shewmake, Braden",297,61.6,0.259,0.165,0.279,0.424,0.286,0.285,0.246,22,85,87.7,11.7,2276,89.6,89.71,43,183,0,0.1000000000000085,6.39,113,146,110,151,285,322,298,0.993,-0.993,67.2,6.9,1.707720867,89,73,14,5,0,3,16,18.0,0,0,2.42,0.6,0.25,-0.24,91.6,158.0,37.5,6.944444444444445,5.617977528089887,5.78,-1.43,0.03,2.35,0.253,5.0,-0.542622951,0.248,0.411,0.542622951,0.013,0.005,0.013,0.001,23.5,37.0,8.7861399564496,1.0916004106970283,26.79371101204333,0.6388888888888888,39.82222434549759,27.159443795428768
183,666624,"Morel, Christopher",369,49.6,0.198,0.081,0.271,0.279,0.207,0.199,0.195,17,86,87.7,16.8,2269,88.9,88.76,65,183,0,-0.1000000000000085,6.31,105,150,122,145,302,323,293,10.626,-10.626,73.4,7.9,3.100469392,86,60,12,4,0,1,26,30.2,0,0,2.35,0.58,0.31,-0.01,91.5,132.0,40.0,3.333333333333333,2.3255813953488373,5.68,-0.23,0.0,2.32,0.198,2.0,-5.806557377,0.195,0.265,5.806557377,0.003,0.003,0.014,0.008,35.5,37.5,12.195075588825752,-5.364980832888069,24.915378767565013,0.7403314917127072,36.01934569691279,34.150714750787046
183,696135,"Watson, Kahlil",339,54.0,0.259,0.111,0.364,0.37,0.273,0.251,0.227,21,81,88.2,10.0,2326,91.0,91.4,65,183,0,0.4000000000000057,6.49,113,146,102,151,291,322,298,5.552,-5.552,70.8,7.5,2.346093535,81,56,14,6,0,1,25,30.9,0,0,2.19,0.59,0.27,-0.22,91.7,145.0,32.142857142857146,7.142857142857142,4.938271604938271,5.69,-1.14,0.01,2.18,0.259,4.0,-3.033879781,0.227,0.358,3.033879781,0.032,0.032,0.012,0.022,35.5,35.8,14.304436011030823,2.567828820802302,35.18664619547387,0.4640883977900552,36.7160408554159,25.606275230939296
182,663368,"Perkins, Blake",419,43.4,0.163,0.105,0.197,0.267,0.184,0.217,0.203,14,86,83.8,14.1,2211,89.4,89.57,38,182,0,0.2999999999999971,6.39,104,146,108,146,296,319,292,8.849,-8.849,65.8,7.0,1.328813408,87,68,7,6,0,1,19,21.8,0,0,2.34,0.7,0.5,-0.48,90.7,150.0,33.82352941176471,4.411764705882353,3.4482758620689653,5.8,0.48,0.03,2.35,0.163,3.0,-4.862087912,0.203,0.306,4.862087912,-0.04,-0.04,-0.039,-0.033,20.9,38.5,6.292109008297765,-3.2400712358045345,31.134375793979743,0.6079545454545454,37.37076649382407,24.58986025802312
179,687749,"Bowen, Jase",343,52.2,0.173,0.123,0.231,0.296,0.2,0.257,0.226,14,81,82.6,9.5,2266,89.6,89.69,65,179,0,0.1000000000000085,6.39,105,149,111,145,302,320,288,9.868,-9.868,67.4,7.4,4.411633792,82,55,9,2,1,2,27,32.9,0,0,2.39,0.54,0.44,-0.18,91.5,143.0,35.18518518518518,9.25925925925926,6.097560975609756,5.71,0.18,0.04,2.18,0.173,5.0,-5.512849162,0.226,0.376,5.512849162,-0.053,-0.053,-0.08,-0.057,36.3,36.5,14.974412147083038,-9.083130799627089,37.72005440536598,0.3373493975903614,36.861993054477885,35.40532494784207
179,807727,"McAdoo, Charles",355,50.4,0.278,0.114,0.313,0.392,0.288,0.269,0.26,22,79,84.6,14.9,2237,89.9,90.01,40,179,0,0.0999999999999943,6.41,108,151,121,147,299,325,289,4.678,-4.678,72.4,7.1,2.646924046,80,66,17,3,0,2,14,17.5,0,0,2.17,0.7,0.53,-0.15,90.4,157.0,25.75757575757576,4.545454545454546,3.75,5.72,0.38,0.09,2.37,0.275,3.0,-2.613407821,0.257,0.367,2.613407821,0.018,0.018,0.025,0.019,22.3,35.4,6.187834475876182,2.330672501599968,31.16974443175249,0.388235294117647,37.46557115098396,27.05934533615301
175,602104,"Urías, Ramón",362,48.3,0.157,0.181,0.138,0.337,0.206,0.25,0.198,13,83,88.5,17.9,2310,90.1,90.09,41,175,0,0.0,6.33,107,152,120,146,309,323,292,8.571,-8.571,68.6,7.3,2.440330729,84,69,6,3,0,4,15,17.9,0,0,2.32,0.54,0.39,-0.04,91.2,160.0,34.78260869565217,10.144927536231885,8.333333333333332,5.74,-0.35,0.03,2.3,0.155,7.0,-4.897714286,0.198,0.395,4.897714286,-0.041,-0.043,-0.058,-0.044,23.4,37.5,12.033521601055032,6.942430450902374,27.472872827981448,0.7616279069767442,37.17060467370017,27.596562061046345
173,806367,"Hill, Turner",442,39.1,0.259,0.106,0.28,0.365,0.261,0.285,0.275,22,85,86.7,10.5,2322,90.9,91.21,25,173,0,0.2999999999999971,6.45,111,145,104,148,285,317,298,6.908,-6.908,63.7,6.3,1.740576862,88,76,15,6,0,1,12,13.6,0,0,2.17,0.62,0.49,-0.08,90.9,148.0,30.26315789473684,3.947368421052632,3.4090909090909087,5.76,-0.58,-0.01,2.23,0.25,3.0,-3.993063584,0.272,0.387,3.993063584,-0.016,-0.022,-0.022,-0.024,14.5,39.8,8.428886607710867,1.255588112050349,36.19421965264562,0.5240963855421686,36.42161827844699,31.34830291423584
173,519317,"Stanton, Giancarlo",384,45.1,0.261,0.17,0.345,0.432,0.297,0.308,0.251,23,88,94.1,21.5,2226,89.1,89.06,67,173,0,0.0,6.38,109,152,126,147,304,329,293,3.529,-3.529,77.4,8.4,4.117930504,88,61,14,6,0,3,27,30.7,0,0,2.31,0.63,0.38,0.1,93.9,171.0,44.26229508196721,18.0327868852459,12.5,5.85,-0.59,0.0,2.41,0.261,11.0,-2.039884393,0.251,0.477,2.039884393,0.01,0.01,-0.045,-0.011,38.7,39.5,11.503060291061685,-0.1623695340634177,27.32139444632122,0.6918604651162791,43.30804504623075,24.90655419625031
166,571771,"Hernández, Enrique",317,52.4,0.234,0.169,0.294,0.403,0.273,0.255,0.229,18,77,88.6,10.8,2241,88.8,89.15,44,166,0,0.2999999999999971,6.41,107,152,120,147,302,321,292,5.642,-5.642,68.5,7.5,2.657652831,77,54,11,4,0,3,23,29.9,0,0,2.43,0.49,0.31,-0.27,91.4,160.0,40.74074074074074,7.4074074074074066,5.194805194805195,5.62,0.9,0.08,2.26,0.234,4.0,-3.398795181,0.229,0.364,3.398795181,0.005,0.005,0.039,0.018,26.5,35.5,8.540167289537704,2.097213673253418,29.09751333572096,0.5,41.71654586077639,29.18125980547441
165,687529,"McCray, Grant",387,42.6,0.162,0.147,0.196,0.309,0.199,0.268,0.236,11,68,81.8,7.7,2326,88.9,89.32,58,165,0,0.3999999999999915,6.53,114,146,105,151,288,324,305,8.945,-8.945,65.7,6.7,4.570675564,71,51,6,2,1,2,20,28.2,0,0,2.42,0.5,0.13,-0.05,91.2,157.0,31.37254901960784,11.76470588235294,8.450704225352112,5.66,-0.66,0.04,2.28,0.162,6.0,-5.421212121,0.236,0.394,5.421212121,-0.074,-0.0739999999999999,-0.085,-0.069,35.2,36.8,5.089352251943196,-5.812828910385557,32.61257108752145,0.3773584905660377,36.087683308911565,30.385876556960795
161,683227,"Freeman, Cody",379,42.5,0.259,0.074,0.299,0.333,0.258,0.19,0.192,21,81,80.0,5.9,2256,90.5,90.68,27,161,0,0.2000000000000028,6.42,107,151,117,147,301,323,289,5.552,-5.552,64.2,6.5,1.999147696,84,71,18,1,1,1,13,15.5,0,0,2.08,0.74,0.46,0.1,90.4,132.0,22.857142857142858,1.4285714285714286,1.1904761904761905,5.68,0.26,-0.01,2.31,0.259,1.0,-3.448447205,0.192,0.247,3.448447205,0.067,0.067,0.086,0.068,16.8,37.0,8.644919676908234,1.7211331296176158,24.807936420735015,0.6772151898734177,33.83095573637943,33.51071303919348
161,660710,"Durán, Rodolfo",353,45.6,0.162,0.176,0.164,0.338,0.211,0.236,0.199,12,74,86.9,14.3,2260,90.6,91.0,41,161,0,0.4000000000000057,6.59,107,152,119,147,303,320,292,6.968,-6.968,70.5,7.1,2.718608865,75,59,5,4,0,3,16,21.3,0,0,2.24,0.58,0.41,0.17,91.1,137.0,30.508474576271187,8.47457627118644,6.666666666666667,5.52,-1.13,0.2,2.15,0.162,5.0,-4.327950311,0.199,0.359,4.327950311,-0.037,-0.037,-0.021,-0.025,25.5,33.2,12.997495968684014,-5.0828194336252,28.887645855051986,0.567741935483871,37.533876231386216,34.52239204890717
160,641555,"Escarra, J.C.",352,45.5,0.19,0.083,0.235,0.274,0.198,0.229,0.208,16,84,88.2,11.5,2307,88.9,89.08,45,160,0,0.1999999999999886,6.47,114,146,121,152,287,323,294,9.911,-9.911,67.6,7.2,2.848001131,85,68,10,5,1,0,17,20.0,0,0,2.37,0.57,0.27,-0.24,91.7,146.0,34.32835820895522,4.477611940298507,3.5294117647058822,5.71,-0.91,-0.08,2.38,0.188,3.0,-6.194375,0.214,0.312,6.194375,-0.018,-0.0259999999999999,-0.038,-0.031,28.1,37.3,8.994786137363272,-6.8304012807450585,28.25136967534668,0.567741935483871,39.698869529659575,30.76351609155593
160,457705,"McCutchen, Andrew",356,44.9,0.2,0.071,0.255,0.271,0.202,0.189,0.171,14,70,87.1,22.8,2250,88.9,88.93,52,160,0,0.0,6.4,108,150,121,145,302,325,291,10.775,-10.775,68.5,7.4,2.615212222,71,52,11,2,0,1,19,26.8,0,0,2.38,0.56,0.29,-0.25,90.9,148.0,28.846153846153843,5.769230769230769,4.225352112676056,5.83,0.55,0.11,2.31,0.197,3.0,-6.734375,0.169,0.276,6.734375,0.029,0.0279999999999999,-0.005,0.013,32.5,37.0,13.77735605332309,1.477904509908733,35.86620047035549,0.535031847133758,38.89355169675519,25.855328371305745
156,694514,"Thompson, Sterlin",312,50.0,0.25,0.156,0.304,0.406,0.282,0.266,0.236,16,64,86.6,7.9,2206,89.5,90.04,47,156,0,0.5,6.41,119,147,114,151,296,329,306,5.92,-5.92,73.5,6.9,4.300564794,64,48,10,4,0,2,16,25.0,0,0,2.4,0.59,0.34,-0.23,91.4,152.0,43.75,6.25,4.6875,5.67,-1.07,-0.09,2.4,0.25,3.0,-3.794871795,0.236,0.384,3.794871795,0.014,0.014,0.022,0.016,30.1,35.3,7.311016542597475,3.2721228689295287,35.0804317971095,0.3712121212121212,35.64735036890255,26.55519808605534
156,690924,"Fulford, Braxton",348,44.8,0.207,0.121,0.275,0.328,0.222,0.183,0.166,12,58,85.9,22.2,2236,87.5,87.82,54,156,0,0.2999999999999971,6.26,108,152,122,147,305,329,298,6.945,-6.945,70.4,6.6,2.770951989,60,41,7,4,0,1,19,31.7,0,0,2.53,0.56,0.32,-0.09,90.7,173.0,34.14634146341464,7.317073170731707,5.0,5.77,0.89,0.08,2.3,0.2,3.0,-4.451923077,0.161,0.278,4.451923077,0.041,0.039,0.05,0.039,34.6,39.8,9.590331544247432,-2.84918542649059,30.78094466903988,0.4928571428571429,35.55824171175,33.03883552689687
155,606992,"Haase, Eric",319,48.6,0.176,0.221,0.19,0.397,0.242,0.251,0.2,12,68,82.1,10.1,2350,89.4,89.83,59,155,0,0.3999999999999915,6.46,106,151,120,147,302,324,293,5.533,-5.533,68.3,7.0,4.514812766,71,49,5,3,0,4,22,31.0,0,0,2.35,0.56,0.34,-0.04,90.8,144.0,28.57142857142857,16.3265306122449,11.267605633802818,5.73,-0.66,0.05,2.15,0.176,8.0,-3.569677419,0.2,0.392,3.569677419,-0.024,-0.024,0.005,-0.009,38.1,37.6,12.153684965735856,-4.128568708769,30.63300855296001,0.5789473684210527,37.796343291960206,28.72888637991968
154,701305,"Dezenzo, Zach",333,46.2,0.222,0.097,0.349,0.319,0.235,0.219,0.201,16,72,84.9,9.9,2291,90.8,90.9,59,154,0,0.1000000000000085,6.39,110,153,121,147,300,327,292,6.429,-6.429,73.8,7.6,3.810464179,72,44,11,4,0,1,28,38.9,0,0,2.04,0.79,0.39,0.09,90.7,149.0,31.818181818181817,9.090909090909092,5.555555555555555,5.87,-0.39,0.13,2.37,0.222,4.0,-4.174675325,0.201,0.31,4.174675325,0.021,0.0209999999999999,0.009,0.016,38.3,37.2,10.828889565462498,1.535651045242051,38.88347807501311,0.3594771241830065,36.85788030098021,29.219168572654777
153,656577,"Jackson, Alex",272,56.3,0.333,0.111,0.455,0.444,0.339,0.212,0.205,21,63,79.8,5.6,2259,89.8,90.28,46,153,0,0.5,6.54,107,150,119,145,297,325,292,3.149,-3.149,68.4,7.0,3.010643604,63,45,16,4,0,1,18,28.6,0,0,2.27,0.65,0.34,-0.07,90.4,135.0,33.33333333333333,2.2222222222222223,1.5873015873015872,5.81,-0.8,0.0,2.25,0.333,1.0,-2.058169935,0.205,0.282,2.058169935,0.128,0.128,0.162,0.127,30.1,39.4,6.392149208534024,-1.9668536456564087,30.585049451347487,0.4866666666666667,37.21661735398175,32.6546741414637
152,680474,"Schuemann, Max",358,42.5,0.219,0.188,0.245,0.406,0.266,0.258,0.228,14,64,86.1,20.4,2195,90.1,90.64,42,152,0,0.5,6.57,104,147,109,142,303,323,284,5.605,-5.605,68.4,7.2,3.288546632,64,51,6,6,0,2,13,20.3,0,0,2.24,0.64,0.56,-0.18,91.1,179.0,41.17647058823529,9.803921568627452,7.8125,5.73,0.33,-0.08,2.39,0.219,5.0,-3.6875,0.228,0.378,3.6875,-0.009,-0.009,0.028,0.008,27.6,35.4,10.32361338966171,-4.793759568990897,31.032881903309228,0.5,38.41863758335245,28.63136918101644
151,663853,"Gonzalez, Romy",288,52.4,0.194,0.129,0.256,0.323,0.22,0.255,0.242,12,62,86.1,3.8,2274,90.0,90.27,51,151,0,0.2999999999999971,6.4,103,149,117,146,299,326,297,7.983,-7.983,70.0,6.6,4.565509185,63,45,7,3,1,1,18,28.6,0,0,2.25,0.6,0.37,0.02,91.6,141.0,37.77777777777778,4.444444444444445,3.1746031746031744,5.74,0.15,-0.02,2.32,0.194,2.0,-5.286754967,0.242,0.351,5.286754967,-0.048,-0.0479999999999999,-0.028,-0.035,33.8,36.4,6.011055853988092,3.119054303014235,28.89087304627178,0.4093959731543624,36.43529713249842,26.16791083231131
151,518595,"d'Arnaud, Travis",306,49.3,0.185,0.092,0.234,0.277,0.199,0.211,0.173,12,65,86.7,10.1,2220,89.6,89.58,48,151,0,0.0,6.36,107,153,124,148,304,324,294,9.144,-9.144,70.0,7.6,3.544962007,65,48,8,3,0,1,17,26.2,0,0,2.24,0.66,0.49,-0.16,90.8,156.0,33.33333333333333,10.416666666666668,7.6923076923076925,5.7,0.01,0.12,2.33,0.185,5.0,-6.055629139,0.173,0.323,6.055629139,0.012,0.012,-0.046,-0.012,31.8,36.2,10.20549203626649,2.6152172055823995,30.661468285284453,0.543046357615894,39.19435614058251,30.41157700082139
150,661531,"Serven, Brian",303,49.5,0.197,0.225,0.176,0.423,0.262,0.277,0.24,14,71,87.2,9.8,2270,89.6,89.75,45,150,0,0.2000000000000028,6.39,108,152,121,146,297,321,287,6.664,-6.664,68.1,7.2,2.417913082,71,56,8,1,0,5,15,21.1,0,0,2.23,0.64,0.44,-0.03,91.7,161.0,30.35714285714285,8.928571428571429,7.042253521126761,5.71,-0.1,0.06,2.22,0.197,5.0,-4.442666667,0.24,0.409,4.442666667,-0.043,-0.0429999999999999,0.014,-0.015,30.0,37.4,9.685975595190977,1.2099126751640878,31.48805267160988,0.5333333333333333,35.40021046237647,28.259730407404817
150,691182,"Amador, Adael",303,49.5,0.292,0.231,0.283,0.523,0.349,0.217,0.199,19,65,82.6,6.8,2263,90.6,91.35,21,150,0,0.7000000000000028,6.45,111,148,110,149,296,331,298,-0.388,0.388,67.1,6.7,2.507465756,66,58,12,3,0,4,8,12.1,0,0,2.2,0.59,0.29,-0.29,90.7,128.0,24.13793103448276,6.896551724137931,6.0606060606060606,5.71,-0.12,0.06,2.27,0.292,4.0,0.258666667,0.199,0.304,-0.258666667,0.093,0.0929999999999999,0.219,0.132,14.0,38.3,0.8061160028600509,1.10996352886517,28.433610407928192,0.352112676056338,34.28547651934595,30.43680176988026
149,650559,"De La Cruz, Bryan",291,51.2,0.323,0.145,0.36,0.468,0.332,0.248,0.237,20,62,88.5,2.6,2318,89.5,89.78,37,149,0,0.2999999999999971,6.44,108,150,121,145,306,323,291,1.588,-1.588,67.6,7.1,3.484679128,64,52,15,3,0,2,12,18.8,0,0,2.37,0.51,0.18,-0.04,91.0,135.0,40.38461538461539,3.8461538461538463,3.125,5.65,0.28,0.02,2.4,0.313,2.0,-1.065771812,0.236,0.339,1.065771812,0.086,0.077,0.129,0.084,24.8,36.5,8.503741519074453,4.924856736692583,38.754580851682825,0.3918918918918919,35.8598527987875,25.4040472573566
148,691728,"Veen, Zac",271,54.6,0.255,0.182,0.414,0.436,0.295,0.246,0.208,14,55,81.1,12.8,2282,90.5,91.16,61,148,0,0.7000000000000028,6.43,117,146,109,152,298,333,305,4.49,-4.49,68.3,6.8,2.238229505,57,33,9,2,1,2,24,42.1,0,0,2.27,0.52,0.24,-0.17,91.4,153.0,39.39393939393939,9.090909090909092,5.263157894736842,5.7,-1.45,0.09,2.36,0.255,3.0,-3.033783784,0.208,0.372,3.033783784,0.047,0.047,0.064,0.049,41.2,38.0,12.084502484773026,0.3622239071386457,32.3729731297066,0.3687943262411347,36.93100191593008,34.27680404377292
148,672284,"Kelenic, Jarred",326,45.4,0.242,0.076,0.366,0.318,0.245,0.311,0.255,16,66,92.6,11.6,2134,89.9,89.91,60,148,0,0.0,6.35,119,146,117,151,294,326,302,7.323,-7.323,71.2,7.4,3.72820617,66,42,13,2,0,1,24,36.4,0,0,2.41,0.45,0.59,-0.56,92.7,165.0,50.0,19.047619047619047,12.12121212121212,5.76,-1.52,-0.02,2.1,0.242,8.0,-4.947972973,0.255,0.477,4.947972973,-0.013,-0.013,-0.159,-0.066,40.5,35.6,13.18572698683916,0.8468720139709254,31.5770869230575,0.527027027027027,41.13456336307097,31.07373650233067
148,814430,"Callahan, Brett",244,60.7,0.241,0.138,0.325,0.379,0.262,0.301,0.254,14,58,90.2,18.1,2231,90.2,90.52,41,148,0,0.2999999999999971,6.45,116,145,114,151,291,326,301,3.564,-3.564,72.4,6.9,4.647206704,59,41,9,3,1,1,18,30.5,0,0,2.23,0.61,0.44,-0.42,91.9,170.0,46.34146341463415,12.195121951219512,8.47457627118644,5.76,-1.99,0.09,2.33,0.237,5.0,-2.408108108,0.254,0.453,2.408108108,-0.013,-0.017,-0.074,-0.039,27.7,37.9,6.028195033550986,-0.9728965666106618,36.013993331696746,0.2758620689655172,35.762912077383575,28.69936935572504
141,645305,"Sánchez, Ali",285,49.5,0.271,0.071,0.346,0.343,0.265,0.253,0.258,19,70,81.1,17.3,2222,89.9,90.32,32,141,0,0.3999999999999915,6.55,106,150,120,146,303,323,284,4.105,-4.105,68.1,7.0,2.240277071,72,54,16,2,0,1,18,25.0,0,0,2.2,0.66,0.41,-0.16,90.7,141.0,27.77777777777778,3.7037037037037033,2.7777777777777777,5.73,0.05,0.09,2.39,0.268,2.0,-2.911347518,0.255,0.332,2.911347518,0.013,0.013,0.011,0.012,22.7,38.1,8.392828632608252,4.767342745428143,32.67455704220762,0.5652173913043478,38.05373169387391,29.12686995333563
139,672016,"Clarke, Denzel",325,42.8,0.196,0.018,0.268,0.214,0.182,0.195,0.207,11,56,83.8,-5.1,2241,90.2,90.15,46,139,0,-0.1000000000000085,6.39,101,150,108,147,304,324,292,10.104,-10.104,70.6,7.1,4.046670096,59,44,10,1,0,0,15,25.4,0,0,2.09,0.76,0.52,0.04,91.7,94.0,39.53488372093023,2.3255813953488373,1.694915254237288,5.77,-0.22,0.02,2.41,0.196,1.0,-7.269064748,0.207,0.238,7.269064748,-0.011,-0.0109999999999999,-0.024,-0.013,33.1,37.8,-1.0286283972595105,-0.5375009034049443,31.47225159581508,0.3703703703703703,37.05772578215515,26.80861893930433
136,665861,"Rivero, Sebastián",233,58.4,0.26,0.04,0.317,0.3,0.246,0.257,0.271,13,50,80.9,17.0,2272,90.0,90.14,35,136,0,0.0999999999999943,6.45,105,151,121,145,301,322,289,4.622,-4.622,68.1,7.3,2.417559268,51,42,11,2,0,0,9,17.6,0,0,2.19,0.66,0.25,-0.03,89.4,142.0,14.285714285714285,0.0,0.0,5.9,-0.92,0.19,2.2,0.26,0.0,-3.398529412,0.271,0.316,3.398529412,-0.011,-0.011,-0.016,-0.011,25.7,43.5,7.280281011292096,-1.828851572370815,33.54003195889519,0.4511278195488721,37.449741234519934,29.34645655100972
136,677956,"Hinds, Rece",259,52.5,0.2,0.111,0.3,0.311,0.21,0.173,0.173,9,45,88.9,18.8,2212,87.2,87.26,59,136,0,0.0999999999999943,6.5,108,151,123,145,302,327,291,7.295,-7.295,70.8,7.7,4.269603822,47,30,4,5,0,0,17,36.2,0,0,2.64,0.42,0.32,-0.2,92.0,155.0,42.85714285714285,0.0,0.0,5.7,0.66,0.15,2.16,0.191,0.0,-5.363970588,0.169,0.225,5.363970588,0.027,0.0219999999999999,0.086,0.037,43.4,35.3,9.53461473615322,-9.63560478257507,38.90266915553714,0.3333333333333333,38.89175931008321,33.47468734382863
136,596103,"Slater, Austin",292,46.6,0.259,0.052,0.333,0.31,0.245,0.2,0.205,15,58,85.0,4.8,2196,90.3,90.33,38,136,0,0.0,6.45,106,152,117,148,302,322,289,5.845,-5.845,69.0,6.8,3.668101355,59,45,12,3,0,0,14,23.7,0,0,2.0,0.84,0.64,-0.65,89.8,149.0,18.181818181818183,2.272727272727273,1.694915254237288,5.75,1.69,0.1,2.47,0.254,1.0,-4.297794118,0.201,0.265,4.297794118,0.054,0.0529999999999999,0.045,0.045,27.9,37.6,11.406129623939163,3.389398192535088,35.14447170150848,0.5338345864661654,35.8582477391211,29.951234649637573
135,686894,"Wiemer, Joey",335,40.3,0.317,0.254,0.447,0.571,0.378,0.269,0.242,20,63,87.4,1.4,2174,89.3,89.49,43,135,0,0.2000000000000028,6.46,104,150,120,146,300,321,293,-1.335,1.335,67.9,7.1,4.506845655,63,41,11,5,1,3,22,34.9,0,0,2.41,0.49,0.43,-0.26,92.1,153.0,40.0,10.0,6.349206349206349,5.86,0.52,-0.01,2.32,0.317,4.0,0.988888889,0.242,0.388,-0.988888889,0.075,0.075,0.183,0.109,31.9,36.1,4.715912639079495,4.575663107375664,23.84860700814811,0.4108527131782946,37.6279014987532,27.835287921085083
134,669899,"Ward, Ryan",252,53.2,0.226,0.245,0.257,0.472,0.295,0.292,0.248,12,53,88.5,19.3,2363,90.9,91.47,37,134,0,0.5999999999999943,6.49,114,145,118,149,295,323,301,4.045,-4.045,70.5,7.6,1.642506055,53,38,5,4,0,3,15,28.3,0,0,2.07,0.71,0.35,-0.3,90.7,169.0,29.72972972972973,10.81081081081081,7.547169811320755,5.78,-1.75,-0.03,2.37,0.226,4.0,-3.018656716,0.248,0.44,3.018656716,-0.022,-0.0219999999999999,0.032,0.003,27.6,38.6,8.333892154323323,3.166291626440401,28.07203745510261,0.5833333333333334,37.60841932568432,25.891335249539143
134,699024,"Bernal, Leo",286,46.9,0.354,0.231,0.352,0.585,0.403,0.407,0.345,23,65,94.0,14.3,2301,88.9,89.09,30,134,0,0.1999999999999886,6.34,117,149,121,150,299,324,300,-2.698,2.698,72.9,7.3,2.789931677,65,58,16,3,0,4,7,10.8,0,0,2.56,0.44,0.22,-0.21,93.4,186.0,62.06896551724138,10.344827586206897,9.230769230769232,5.72,-0.79,-0.18,2.35,0.354,6.0,2.013432836,0.345,0.615,-2.013432836,0.009,0.009,-0.03,-0.004,22.4,37.5,8.228946205652342,-1.8189667670872625,32.26309815229468,0.4812030075187969,35.35338828266564,29.36816520047061
133,702176,"Roden, Alan",288,46.2,0.29,0.101,0.311,0.391,0.288,0.315,0.299,20,69,86.2,9.9,2242,90.3,90.74,22,133,0,0.4000000000000057,6.49,114,144,118,150,295,324,302,2.303,-2.303,66.5,6.7,3.091369181,72,63,15,4,0,1,9,12.5,0,0,2.19,0.63,0.41,-0.25,91.7,146.0,42.85714285714285,4.761904761904762,4.166666666666666,5.68,-1.3,-0.13,2.33,0.282,3.0,-1.731578947,0.301,0.426,1.731578947,-0.009,-0.019,-0.035,-0.027,16.5,35.8,6.4114832751460025,-1.8091401198952792,30.47128246931385,0.4503816793893129,38.75071472604726,30.856857019382264
131,801126,"Rodden, Brock",281,46.6,0.207,0.086,0.316,0.293,0.212,0.166,0.142,12,58,88.0,20.5,2191,89.4,89.74,51,131,0,0.2999999999999971,6.44,111,145,107,148,287,320,295,6.712,-6.712,66.1,6.9,3.053637882,59,38,8,3,1,0,21,35.6,0,0,2.23,0.66,0.55,-0.55,90.9,172.0,36.84210526315789,5.263157894736842,3.389830508474576,5.62,-1.08,-0.08,2.14,0.203,2.0,-5.123664122,0.146,0.239,5.123664122,0.065,0.057,0.054,0.046,38.9,33.6,14.141464991945824,-2.729750207087959,31.720580801445028,0.3384615384615385,36.772377173082006,31.020418108224963
129,805805,"Jenkins, Walker",274,47.1,0.236,0.2,0.238,0.436,0.287,0.291,0.253,13,55,84.4,14.7,2216,88.4,88.86,36,129,0,0.5,6.51,114,144,111,150,294,324,303,3.252,-3.252,68.6,6.7,2.424948844,56,46,8,2,0,3,10,17.9,0,0,2.61,0.51,0.28,-0.17,91.2,162.0,30.434782608695656,8.695652173913043,7.142857142857142,5.7,-0.88,-0.01,2.43,0.236,4.0,-2.520930233,0.253,0.429,2.520930233,-0.017,-0.017,0.007,-0.004,27.9,38.0,8.621566479424317,-0.2653117603694239,34.31399606792626,0.4651162790697674,36.55124729947937,27.76385803994984
123,811965,"Kuroda-Grauer, Joshua",226,54.4,0.417,0.167,0.462,0.583,0.434,0.314,0.314,25,60,89.3,7.8,2283,88.6,88.62,18,123,0,0.0,6.21,106,152,119,148,305,325,282,-3.883,3.883,66.9,6.8,2.418701861,60,53,17,7,0,1,7,11.7,0,0,2.33,0.65,0.14,-0.04,92.0,163.0,39.62264150943396,1.8867924528301887,1.6666666666666667,5.89,0.16,0.09,2.39,0.417,1.0,3.156910569,0.314,0.414,-3.156910569,0.103,0.1029999999999999,0.169,0.12,14.6,39.4,5.1454080150748,2.1098921824011176,30.243320909218653,0.4285714285714285,34.19419237257136,34.220848353594704
123,668800,"Knizner, Andrew",251,49.0,0.224,0.155,0.234,0.379,0.259,0.261,0.233,13,58,86.5,21.9,2223,89.1,89.63,34,123,0,0.5,6.54,107,153,124,148,300,319,288,4.637,-4.637,67.6,7.1,2.55021951,58,49,8,3,0,2,9,15.5,0,0,2.26,0.63,0.37,-0.28,91.5,146.0,32.6530612244898,6.122448979591836,5.172413793103448,5.77,0.75,0.21,2.29,0.224,3.0,-3.769918699,0.233,0.378,3.769918699,-0.009,-0.009,0.001,-0.002,27.6,39.3,8.737001797885233,-3.2610187795393664,24.7233018160117,0.5462184873949579,37.42471974510497,34.58479464180748
122,670097,"Short, Zack",272,44.9,0.156,0.044,0.212,0.2,0.148,0.198,0.177,7,45,83.3,27.6,2191,90.1,90.33,38,122,0,0.2000000000000028,6.46,105,151,112,144,299,323,287,8.309,-8.309,66.8,6.9,1.363584784,48,34,5,2,0,0,14,29.2,0,0,2.18,0.68,0.48,-0.03,90.2,166.0,20.588235294117645,5.88235294117647,4.166666666666666,5.75,-0.23,-0.11,2.21,0.149,2.0,-6.810655738,0.171,0.298,6.810655738,-0.021,-0.022,-0.098,-0.05,31.1,37.6,11.17715341952444,-4.426825051534505,34.672847033515126,0.5619834710743802,33.79833024615032,33.829225184037334
122,596117,"Stubbs, Garrett",228,53.5,0.161,0.0,0.2,0.161,0.141,0.176,0.187,9,56,83.1,12.2,2340,90.3,90.35,25,122,0,0.1000000000000085,6.28,114,147,103,151,284,317,294,9.525,-9.525,63.2,6.8,3.418077908,57,45,9,0,0,0,12,21.1,0,0,2.34,0.49,0.31,-0.45,90.5,127.0,24.444444444444443,0.0,0.0,5.76,-1.46,-0.14,2.22,0.158,0.0,-7.807377049,0.184,0.226,7.807377049,-0.026,-0.0259999999999999,-0.065,-0.035,20.5,36.6,8.262079387091667,-2.022588205199062,27.35354287187024,0.4396551724137931,35.723620431810154,26.271311170832675
120,663611,"Madrigal, Nick",239,50.2,0.283,0.038,0.288,0.321,0.261,0.238,0.243,15,53,88.1,9.2,2265,89.4,89.53,9,120,0,0.0999999999999943,6.4,106,151,111,147,303,316,283,3.14,-3.14,64.9,6.4,3.196667138,54,52,13,2,0,0,2,3.7,0,0,2.21,0.67,0.35,0.15,90.6,144.0,26.923076923076923,0.0,0.0,5.8,-0.6,0.22,2.2,0.278,0.0,-2.616666667,0.243,0.297,2.616666667,0.04,0.035,0.024,0.023,7.5,41.3,3.0104038300917635,5.60742771655466,29.315615633485866,0.4090909090909091,34.14022272296526,24.85780761148931
119,650968,"Pozo, Yohel",191,62.3,0.264,0.075,0.277,0.34,0.259,0.24,0.247,14,53,87.0,14.6,2238,90.0,90.32,19,119,0,0.2999999999999971,6.52,106,151,123,147,304,323,290,2.056,-2.056,68.2,7.5,3.051442659,54,48,12,1,0,1,6,11.1,0,0,2.21,0.65,0.28,-0.13,91.1,153.0,27.08333333333333,2.083333333333333,1.851851851851852,5.72,-0.21,0.0,2.32,0.259,1.0,-1.727731092,0.245,0.307,1.727731092,0.017,0.014,0.033,0.019,16.0,38.3,6.788132554063775,-1.0142684303570892,28.2843924292026,0.4568965517241379,37.4393318149838,28.164110282964806
119,677595,"Mauricio, Ronny",191,62.3,0.176,0.078,0.25,0.255,0.187,0.203,0.179,9,51,89.1,6.5,2198,88.3,88.34,37,119,0,0.0,6.41,111,145,123,149,296,325,297,7.084,-7.084,73.7,7.7,2.912492707,51,33,7,1,0,1,18,35.3,0,0,2.63,0.35,0.25,-0.25,91.6,130.0,33.33333333333333,9.090909090909092,5.88235294117647,5.63,-1.3,-0.02,2.36,0.176,3.0,-5.952941176,0.179,0.295,5.952941176,-0.003,-0.003,-0.04,-0.016,31.1,35.3,9.041726675284622,-5.894085261577435,26.85660896154464,0.5508474576271186,35.26988105501393,36.14180136026203
119,815873,"Keys, Sean",234,50.9,0.217,0.174,0.286,0.391,0.26,0.231,0.207,10,46,90.7,18.6,2184,89.8,89.92,37,119,0,0.1000000000000085,6.34,119,147,124,152,292,323,300,4.497,-4.497,73.2,7.3,3.713957184,46,30,6,2,0,2,16,34.8,0,0,2.47,0.4,0.36,-0.4,92.7,158.0,60.0,6.666666666666667,4.3478260869565215,5.56,-1.62,0.04,2.22,0.217,2.0,-3.778991597,0.207,0.333,3.778991597,0.01,0.01,0.058,0.029,31.1,32.2,13.585869344639676,-8.043781994750338,30.223535291220102,0.4369747899159664,38.81219933666436,38.31249539522662
119,640459,"Navarreto, Brian",224,53.1,0.14,0.116,0.179,0.256,0.165,0.143,0.14,6,43,76.8,9.9,2178,89.2,89.55,40,119,0,0.3999999999999915,6.5,108,152,119,146,302,322,290,7.275,-7.275,68.9,7.5,4.919093104,47,32,3,2,0,1,15,31.9,0,0,2.34,0.58,0.45,-0.28,90.6,113.0,21.875,6.25,4.25531914893617,5.61,0.9,0.08,2.32,0.136,2.0,-6.113445378,0.137,0.198,6.113445378,0.0,-0.001,0.058,0.022,33.6,34.3,9.533898196706517,-16.460344797031176,27.582817498455807,0.5338983050847458,36.38105587139157,36.082397721059
119,807726,"Peck, John",229,52.0,0.204,0.02,0.263,0.224,0.185,0.27,0.24,10,49,88.1,5.9,2282,90.3,90.39,32,119,0,0.1000000000000085,6.33,108,150,119,145,301,325,289,6.522,-6.522,70.1,7.1,2.689046905,50,38,9,1,0,0,12,24.0,0,0,2.12,0.71,0.37,0.11,91.3,164.0,40.54054054054054,10.81081081081081,8.0,5.8,-0.71,-0.05,2.4,0.2,4.0,-5.480672269,0.245,0.38,5.480672269,-0.036,-0.0449999999999999,-0.156,-0.085,26.9,39.0,8.372519450996881,6.795703014531057,30.221728754046783,0.5982905982905983,38.156432197372105,28.001866209132533
115,649966,"Urías, Luis",230,50.0,0.26,0.24,0.25,0.5,0.317,0.264,0.247,13,50,86.2,17.6,2253,88.9,89.03,15,115,0,0.0999999999999943,6.46,108,153,120,146,297,321,288,2.01,-2.01,69.9,7.6,2.327875177,51,43,7,3,0,3,8,15.7,0,0,2.37,0.57,0.29,-0.09,90.6,150.0,30.23255813953488,6.976744186046512,5.88235294117647,5.6,0.56,0.1,2.32,0.255,3.0,-1.747826087,0.246,0.365,1.747826087,0.013,0.009,0.135,0.053,13.0,35.0,9.013745881590191,-8.311002198086738,24.54275531641065,0.6260869565217392,37.11137017248315,34.4492121285354
113,681987,"Eaton, Nate",235,48.1,0.143,0.119,0.167,0.262,0.172,0.211,0.185,6,42,87.7,18.9,2294,89.3,89.52,36,113,0,0.2000000000000028,6.39,104,151,115,147,295,323,293,6.837,-6.837,71.3,7.3,3.07837721,42,31,3,2,0,1,11,26.2,0,0,2.33,0.57,0.41,-0.06,91.7,150.0,32.25806451612903,6.451612903225806,4.761904761904762,5.76,0.43,-0.02,2.2,0.143,2.0,-6.050442478,0.185,0.315,6.050442478,-0.042,-0.042,-0.053,-0.039,31.9,36.6,9.792727822091669,-13.388142403434529,31.2846927681752,0.4678899082568807,35.35193403560496,39.48614582965909
113,695508,"Cauley, Cam",237,47.7,0.218,0.145,0.262,0.364,0.248,0.197,0.202,12,55,84.2,16.0,2277,89.3,89.42,36,113,0,0.1000000000000085,6.42,105,152,109,147,307,325,290,3.804,-3.804,65.0,6.6,2.580453064,56,44,7,3,1,1,12,21.4,0,0,2.3,0.68,0.37,-0.11,90.0,138.0,20.454545454545457,0.0,0.0,5.72,0.35,-0.01,2.3,0.218,0.0,-3.366371681,0.202,0.251,3.366371681,0.016,0.0159999999999999,0.113,0.051,31.9,36.9,10.605724923870348,7.2416007593500815,31.00259780606176,0.5865384615384616,37.95606208723014,28.90340315712648
112,669289,"Espinal, Santiago",224,50.0,0.283,0.113,0.292,0.396,0.289,0.298,0.301,15,53,83.0,11.3,2196,88.0,88.23,21,112,0,0.2000000000000028,6.32,107,150,116,147,301,319,289,3.45,-3.45,65.5,7.6,2.474223196,56,51,11,3,0,1,5,8.9,0,0,2.41,0.66,0.33,-0.16,90.8,153.0,31.37254901960784,1.96078431372549,1.7857142857142856,5.61,0.63,-0.02,2.36,0.278,1.0,-3.080357143,0.297,0.395,3.080357143,-0.018,-0.0189999999999999,0.001,-0.009,18.8,34.7,8.604257248046132,-1.5010336042628851,34.665095613408575,0.5887850467289719,36.63259027860643,31.07884525726724
110,695257,"Cook, Billy",188,58.5,0.2,0.067,0.29,0.267,0.202,0.163,0.159,9,45,81.3,21.7,2285,88.2,88.34,37,110,0,0.0999999999999943,6.3,108,152,113,147,302,321,293,6.064,-6.064,68.5,7.4,2.818903662,45,31,7,1,1,0,14,31.1,0,0,2.5,0.56,0.21,-0.28,90.7,158.0,22.58064516129032,0.0,0.0,5.77,0.5,-0.05,2.31,0.2,0.0,-5.512727273,0.159,0.219,5.512727273,0.041,0.041,0.048,0.039,33.6,41.7,11.174580377722853,-5.768903721137807,30.501972762973462,0.5412844036697247,36.92592438820827,31.811535350427214
110,683679,"Rodriguez, Jesus",209,52.6,0.245,0.184,0.244,0.429,0.288,0.281,0.278,12,49,84.1,8.1,2238,88.8,89.18,27,110,0,0.4000000000000057,6.35,112,151,121,148,302,320,287,3.429,-3.429,66.6,7.1,2.482928728,50,44,7,3,0,2,6,12.0,0,0,2.44,0.67,0.37,0.0,90.5,140.0,29.545454545454547,2.272727272727273,2.0,5.8,-0.69,0.08,2.38,0.245,1.0,-3.117272727,0.278,0.37,3.117272727,-0.033,-0.033,0.059,0.007,24.5,40.5,5.998722292943031,3.902668174985629,35.002256590882524,0.4259259259259259,35.60517187733663,28.340714749419625
109,691373,"Garcia, Jhostynxon",179,60.9,0.163,0.02,0.25,0.184,0.153,0.221,0.211,8,49,83.7,11.8,2313,88.7,88.94,37,109,0,0.2000000000000028,6.43,108,149,118,146,304,320,289,7.66,-7.66,72.7,7.7,3.43965741,49,32,7,1,0,0,17,34.7,0,0,2.33,0.63,0.19,-0.3,90.9,136.0,31.25,3.125,2.0408163265306123,5.81,-0.41,0.19,2.29,0.163,1.0,-7.027522936,0.211,0.301,7.027522936,-0.048,-0.0479999999999999,-0.117,-0.068,33.9,39.2,12.623312517801589,1.6236810988570114,37.89481191048875,0.4678899082568807,36.09861174303796,27.34214060273324
105,682927,"Simon, Ronny",189,55.6,0.319,0.128,0.35,0.447,0.332,0.311,0.292,15,47,82.5,13.0,2284,89.5,89.72,17,105,0,0.2000000000000028,6.42,107,147,115,148,298,318,290,1.585,-1.585,67.4,6.8,1.703220649,48,42,11,3,0,1,6,12.5,0,0,2.35,0.64,0.51,-0.51,90.6,151.0,28.57142857142857,4.761904761904762,4.166666666666666,5.55,-0.17,-0.02,2.48,0.319,2.0,-1.50952381,0.292,0.427,1.50952381,0.027,0.027,0.02,0.021,16.2,35.8,-1.0097844565403546,3.1248705060803617,25.59844306792816,0.3564356435643564,32.77424263148663,27.02775987995206
104,621550,"Wisdom, Patrick",190,54.7,0.116,0.093,0.16,0.209,0.139,0.236,0.173,5,43,92.7,28.4,2338,90.4,90.52,43,104,0,0.0999999999999943,6.3,109,152,121,146,299,326,292,8.121,-8.121,74.5,8.0,2.968077065,43,26,3,1,0,1,17,39.5,0,0,2.16,0.67,0.3,0.06,91.9,177.0,42.30769230769231,19.230769230769237,11.627906976744184,5.83,0.03,-0.01,2.18,0.116,5.0,-7.808653846,0.173,0.392,7.808653846,-0.057,-0.0569999999999999,-0.183,-0.097,41.3,39.4,15.748202296962235,-8.250363476673478,33.507027613865205,0.6346153846153846,36.02878666334517,31.94754861147165
103,644433,"Tromp, Chadwick",182,56.6,0.182,0.023,0.216,0.205,0.167,0.189,0.194,8,44,84.4,10.4,2282,89.8,89.87,25,103,0,0.1000000000000085,6.34,107,149,119,146,295,318,286,6.744,-6.744,66.6,7.9,4.839227717,46,38,7,1,0,0,8,17.4,0,0,2.3,0.57,0.35,0.15,89.9,118.0,27.027027027027028,0.0,0.0,5.74,-0.45,0.07,2.32,0.178,0.0,-6.547572816,0.193,0.242,6.547572816,-0.012,-0.015,-0.037,-0.022,24.3,37.4,10.321882996767435,-14.106093908231507,29.232780096736263,0.53125,37.57076480788412,30.99095116753881
101,669326,"Teodosio, Bryce",192,52.6,0.208,0.042,0.323,0.25,0.201,0.169,0.158,10,48,78.3,6.8,2254,89.6,89.4,39,101,0,-0.1999999999999886,6.28,102,151,107,146,300,318,285,6.331,-6.331,63.7,6.2,3.512725828,49,32,8,2,0,0,17,34.7,0,0,2.18,0.7,0.54,-0.46,90.2,131.0,21.875,6.25,4.081632653061225,5.83,0.76,0.13,2.4,0.208,2.0,-6.268316832,0.158,0.234,6.268316832,0.05,0.0499999999999999,0.016,0.032,38.6,36.4,5.409919405177934,-2.204335113850348,34.30009572486739,0.4183673469387755,38.44483180746237,30.10640456959671
101,506702,"León, Sandy",179,56.4,0.114,0.0,0.154,0.114,0.102,0.166,0.169,4,35,81.8,17.2,2193,89.8,90.25,30,101,0,0.5,6.47,116,149,121,149,293,319,293,8.272,-8.272,63.7,6.8,1.75896193,35,26,4,0,0,0,9,25.7,0,0,2.07,0.83,0.59,-0.59,89.7,129.0,19.230769230769237,0.0,0.0,5.59,0.45,0.06,2.33,0.114,0.0,-8.19009901,0.169,0.214,8.19009901,-0.055,-0.055,-0.1,-0.064,29.7,36.2,12.745915435192169,-4.684228377326875,35.322428972450595,0.48,37.37254565093691,33.00357867040002
100,671083,"Kennedy, Buddy",217,46.1,0.125,0.025,0.179,0.15,0.121,0.199,0.18,5,40,84.4,28.0,2290,89.1,89.26,27,100,0,0.2000000000000028,6.38,106,152,120,146,299,323,290,7.763,-7.763,70.3,6.7,3.631977097,40,28,4,1,0,0,12,30.0,0,0,2.32,0.59,0.43,-0.21,90.6,166.0,32.142857142857146,10.714285714285714,7.5,5.76,0.35,0.12,2.36,0.125,3.0,-7.763,0.18,0.284,7.763,-0.055,-0.0549999999999999,-0.134,-0.078,27.0,39.5,8.467133045814663,-9.480171416948243,34.47606021632536,0.5252525252525253,35.856879792314395,31.752928858246086
98,670224,"Misner, Kameron",185,53.0,0.237,0.026,0.375,0.263,0.221,0.2,0.2,9,38,80.1,19.1,2255,88.7,89.17,36,98,0,0.5,6.44,117,145,106,150,295,328,305,4.237,-4.237,71.3,7.5,3.200539479,39,25,8,1,0,0,14,35.9,0,0,2.35,0.64,0.34,-0.4,90.4,165.0,20.0,0.0,0.0,5.63,-0.73,0.0,2.43,0.237,0.0,-4.323469388,0.2,0.261,4.323469388,0.037,0.0369999999999999,0.002,0.021,36.7,35.1,12.577258635979616,-11.240303577078365,37.2762523092993,0.4468085106382978,37.24594910680953,37.39029673382615
97,805904,"Cole, Zach",219,44.3,0.19,0.238,0.185,0.429,0.261,0.33,0.254,8,42,92.5,15.3,2261,90.0,90.03,42,97,0,0.0,6.4,114,145,111,151,281,325,298,3.856,-3.856,73.9,7.2,2.689192639,42,30,4,1,0,3,12,28.6,0,0,2.35,0.51,0.3,-0.28,92.7,165.0,50.0,16.666666666666664,11.904761904761903,5.74,-1.27,0.17,2.12,0.19,5.0,-3.975257732,0.254,0.532,3.975257732,-0.064,-0.064,-0.103,-0.069,43.3,37.3,9.768622275120988,-1.3599807162193738,32.779465255967,0.4583333333333333,38.10968672862824,23.591948250141996
96,676572,"Wagaman, Eric",221,43.4,0.209,0.14,0.212,0.349,0.24,0.277,0.248,9,43,84.8,1.0,2247,90.2,90.5,29,96,0,0.2999999999999971,6.39,110,152,124,147,299,324,292,3.119,-3.119,70.2,7.0,2.737830484,43,35,7,0,0,2,8,18.6,0,0,2.27,0.56,0.51,-0.4,91.2,155.0,28.57142857142857,5.714285714285714,4.651162790697675,5.63,1.31,-0.05,2.59,0.209,2.0,-3.248958333,0.248,0.396,3.248958333,-0.039,-0.039,-0.047,-0.037,30.2,35.6,3.538192064962228,2.136664443446634,27.77258980195613,0.40625,39.1732197702167,27.505315346971454
93,663697,"India, Jonathan",237,39.2,0.186,0.163,0.182,0.349,0.228,0.219,0.193,8,43,85.7,28.4,2208,90.6,90.68,21,93,0,0.1000000000000085,6.45,108,153,123,147,304,325,292,3.53,-3.53,68.1,7.3,2.450613123,43,35,5,1,0,2,8,18.6,0,0,2.06,0.76,0.48,-0.03,90.6,143.0,31.428571428571427,5.714285714285714,4.651162790697675,5.79,-0.4,0.04,2.24,0.186,2.0,-3.795698925,0.193,0.322,3.795698925,-0.007,-0.007,0.027,0.009,22.6,40.9,9.2319488375285,-6.010681816559041,32.25338046523543,0.5434782608695652,36.3519513432833,30.500708210927854
93,703155,"Montes, Lazaro",177,52.5,0.229,0.371,0.267,0.6,0.346,0.341,0.238,8,35,90.8,20.1,2266,90.7,91.07,44,93,0,0.3999999999999915,6.4,115,145,128,152,295,330,304,1.921,-1.921,74.5,7.8,2.434011923,35,19,3,1,0,4,16,45.7,0,0,2.17,0.63,0.44,-0.22,92.5,193.0,42.10526315789473,21.052631578947366,11.428571428571429,5.75,-1.13,-0.1,2.46,0.229,4.0,-2.065591398,0.238,0.58,2.065591398,-0.009,-0.0089999999999999,0.02,0.005,47.3,34.8,13.963655580140763,0.4219183397127679,37.91541176110224,0.5054945054945055,34.16876779124457,32.46166341479263
93,669369,"Johnson, Bryce",188,49.5,0.205,0.051,0.296,0.256,0.202,0.158,0.169,8,39,73.8,15.6,2254,90.0,90.19,30,93,0,0.2000000000000028,6.46,112,148,109,148,289,319,297,5.136,-5.136,62.7,7.1,2.903641336,40,28,6,2,0,0,12,30.0,0,0,2.3,0.56,0.43,-0.43,88.9,131.0,7.142857142857142,0.0,0.0,5.59,-0.52,-0.03,2.24,0.205,0.0,-5.522580645,0.169,0.191,5.522580645,0.036,0.0359999999999999,0.065,0.044,32.3,34.1,7.582442430393745,-5.2971991928210125,40.18687700168508,0.3372093023255814,34.56765790642825,29.8460589453287
90,669398,"Workman, Gage",150,60.0,0.171,0.244,0.227,0.415,0.245,0.299,0.222,7,41,94.1,11.7,2226,89.1,89.4,30,90,0,0.3000000000000113,6.45,117,147,116,151,293,328,304,4.119,-4.119,69.7,6.8,3.274584617,41,24,1,4,0,2,17,41.5,0,0,2.38,0.52,0.37,-0.37,91.8,183.0,45.83333333333333,20.833333333333336,12.195121951219512,5.64,-2.06,0.01,2.2,0.171,5.0,-4.576666667,0.222,0.489,4.576666667,-0.051,-0.0509999999999999,-0.074,-0.054,33.3,37.4,11.854233836787628,2.6542342461022246,41.75651974503653,0.3888888888888889,35.973723820503785,23.10022022164905
88,664059,"Haggerty, Sam",167,52.7,0.167,0.024,0.25,0.19,0.157,0.153,0.163,7,42,79.6,14.1,2252,86.9,87.04,28,88,0,0.0999999999999943,6.44,106,150,110,148,298,323,290,7.805,-7.805,66.5,6.8,3.530545526,42,28,6,1,0,0,14,33.3,0,0,2.61,0.53,0.22,-0.23,90.3,136.0,7.142857142857142,0.0,0.0,5.81,0.81,0.0,2.24,0.167,0.0,-8.869318182,0.163,0.19,8.869318182,0.004,0.004,0.0,0.004,31.8,35.4,4.542079892346149,-1.7534078151137946,31.882831785587843,0.4534883720930232,37.86344602085535,28.436700646169875
87,694410,"Groover, LuJames",208,41.8,0.195,0.122,0.194,0.317,0.22,0.273,0.253,8,41,90.1,16.7,2312,89.9,89.88,14,87,0,0.0,6.31,104,150,118,146,309,323,289,4.729,-4.729,69.7,6.8,5.162926816,41,37,5,2,0,1,4,9.8,0,0,2.27,0.59,0.26,-0.12,91.7,150.0,47.22222222222222,11.11111111111111,9.75609756097561,5.82,0.07,-0.03,2.35,0.195,4.0,-5.435632184,0.253,0.385,5.435632184,-0.058,-0.0579999999999999,-0.068,-0.053,16.1,37.1,7.890025658377278,-4.149278664756738,33.07619661290137,0.5,37.57173442689404,31.89553220255452
86,606115,"Arcia, Orlando",168,51.2,0.271,0.083,0.308,0.354,0.273,0.226,0.223,13,48,85.9,4.3,2306,90.2,90.55,19,86,0,0.2999999999999971,6.43,110,152,122,147,296,325,290,2.062,-2.062,68.2,7.7,3.762245377,48,40,11,1,0,1,8,16.7,0,0,2.15,0.67,0.31,-0.19,90.4,139.0,25.0,2.5,2.083333333333333,5.82,0.07,0.19,2.39,0.271,1.0,-2.397674419,0.223,0.298,2.397674419,0.048,0.048,0.056,0.047,22.1,40.4,5.818436529322223,-1.034855011073459,24.87683939260881,0.5476190476190477,36.47855348199882,29.945742496246904
85,656582,"Joe, Connor",210,40.5,0.212,0.152,0.261,0.364,0.246,0.333,0.303,7,33,92.5,15.3,2263,90.2,90.38,21,85,0,0.2000000000000028,6.45,108,151,122,147,298,318,287,3.823,-3.823,70.3,7.2,1.920651863,33,24,4,2,0,1,9,27.3,0,0,2.35,0.5,0.33,-0.06,91.4,167.0,45.83333333333333,8.333333333333332,6.0606060606060606,5.71,0.51,-0.16,2.44,0.212,2.0,-4.497647059,0.303,0.469,4.497647059,-0.091,-0.091,-0.105,-0.087,24.7,36.3,4.193877543370915,0.0598132313851524,30.157451221929826,0.4216867469879518,38.69437000214565,29.343298319430374
85,682988,"Locklear, Tyler",171,49.7,0.278,0.167,0.333,0.444,0.302,0.284,0.252,10,36,83.8,4.1,2233,89.4,89.47,20,85,0,0.0999999999999943,6.31,108,150,120,145,309,325,295,2.293,-2.293,70.5,6.7,1.05961921,37,28,6,3,0,1,9,24.3,0,0,2.43,0.48,0.36,0.22,91.2,148.0,32.142857142857146,14.285714285714285,10.81081081081081,5.7,-0.36,-0.02,2.38,0.27,4.0,-2.697647059,0.246,0.427,2.697647059,0.026,0.024,0.017,0.018,23.5,36.6,6.0470822822944905,6.551908430858522,32.32902701154962,0.4523809523809524,41.92679549001524,24.993288284993817
83,666464,"Encarnacion, Jerar",159,52.2,0.182,0.03,0.231,0.212,0.173,0.202,0.196,6,33,87.5,5.3,2320,88.4,88.62,16,83,0,0.1999999999999886,6.53,109,153,124,147,302,326,286,5.095,-5.095,73.2,7.4,1.956923618,33,26,5,1,0,0,7,21.2,0,0,2.66,0.31,0.19,-0.36,91.0,134.0,34.61538461538461,7.6923076923076925,6.0606060606060606,5.92,-0.22,0.02,2.41,0.182,2.0,-6.138554217,0.196,0.274,6.138554217,-0.014,-0.014,-0.062,-0.029,19.3,40.0,2.854238067650974,7.306623577781713,37.82232643717124,0.4698795180722891,37.60113026442684,26.773427693231582
82,700246,"Williams, Carson",142,57.7,0.114,0.114,0.13,0.229,0.145,0.202,0.176,4,35,82.4,26.0,2221,89.2,89.23,27,82,0,0.0,6.45,106,150,114,145,304,322,289,6.324,-6.324,70.1,7.4,3.530387147,36,25,2,1,0,1,11,30.6,0,0,2.39,0.54,0.53,0.01,91.0,145.0,24.0,4.0,2.7777777777777777,5.58,0.1,0.1,2.38,0.114,1.0,-7.712195122,0.176,0.296,7.712195122,-0.062,-0.0619999999999999,-0.067,-0.057,32.9,31.8,12.832479697163352,-3.868607517983641,33.633551542129894,0.5,38.97589172107433,28.96356153644023
80,691907,"Cheng, Tsung-Che",165,48.5,0.286,0.029,0.385,0.314,0.258,0.293,0.265,10,35,79.9,8.1,2260,90.1,90.44,29,80,0,0.3000000000000113,6.48,113,146,105,151,277,317,307,4.207,-4.207,60.6,6.3,3.764305626,36,26,9,1,0,0,10,27.8,0,0,2.32,0.53,0.44,-0.39,90.3,164.0,23.07692307692308,7.6923076923076925,5.555555555555555,5.79,-1.78,0.0,2.22,0.278,2.0,-5.25875,0.258,0.437,5.25875,0.021,0.02,-0.123,-0.035,36.3,37.2,10.103052234180158,-3.0183277641044266,33.816749556977136,0.6329113924050633,36.03585392141175,28.16321627328807
79,828599,"Spence, Lucas",157,50.3,0.171,0.029,0.273,0.2,0.163,0.196,0.187,6,35,92.7,4.0,2189,88.7,88.9,30,79,0,0.2000000000000028,6.45,108,143,102,147,283,325,301,5.346,-5.346,69.4,6.8,2.366385937,35,22,5,1,0,0,13,37.1,0,0,2.41,0.58,0.37,-0.27,91.5,127.0,40.909090909090914,4.545454545454546,2.857142857142857,6.04,-0.71,-0.15,2.03,0.171,1.0,-6.767088608,0.187,0.267,6.767088608,-0.016,-0.0159999999999999,-0.067,-0.033,38.0,39.3,9.800281834781376,-0.9130620608148342,31.21595105607532,0.4615384615384615,34.595334436236215,31.51033016654836
75,669087,"Huff, Sam",124,60.5,0.133,0.067,0.286,0.2,0.143,0.132,0.109,4,30,91.2,8.2,2197,89.1,89.42,35,75,0,0.3000000000000113,6.55,107,150,122,145,300,322,295,4.569,-4.569,70.4,7.7,3.763873606,30,14,2,2,0,0,16,53.3,0,0,2.37,0.65,0.38,0.02,91.6,160.0,57.14285714285714,14.285714285714285,6.666666666666667,5.79,-0.59,-0.07,2.5,0.133,2.0,-6.092,0.109,0.202,6.092,0.024,0.024,-0.002,0.011,46.7,35.4,11.421284182848412,-7.248248079725608,32.52566957320896,0.4324324324324324,37.281457580302366,33.095881598261634
75,676551,"Hicklen, Brewer",150,50.0,0.31,0.172,0.563,0.483,0.34,0.261,0.234,9,29,92.0,7.1,2192,92.2,92.48,35,75,0,0.2999999999999971,6.45,110,152,119,146,308,327,299,0.859,-0.859,71.4,7.6,3.045812979,29,16,4,5,0,0,13,44.8,0,0,2.05,0.65,0.71,0.51,92.8,149.0,50.0,12.5,6.896551724137931,5.74,-1.62,-0.18,2.38,0.31,2.0,-1.145333333,0.234,0.38,1.145333333,0.076,0.0759999999999999,0.103,0.079,46.7,35.6,12.857847117472614,-6.010572716914714,28.41300254273721,0.5753424657534246,34.4626350333523,32.423575866768495
74,677060,"Stevens, Chad",151,49.0,0.043,0.0,0.063,0.043,0.037,0.151,0.142,1,23,81.4,13.2,2220,88.6,88.82,23,74,0,0.2000000000000028,6.24,110,152,119,149,307,329,296,7.051,-7.051,69.7,6.9,4.388011671,24,16,1,0,0,0,8,33.3,0,0,2.42,0.62,0.31,-0.2,89.7,180.0,25.0,6.25,4.166666666666666,5.79,0.17,-0.12,2.6,0.042,1.0,-9.528378378,0.137,0.226,9.528378378,-0.099,-0.095,-0.183,-0.114,31.1,38.6,3.4998189857842528,7.270898231018566,34.64995202976666,0.3384615384615385,39.08163285845341,28.039071494548217
74,678009,"Meadows, Parker",163,45.4,0.273,0.091,0.346,0.364,0.275,0.231,0.232,9,33,85.3,13.3,2146,90.0,90.17,15,74,0,0.2000000000000028,6.52,111,144,110,151,293,327,293,3.199,-3.199,69.0,7.2,2.362810856,33,26,7,1,1,0,7,21.2,0,0,2.34,0.51,0.57,-0.5,89.5,138.0,19.230769230769237,3.8461538461538463,3.0303030303030303,5.7,-1.78,-0.13,2.38,0.273,1.0,-4.322972973,0.232,0.303,4.322972973,0.041,0.041,0.061,0.044,20.3,37.0,6.202938124806023,-1.1975460440789485,29.77519014990292,0.4246575342465753,38.2926288152886,32.30026086746994
74,681047,"Franklin, Christian",199,37.2,0.152,0.061,0.2,0.212,0.157,0.222,0.178,5,33,85.2,4.6,2268,89.2,89.66,21,74,0,0.5,6.6,108,150,118,147,307,324,292,5.893,-5.893,71.7,6.9,3.104783165,33,25,3,2,0,0,8,24.2,0,0,2.09,0.82,0.32,-0.28,91.9,144.0,40.0,12.0,9.090909090909092,5.81,0.73,0.0,2.06,0.152,3.0,-7.963513514,0.178,0.35,7.963513514,-0.026,-0.0259999999999999,-0.138,-0.065,28.4,38.2,8.872296431472313,3.7866224972188007,36.06135005508312,0.2702702702702703,34.288402150972736,28.50256091377567
72,571912,"Maile, Luke",165,43.6,0.194,0.139,0.231,0.333,0.226,0.175,0.16,7,36,83.8,17.3,2241,89.3,89.58,19,72,0,0.2999999999999971,6.34,107,151,121,148,303,325,292,3.47,-3.47,66.5,6.4,2.256445544,36,27,4,2,0,1,9,25.0,0,0,2.39,0.64,0.52,-0.36,90.5,162.0,29.629629629629623,3.7037037037037033,2.7777777777777777,5.71,1.12,0.02,2.31,0.194,1.0,-4.819444444,0.16,0.248,4.819444444,0.034,0.034,0.085,0.051,26.4,35.3,9.000333254795695,-3.976016453039478,33.05863532440018,0.4722222222222222,34.116375546391765,31.569606585651197
71,678577,"Perez, Junior",139,51.1,0.207,0.31,0.167,0.517,0.304,0.364,0.248,6,29,91.0,21.2,2224,90.8,91.26,28,71,0,0.5,6.53,106,151,116,146,298,324,291,1.433,-1.433,72.8,7.4,3.521909678,29,21,3,0,0,3,8,27.6,0,0,2.03,0.76,0.49,-0.49,92.5,187.0,52.38095238095239,14.285714285714285,10.344827586206897,5.69,0.98,0.11,2.42,0.207,3.0,-2.018309859,0.248,0.622,2.018309859,-0.041,-0.041,-0.105,-0.06,39.4,39.3,9.65667132050689,-7.779645008300591,27.97110816979637,0.5142857142857142,37.90180363713269,31.59508059499148
71,691002,"Morales, Yohandy",141,50.4,0.323,0.323,0.364,0.645,0.41,0.363,0.315,10,31,92.3,13.0,2209,89.6,90.5,26,71,0,0.9000000000000057,6.76,111,152,125,148,311,324,293,-1.744,1.744,71.6,7.4,3.890422505,31,24,4,4,0,2,7,22.6,0,0,2.38,0.49,0.34,-0.06,93.3,149.0,62.5,12.5,9.67741935483871,5.83,-0.43,-0.01,2.34,0.323,3.0,2.456338028,0.315,0.536,-2.456338028,0.008,0.008,0.109,0.047,36.6,39.8,15.249373249142105,4.64776965847485,35.36591380241988,0.5076923076923077,36.58464473050578,32.53911058088121
71,695238,"Wagner, Will",180,39.4,0.273,0.03,0.321,0.303,0.254,0.246,0.265,9,33,81.8,4.8,2133,91.1,91.67,12,71,0,0.6000000000000085,6.6,120,147,108,152,288,320,303,2.489,-2.489,66.1,6.3,1.7773932,33,28,8,1,0,0,5,15.2,0,0,2.21,0.56,0.43,-0.41,89.8,116.0,18.51851851851852,0.0,0.0,5.73,-1.73,0.07,2.2,0.273,0.0,-3.505633803,0.265,0.3,3.505633803,0.008,0.008,0.003,0.008,16.9,39.1,0.3453321597383478,1.0593362499435872,32.91247613557032,0.3098591549295774,35.50417121546009,25.63662338884074
69,669384,"Delgado, Raynel",132,52.3,0.25,0.111,0.276,0.361,0.265,0.237,0.234,9,36,84.1,2.7,2258,89.9,90.02,18,69,0,0.0999999999999943,6.45,115,148,104,153,275,318,296,3.551,-3.551,66.8,7.0,1.977160018,37,31,7,1,0,1,6,16.2,0,0,2.33,0.53,0.34,-0.44,90.4,127.0,32.25806451612903,3.225806451612903,2.702702702702702,5.8,-0.86,-0.11,2.26,0.25,1.0,-5.146376812,0.234,0.313,5.146376812,0.016,0.0159999999999999,0.048,0.028,26.1,40.6,6.730171928662806,-3.029044966532968,32.74705569523662,0.4705882352941176,37.39634176668326,25.372604969017846
69,694025,"Reyes, Felix",118,58.5,0.162,0.108,0.179,0.27,0.186,0.239,0.235,6,37,89.2,6.4,2236,88.1,88.11,19,69,0,0.0,6.45,108,152,124,146,307,326,294,5.001,-5.001,73.6,7.4,4.088032104,37,29,4,1,0,1,8,21.6,0,0,2.58,0.42,0.37,-0.11,92.1,152.0,27.58620689655172,6.896551724137931,5.405405405405405,5.6,0.99,0.19,2.21,0.162,2.0,-7.247826087,0.235,0.322,7.247826087,-0.073,-0.0729999999999999,-0.052,-0.053,27.5,31.2,6.664319723998847,-2.7450317455478164,27.78584636478268,0.4347826086956521,40.73914648164281,29.00835889958165
68,671655,"Valera, George",120,56.7,0.235,0.088,0.276,0.324,0.242,0.201,0.21,8,34,90.2,9.6,2250,88.1,88.29,15,68,0,0.2000000000000028,6.52,113,145,116,152,287,323,296,2.331,-2.331,71.2,6.7,1.25874933,34,29,5,3,0,0,5,14.7,0,0,2.59,0.39,0.27,-0.15,91.7,109.0,34.48275862068966,0.0,0.0,5.75,-1.78,0.05,2.23,0.235,0.0,-3.427941176,0.21,0.252,3.427941176,0.025,0.0249999999999999,0.072,0.041,22.1,37.9,4.972977708587645,-6.007668607905822,24.65924186299758,0.4477611940298507,36.524108829465526,36.33382570427571
67,801501,"Furman, Nate",147,45.6,0.138,0.0,0.182,0.138,0.123,0.17,0.177,4,29,77.1,1.5,2350,89.5,89.82,13,67,0,0.2999999999999971,6.46,113,146,103,150,287,321,302,6.405,-6.405,64.1,6.6,2.75771527,31,24,4,0,0,0,7,22.6,0,0,2.33,0.55,0.15,-0.17,89.2,125.0,16.666666666666664,0.0,0.0,5.67,-1.66,0.15,1.93,0.138,0.0,-9.559701493,0.177,0.211,9.559701493,-0.039,-0.0389999999999999,-0.073,-0.047,19.4,37.5,10.52726848998766,-1.8089228032067768,39.67831594696987,0.4393939393939394,31.56421298396584,30.76235481266129
67,680737,"Helman, Michael",113,59.3,0.167,0.133,0.167,0.3,0.193,0.15,0.147,5,30,76.1,17.2,2159,89.4,89.53,14,67,0,0.0999999999999943,6.32,107,152,107,146,297,326,290,4.187,-4.187,65.9,7.4,2.011462175,32,26,3,1,0,1,6,18.8,0,0,2.37,0.51,0.43,-0.06,89.1,165.0,7.6923076923076925,0.0,0.0,5.7,-0.31,0.22,2.29,0.161,0.0,-6.249253731,0.143,0.208,6.249253731,0.02,0.018,0.092,0.043,20.9,37.0,10.243470622546347,-5.30133083997517,29.316285565165565,0.5483870967741935,35.17847676877674,32.325810960961334
67,650391,"Jiménez, Eloy",130,51.5,0.31,0.0,0.36,0.31,0.267,0.229,0.228,9,29,89.2,5.6,2227,88.3,88.81,20,67,0,0.5,6.66,110,152,125,148,305,326,291,2.742,-2.742,71.0,7.2,2.94570031,30,25,9,0,0,0,5,16.7,0,0,2.53,0.45,-0.02,-0.17,91.8,141.0,44.0,4.0,3.333333333333333,5.9,-0.57,0.01,2.35,0.3,1.0,-4.092537313,0.225,0.309,4.092537313,0.082,0.0749999999999999,0.001,0.038,29.9,44.0,5.708774430294834,-5.034761963741442,26.31839896094912,0.4090909090909091,41.44922793466104,29.46027437524121
63,691181,"Rodriguez, Emmanuel",129,48.8,0.207,0.241,0.25,0.448,0.274,0.351,0.271,6,29,91.6,15.0,2156,87.9,88.47,23,63,0,0.5999999999999943,6.67,116,146,116,151,296,328,299,1.389,-1.389,73.4,7.0,4.230095687,29,21,2,2,1,1,8,27.6,0,0,2.57,0.43,0.54,-0.29,94.1,159.0,52.38095238095239,19.047619047619047,13.79310344827586,5.53,-0.68,-0.14,2.25,0.207,4.0,-2.204761905,0.271,0.56,2.204761905,-0.064,-0.064,-0.112,-0.077,36.5,31.9,9.180694474788536,-3.0924504807097173,31.672087332882825,0.5789473684210527,34.746891000972134,34.31418710890999
60,703492,"Morabito, Nick",147,40.8,0.2,0.033,0.273,0.233,0.19,0.291,0.305,6,30,89.2,10.1,2289,91.2,91.05,18,60,0,-0.1000000000000085,6.32,106,152,112,148,301,324,285,4.446,-4.446,67.1,6.6,2.208461057,30,22,5,1,0,0,8,26.7,0,0,2.21,0.58,0.54,-0.01,91.0,138.0,40.909090909090914,0.0,0.0,5.76,-0.35,0.21,2.28,0.2,0.0,-7.41,0.305,0.363,7.41,-0.105,-0.1049999999999999,-0.13,-0.101,30.0,34.4,6.629705661888287,12.738515063611178,35.06258170063208,0.2666666666666666,38.55497322583084,21.40130146754892
58,806956,"Salas, Ethan",118,49.2,0.16,0.32,0.111,0.48,0.263,0.171,0.117,4,25,91.0,29.8,2117,90.6,90.67,12,58,0,0.1000000000000085,6.27,107,142,111,147,286,321,297,1.359,-1.359,67.9,6.9,3.356730591,25,20,1,0,1,2,5,20.0,0,0,2.1,0.7,0.49,-0.57,91.4,194.0,30.0,5.0,4.0,5.66,-1.49,-0.05,2.16,0.16,1.0,-2.343103448,0.117,0.292,2.343103448,0.043,0.043,0.188,0.092,20.7,32.1,8.243089398685811,3.5353306632481094,30.7977027024137,0.6,39.21162937147017,31.790829157490936
58,805249,"Kemp, Otto",120,48.3,0.087,0.0,0.133,0.087,0.077,0.179,0.176,2,23,81.5,27.0,2146,88.2,88.02,22,58,0,-0.2000000000000028,6.22,105,152,122,147,297,323,287,6.335,-6.335,68.7,7.4,4.796970977,23,15,2,0,0,0,8,34.8,0,0,2.5,0.48,0.59,-0.34,89.2,145.0,13.333333333333334,0.0,0.0,5.84,1.25,-0.06,2.1,0.087,0.0,-10.922413793,0.176,0.24,10.922413793,-0.089,-0.089,-0.153,-0.102,37.9,39.2,9.756821755515023,-5.519364869145043,34.8540970457782,0.3859649122807017,31.5562702741334,33.800731920494606
58,699115,"Jorge, Carlos",96,60.4,0.125,0.083,0.167,0.208,0.141,0.219,0.209,3,24,78.3,11.6,2283,89.9,89.72,18,58,0,-0.2000000000000028,6.25,119,148,111,152,287,314,297,3.239,-3.239,65.4,7.3,2.101950807,24,18,2,0,1,0,6,25.0,0,0,2.53,0.33,0.28,-0.33,89.7,130.0,16.666666666666664,5.555555555555555,4.166666666666666,5.64,-1.67,-0.04,2.18,0.125,1.0,-5.584482759,0.209,0.298,5.584482759,-0.084,-0.0839999999999999,-0.09,-0.078,31.0,35.0,15.334320906956531,-5.797159162519468,32.37681619138415,0.5172413793103449,38.3641121964826,30.363112169394874
58,800543,"De Paula, Josue",153,37.9,0.32,0.24,0.304,0.56,0.376,0.37,0.327,8,25,89.3,8.9,2230,91.0,90.95,11,58,0,-0.0999999999999943,6.3,115,146,117,152,291,322,299,1.525,-1.525,70.6,7.2,1.746917733,25,24,4,3,0,1,1,4.0,0,0,2.2,0.58,0.56,-0.18,91.5,183.0,45.83333333333333,12.5,12.0,5.78,-0.17,-0.02,2.29,0.32,3.0,-2.629310345,0.327,0.542,2.629310345,-0.007,-0.007,0.018,0.006,19.0,36.2,8.374471928306303,-1.7662579770990523,38.64492066572448,0.4464285714285714,35.60234364743975,30.59576615940154
58,692216,"Kayfus, CJ",108,53.7,0.19,0.19,0.231,0.381,0.242,0.261,0.177,4,21,92.8,24.0,2232,89.8,89.66,22,58,0,-0.0999999999999943,6.39,117,145,110,151,283,312,293,2.267,-2.267,67.2,6.5,5.904486114,21,14,2,1,0,1,7,33.3,0,0,2.25,0.64,0.52,-0.51,91.7,166.0,50.0,21.428571428571427,14.285714285714285,5.7,-1.64,-0.05,2.32,0.19,3.0,-3.90862069,0.177,0.447,3.90862069,0.013,0.013,-0.066,-0.019,37.9,33.6,12.406298396598226,-3.517540678842093,36.391918827451896,0.3571428571428571,30.67334552071416,31.110052601282227
55,624512,"McGuire, Reese",110,50.0,0.185,0.0,0.25,0.185,0.165,0.19,0.2,5,27,72.6,14.6,2248,89.4,89.35,12,55,0,0.0,6.31,111,147,115,152,286,323,299,3.483,-3.483,66.8,7.6,2.008995585,28,21,5,0,0,0,7,25.0,0,0,2.21,0.67,0.43,-0.38,89.4,132.0,9.523809523809524,0.0,0.0,5.96,-1.36,-0.1,2.5,0.185,0.0,-6.332727273,0.2,0.231,6.332727273,-0.015,-0.015,-0.046,-0.025,21.8,40.4,8.450991168997463,-4.33549947378211,31.55494707662483,0.4074074074074074,36.42066064098329,29.04084362831599
54,467793,"Santana, Carlos",106,50.9,0.087,0.043,0.125,0.13,0.094,0.151,0.148,2,23,87.8,29.4,2189,91.2,91.46,16,54,0,0.2999999999999971,6.49,117,146,128,151,295,321,298,4.986,-4.986,70.3,7.7,3.602469668,23,16,1,1,0,0,7,30.4,0,0,1.93,0.83,0.52,-0.52,90.9,143.0,43.75,0.0,0.0,5.91,-1.39,0.06,2.26,0.087,0.0,-9.233333333,0.148,0.2,9.233333333,-0.061,-0.061,-0.07,-0.057,29.6,43.2,14.686987491457838,-6.556017198878931,29.27541172970322,0.5555555555555556,35.33467526815225,34.06888570941351
54,642020,"Robinson, Chuckie",90,60.0,0.091,0.0,0.111,0.091,0.081,0.156,0.167,2,22,76.2,10.6,2301,90.7,90.93,16,54,0,0.2000000000000028,6.31,104,147,114,144,300,320,282,4.49,-4.49,61.9,6.3,1.945265283,25,21,2,0,0,0,4,16.0,0,0,2.05,0.74,0.42,0.12,89.8,113.0,15.0,0.0,0.0,5.86,-0.86,0.07,2.42,0.091,0.0,-8.314814815,0.167,0.189,8.314814815,-0.076,-0.076,-0.098,-0.075,29.6,41.0,1.9106273625455448,3.063240383428737,32.57411398989968,0.4705882352941176,39.09077886337985,21.858415314193955
52,672012,"Black, Tyler",97,53.6,0.375,0.167,0.45,0.542,0.396,0.194,0.191,9,24,83.6,12.4,2258,90.6,91.1,12,52,0,0.5,6.56,114,143,109,147,288,318,299,-0.486,0.486,69.4,7.1,1.323891408,24,20,5,4,0,0,4,16.7,0,0,2.22,0.73,0.35,-0.36,90.3,150.0,15.0,0.0,0.0,5.72,-1.81,0.05,2.5,0.375,0.0,0.934615385,0.191,0.258,-0.934615385,0.184,0.184,0.284,0.202,23.1,36.1,5.18136452859102,12.46249454190805,34.73228765194084,0.4117647058823529,35.606908867119095,20.754571378765704
52,680716,"Ornelas, Jonathan",89,58.4,0.235,0.0,0.4,0.235,0.21,0.189,0.192,4,17,87.7,8.3,2254,89.9,89.82,19,52,0,-0.1000000000000085,6.16,109,151,113,146,301,314,288,2.89,-2.89,71.0,7.0,2.32192155,17,10,4,0,0,0,7,41.2,0,0,2.38,0.64,0.55,-0.5,90.9,111.0,50.0,0.0,0.0,5.87,1.38,0.06,2.5,0.235,0.0,-5.557692308,0.192,0.245,5.557692308,0.043,0.0429999999999999,-0.01,0.021,36.5,39.1,6.189464404660882,-1.9040539925980728,26.29158449274873,0.5490196078431373,36.2420991172803,31.056817120349784
52,691277,"De Los Santos, Deyvison",106,49.1,0.227,0.091,0.294,0.318,0.236,0.171,0.164,5,22,85.1,10.9,2093,88.7,88.64,15,52,0,-0.1000000000000085,6.32,115,151,125,148,306,325,292,2.916,-2.916,74.2,7.9,4.015882984,22,17,3,2,0,0,5,22.7,0,0,2.36,0.58,0.48,-0.27,90.3,133.0,17.647058823529413,5.88235294117647,4.545454545454546,5.67,0.47,0.07,2.11,0.227,1.0,-5.607692308,0.164,0.231,5.607692308,0.063,0.063,0.087,0.065,28.8,36.8,6.299227162505765,-4.6919706928590665,27.082640808498542,0.5,42.40251341998056,29.44982928995589
52,693409,"Prieto, César",102,51.0,0.061,0.0,0.067,0.061,0.054,0.261,0.247,2,33,86.4,1.3,2196,90.7,91.01,10,52,0,0.2999999999999971,6.44,113,146,102,149,289,321,300,8.656,-8.656,67.6,6.8,1.689359199,33,30,2,0,0,0,3,9.1,0,0,2.22,0.57,0.64,-0.5,92.0,139.0,31.03448275862069,3.4482758620689653,3.0303030303030303,5.7,-1.66,-0.11,2.27,0.061,1.0,-16.646153846,0.247,0.363,16.646153846,-0.186,-0.186,-0.302,-0.207,19.2,37.7,7.67007167660944,3.553736791384494,30.23248256528264,0.58,35.75483333086909,26.888666543416505
52,628451,"Ibáñez, Andy",79,65.8,0.087,0.0,0.091,0.087,0.071,0.142,0.152,2,23,86.3,13.6,2146,85.9,86.02,10,52,0,0.0999999999999943,6.35,104,150,123,146,309,325,291,4.083,-4.083,69.0,7.3,3.194835053,25,22,2,0,0,0,3,12.0,0,0,2.78,0.35,0.5,-0.49,90.1,161.0,18.181818181818183,0.0,0.0,5.48,2.13,-0.03,2.06,0.08,0.0,-7.851923077,0.141,0.205,7.851923077,-0.065,-0.0609999999999999,-0.118,-0.071,19.2,29.0,8.71891335365188,-7.546443042167984,29.330443624755084,0.4901960784313725,34.26549943873789,31.563270579660205
52,680718,"Barger, Addison",119,43.7,0.053,0.053,0.063,0.105,0.063,0.183,0.151,1,19,89.0,16.6,2335,92.4,92.51,12,52,0,0.0999999999999943,6.46,118,147,125,151,291,327,307,5.702,-5.702,72.9,7.2,4.758739195,20,16,0,1,0,0,4,20.0,0,0,2.0,0.73,0.47,-0.37,92.7,152.0,50.0,0.0,0.0,5.87,-1.36,0.1,2.61,0.05,0.0,-10.965384615,0.161,0.214,10.965384615,-0.098,-0.111,-0.109,-0.12,23.1,41.3,5.766806221564314,0.2070866164639819,26.98975673133604,0.5294117647058824,34.06385438627207,28.33381702261074
51,672613,"Alfonzo, Eliezer",94,54.3,0.179,0.071,0.2,0.25,0.185,0.215,0.211,5,28,89.3,8.6,2125,90.4,90.8,7,51,0,0.3999999999999915,6.39,114,148,121,149,294,317,292,3.788,-3.788,66.9,7.0,2.118413346,28,25,3,2,0,0,3,10.7,0,0,2.14,0.67,0.73,-0.73,91.3,179.0,32.0,0.0,0.0,5.61,0.0,-0.13,2.43,0.179,0.0,-7.42745098,0.211,0.29,7.42745098,-0.032,-0.032,-0.04,-0.03,13.7,34.4,6.49229702753299,5.0526897834636655,31.890354378590025,0.4285714285714285,37.85683129775525,20.17902544840757
51,664731,"Higgins, P.J.",128,39.8,0.24,0.04,0.316,0.28,0.22,0.266,0.287,6,25,76.4,18.3,2386,90.0,90.09,13,51,0,0.0999999999999943,6.48,105,147,118,144,299,320,286,3.087,-3.087,61.1,6.2,3.223529137,29,22,5,1,0,0,7,24.1,0,0,2.37,0.5,0.31,0.23,89.4,139.0,13.636363636363637,0.0,0.0,5.71,-1.36,-0.02,2.28,0.231,0.0,-6.052941176,0.278,0.339,6.052941176,-0.047,-0.047,-0.059,-0.046,25.5,37.5,7.1309190491070895,-4.398718987734243,31.683217887598317,0.48,38.375037105590266,32.74641544893881
50,695020,"Murray, Tanner",105,47.6,0.214,0.107,0.238,0.321,0.224,0.245,0.191,6,28,85.6,18.8,2205,87.2,87.37,16,50,0,0.2000000000000028,6.41,106,151,109,147,302,325,294,1.554,-1.554,70.7,7.4,3.677071729,30,23,5,0,0,1,7,23.3,0,0,2.25,0.79,0.28,-0.24,92.5,150.0,43.47826086956522,8.695652173913043,6.666666666666667,5.95,1.03,0.13,2.67,0.207,2.0,-3.108,0.189,0.39,3.108,0.023,0.0179999999999999,-0.069,-0.021,32.0,39.7,10.774300764401406,-9.210499996161786,25.74820289973816,0.6041666666666666,39.34195612994689,33.86622496162339
50,686823,"Brennan, Will",78,64.1,0.087,0.0,0.1,0.087,0.077,0.178,0.174,2,23,82.9,20.3,2421,90.7,91.05,4,50,0,0.2999999999999971,6.55,118,148,108,151,288,322,297,4.778,-4.778,67.1,6.5,1.243596345,23,20,2,0,0,0,3,13.0,0,0,2.11,0.71,0.3,-0.33,90.0,143.0,26.31578947368421,0.0,0.0,5.82,-1.28,0.08,2.45,0.087,0.0,-9.556,0.174,0.238,9.556,-0.087,-0.087,-0.151,-0.101,8.0,41.9,-3.1410024497114777,5.181993365433355,28.61649270095593,0.2127659574468085,36.35950248705872,25.93271511238236
50,666163,"Rortvedt, Ben",100,50.0,0.2,0.0,0.278,0.2,0.178,0.221,0.237,5,25,79.8,8.8,2193,88.4,88.93,14,50,0,0.5,6.41,116,146,110,152,287,321,302,3.076,-3.076,60.2,6.2,5.667001545,26,19,5,0,0,0,7,26.9,0,0,2.29,0.67,0.39,-0.3,89.0,150.0,5.263157894736842,0.0,0.0,5.86,-0.24,-0.11,2.37,0.2,0.0,-6.152,0.237,0.271,6.152,-0.037,-0.0369999999999999,-0.071,-0.043,28.0,41.5,4.932979752411296,-0.1992323502583959,27.55770519020449,0.4583333333333333,36.1835710304385,29.468605092849412
49,682729,"Clase, Jonatan",114,43.0,0.316,0.316,0.333,0.632,0.403,0.215,0.198,6,19,86.8,11.4,2043,89.6,89.69,15,49,0,0.1000000000000085,6.4,114,148,108,150,288,317,294,0.461,-0.461,63.9,6.3,2.726589934,19,14,4,0,0,2,5,26.3,0,0,2.38,0.5,0.53,-0.53,91.2,161.0,35.714285714285715,0.0,0.0,5.6,-0.35,-0.1,2.16,0.316,0.0,-0.940816327,0.198,0.309,0.940816327,0.118,0.118,0.323,0.188,30.6,36.6,2.835722812937152,2.725075339650916,39.329478493184936,0.4893617021276595,34.900767620635484,28.53088943041365
49,695391,"Harris, Brett",115,42.6,0.174,0.087,0.235,0.261,0.187,0.192,0.175,4,23,85.6,5.8,2265,89.5,90.0,12,49,0,0.5,6.56,103,150,115,146,301,318,288,3.37,-3.37,66.4,7.0,3.066080748,24,18,2,2,0,0,6,25.0,0,0,2.38,0.6,0.25,-0.12,91.8,103.0,38.88888888888889,5.555555555555555,4.166666666666666,5.78,0.35,0.16,2.33,0.174,1.0,-6.87755102,0.175,0.271,6.87755102,-0.001,-0.001,-0.01,-0.005,24.5,39.0,5.093220628701091,3.5062205255814165,29.739074130307685,0.4375,35.226219395469485,22.4117975058549
49,663662,"Cameron, Daz",95,51.6,0.238,0.19,0.235,0.429,0.272,0.331,0.28,5,21,84.1,16.9,2146,89.5,89.3,11,49,0,-0.2000000000000028,6.27,107,152,119,147,303,327,289,1.822,-1.822,72.0,6.7,1.227210668,22,18,3,1,0,1,4,18.2,0,0,2.07,0.82,0.66,-0.48,90.3,167.0,27.77777777777778,11.11111111111111,9.090909090909092,5.69,1.52,-0.1,2.58,0.227,2.0,-3.718367347,0.291,0.483,3.718367347,-0.042,-0.0639999999999999,-0.054,-0.059,22.4,38.4,0.1242638132088299,2.9411351071645533,30.95270743259332,0.3061224489795918,38.46850220545054,26.95198970659888
49,682634,"Alcántara, Kevin",118,41.5,0.273,0.136,0.357,0.409,0.283,0.275,0.264,6,22,91.1,11.8,2219,86.6,86.48,17,49,0,-0.0999999999999943,6.17,106,151,121,147,301,322,292,0.613,-0.613,75.0,7.9,3.909344047,23,15,5,0,0,1,8,34.8,0,0,2.77,0.65,0.35,-0.27,92.3,192.0,26.666666666666668,6.666666666666667,4.3478260869565215,5.83,0.2,0.15,2.41,0.261,1.0,-1.251020408,0.254,0.401,1.251020408,0.009,0.007,0.008,0.008,34.7,40.9,9.2556668691761,-5.719102320323411,32.58166873891394,0.4166666666666667,39.77476765509896,32.59921016440997
48,683021,"Stefanic, Michael",112,42.9,0.35,0.05,0.412,0.4,0.33,0.312,0.322,7,20,90.2,3.4,2168,90.0,90.39,6,48,0,0.4000000000000057,6.59,102,150,115,147,301,319,283,0.904,-0.904,62.4,6.1,1.038148183,20,17,6,1,0,0,3,15.0,0,0,2.07,0.78,0.47,-0.46,90.1,144.0,29.411764705882355,0.0,0.0,5.87,0.96,0.08,2.36,0.35,0.0,-1.883333333,0.322,0.402,1.883333333,0.028,0.0279999999999999,-0.002,0.018,12.5,42.3,0.0500133375642933,11.671472209508648,30.679786333316727,0.3125,37.26974575024733,22.818961347627067
46,600869,"Candelario, Jeimer",83,55.4,0.111,0.111,0.2,0.222,0.14,0.162,0.167,2,18,91.8,18.4,2287,89.2,89.12,23,46,0,-0.1000000000000085,6.27,114,148,119,150,300,319,298,3.744,-3.744,68.8,8.0,4.774422194,18,10,0,2,0,0,8,44.4,0,0,2.27,0.64,0.27,-0.27,90.5,165.0,40.0,0.0,0.0,5.61,-0.27,-0.18,2.34,0.111,0.0,-8.139130435,0.167,0.213,8.139130435,-0.056,-0.056,0.009,-0.022,50.0,31.4,14.17020909795072,-8.304629925992954,33.46428009043426,0.4888888888888889,37.99313430205092,30.9643037558008
46,694876,"Ingle, Cooper",105,43.8,0.125,0.0,0.222,0.125,0.111,0.132,0.139,2,16,91.0,1.1,2246,89.2,89.78,10,46,0,0.5999999999999943,6.64,118,145,104,149,280,315,298,3.66,-3.66,65.4,6.9,4.707397185,16,9,2,0,0,0,7,43.8,0,0,2.45,0.47,0.06,-0.13,90.2,118.0,44.44444444444444,0.0,0.0,5.69,-1.4,0.13,2.02,0.125,0.0,-7.956521739,0.139,0.167,7.956521739,-0.014,-0.014,-0.042,-0.021,21.7,37.5,13.774207836405546,3.365834436785598,35.2324763035904,0.3555555555555555,34.729792918426924,27.865501922177074
46,807747,"Nishida, Rikuu",97,47.4,0.25,0.0,0.292,0.25,0.223,0.256,0.267,7,28,83.5,0.1,2288,90.3,90.9,7,46,0,0.6000000000000085,6.55,108,142,94,144,277,310,292,1.04,-1.04,54.3,5.5,1.423168612,29,25,7,0,0,0,4,13.8,0,0,2.13,0.69,0.37,-0.36,89.9,137.0,12.0,0.0,0.0,5.87,-1.44,0.15,2.23,0.25,0.0,-2.260869565,0.267,0.317,2.260869565,-0.017,-0.017,-0.067,-0.033,15.2,40.4,3.235774920706394,8.610377737987266,30.476527714125297,0.2727272727272727,34.409449049560976,25.275816242237312
46,669911,"Toglia, Michael",105,43.8,0.15,0.1,0.214,0.25,0.171,0.241,0.238,3,20,91.6,16.4,2249,90.8,90.94,16,46,0,0.1000000000000085,6.39,115,146,120,151,299,327,296,3.389,-3.389,72.1,7.5,4.473657799,20,14,1,2,0,0,6,30.0,0,0,2.39,0.41,0.55,-0.55,91.8,179.0,57.14285714285714,0.0,0.0,5.66,-1.26,-0.01,2.29,0.15,0.0,-7.367391304,0.238,0.327,7.367391304,-0.088,-0.088,-0.077,-0.07,34.8,33.6,9.793927703333129,0.3482819319715156,35.084258963259835,0.391304347826087,36.759585015757295,27.22460498979002
45,502054,"Pham, Tommy",99,45.5,0.15,0.15,0.167,0.3,0.191,0.282,0.247,3,20,96.0,11.2,2382,89.2,88.96,17,45,0,-0.2000000000000028,6.17,111,153,123,148,302,319,286,2.626,-2.626,70.4,7.1,1.992990564,20,13,2,0,0,1,7,35.0,0,0,2.39,0.53,0.19,-0.13,92.4,131.0,53.84615384615385,7.6923076923076925,5.0,5.77,1.02,0.05,2.18,0.15,1.0,-5.835555556,0.247,0.413,5.835555556,-0.097,-0.097,-0.113,-0.091,37.8,39.3,12.166443294820615,2.269129527182112,30.681422642548476,0.6888888888888889,37.993948022331615,30.84173070134702
45,687605,"Pinckney, Andrew",109,41.3,0.318,0.227,0.375,0.545,0.337,0.299,0.272,7,22,94.8,15.1,2232,90.0,90.66,14,45,0,0.7000000000000028,6.61,108,150,112,145,309,322,290,-0.457,0.457,73.2,7.6,3.271660665,24,17,5,0,1,1,7,29.2,0,0,2.2,0.64,0.46,-0.08,93.7,180.0,58.82352941176471,11.76470588235294,8.333333333333332,5.87,0.12,-0.04,2.41,0.292,2.0,1.015555556,0.274,0.425,-1.015555556,0.046,0.0179999999999999,0.12,0.038,31.1,35.7,9.80183305736397,5.218648398370581,31.51505596327411,0.5,36.776597571942,29.336089954210134
44,682641,"Matos, Luis",72,61.1,0.222,0.0,0.308,0.222,0.198,0.112,0.11,4,18,84.1,19.8,2303,89.3,89.61,14,44,0,0.2999999999999971,6.56,106,152,119,147,293,322,288,2.368,-2.368,67.6,7.0,1.61890067,18,13,4,0,0,0,5,27.8,0,0,1.99,0.97,0.37,-0.03,90.8,131.0,23.07692307692308,0.0,0.0,5.9,0.72,0.01,2.44,0.222,0.0,-5.381818182,0.11,0.151,5.381818182,0.112,0.112,0.071,0.086,31.8,37.2,8.162066897286108,-1.211662807748402,24.920071803826858,0.5681818181818182,34.40594545770712,30.696715192783625
44,675659,"Jones, Greg",81,54.3,0.087,0.0,0.154,0.087,0.077,0.164,0.174,2,23,77.3,1.3,2262,90.5,90.53,17,44,0,0.0,6.45,108,144,102,145,288,318,294,4.595,-4.595,63.4,6.1,3.456098582,24,14,2,0,0,0,10,41.7,0,0,2.0,0.82,0.5,-0.5,90.9,142.0,28.57142857142857,0.0,0.0,5.76,-0.56,-0.01,2.56,0.087,0.0,-10.443181818,0.174,0.205,10.443181818,-0.087,-0.087,-0.118,-0.087,38.6,37.4,2.292123646049845,14.07631640920228,33.04754746389853,0.3684210526315789,35.180354276760404,22.238955967768508
43,670156,"Mastrobuoni, Miles",107,40.2,0.238,0.0,0.294,0.238,0.202,0.179,0.179,5,21,86.6,9.5,2266,92.5,92.78,9,43,0,0.2999999999999971,6.31,120,147,107,151,290,322,304,3.268,-3.268,64.9,6.1,4.888843134,23,18,5,0,0,0,5,21.7,0,0,1.8,0.87,0.48,-0.36,90.2,157.0,22.22222222222222,0.0,0.0,6.03,-1.37,0.0,2.29,0.227,0.0,-7.6,0.175,0.249,7.6,0.059,0.052,-0.011,0.023,20.9,40.2,3.2578268869957,2.836750384396189,33.04849288902436,0.4186046511627907,36.982325630190495,30.230428441412982
43,805346,"Ross, Ben",83,51.8,0.167,0.111,0.375,0.278,0.19,0.155,0.143,3,18,68.8,23.5,2255,89.4,89.57,19,43,0,0.1999999999999886,6.44,103,152,119,147,304,323,294,2.248,-2.248,66.2,6.9,3.126013641,18,8,1,2,0,0,10,55.6,0,0,2.29,0.61,0.23,-0.04,89.7,117.0,25.0,12.5,5.555555555555555,5.94,-1.04,0.0,2.23,0.167,1.0,-5.227906977,0.143,0.218,5.227906977,0.024,0.024,0.06,0.035,44.2,44.0,9.510119103617848,-2.678292537819316,35.3845645460091,0.3571428571428571,35.595298743713485,29.22226796162603
43,693459,"Fedko, Kyler",78,55.1,0.0,0.0,0.0,0.0,0.0,0.117,0.11,0,14,87.9,13.6,2334,89.4,89.31,17,43,0,-0.1000000000000085,6.24,107,149,118,144,300,327,288,4.261,-4.261,68.9,6.7,3.179828854,15,9,0,0,0,0,6,40.0,0,0,2.38,0.73,0.4,-0.2,91.1,151.0,44.44444444444444,0.0,0.0,5.65,0.3,0.02,2.18,0.0,0.0,-9.909302326,0.111,0.156,9.909302326,-0.11,-0.111,-0.156,-0.117,39.5,36.5,10.274010297291715,-2.7939190933723923,30.90159633034434,0.5116279069767442,38.71993275168859,33.09741132444502
42,663967,"Salazar, César",95,44.2,0.056,0.0,0.067,0.056,0.049,0.244,0.237,1,18,86.2,9.1,2199,88.2,87.96,6,42,0,-0.2000000000000028,6.18,121,146,115,152,279,315,295,4.254,-4.254,65.8,6.8,3.587724665,18,15,1,0,0,0,3,16.7,0,0,2.54,0.42,0.32,-0.64,90.3,133.0,33.33333333333333,0.0,0.0,5.53,-0.72,-0.07,2.25,0.056,0.0,-10.128571429,0.237,0.328,10.128571429,-0.181,-0.181,-0.272,-0.195,14.3,32.1,14.3753206683667,-3.7171884221273994,31.924366733511143,0.5365853658536586,34.45476812766136,31.78593417947828
42,656413,"Fairchild, Stuart",110,38.2,0.188,0.0,0.6,0.188,0.167,0.122,0.105,3,16,83.2,5.0,2288,89.2,89.31,29,42,0,0.0999999999999943,6.35,105,151,110,147,297,324,289,3.39,-3.39,69.5,7.5,4.512531781,16,5,3,0,0,0,11,68.8,0,0,2.34,0.57,0.14,-0.11,90.4,156.0,40.0,0.0,0.0,5.85,1.23,0.05,2.35,0.188,0.0,-8.071428571,0.105,0.179,8.071428571,0.083,0.083,0.009,0.045,69.0,40.4,18.566461658370848,-10.11828128964812,35.909897745109966,0.5,33.8276725584959,37.55110890199629
42,703197,"Arroyo, Michael",78,53.8,0.389,0.278,0.4,0.667,0.428,0.339,0.303,7,18,89.8,21.6,2280,88.2,88.52,7,42,0,0.2999999999999971,6.41,103,149,115,146,306,328,295,-1.904,1.904,72.7,7.7,0.878725655,19,16,4,2,0,1,3,15.8,0,0,2.48,0.5,0.32,-0.19,91.1,181.0,37.5,6.25,5.263157894736842,5.71,0.98,0.09,2.16,0.368,1.0,4.533333333,0.304,0.482,-4.533333333,0.086,0.064,0.185,0.089,16.7,38.6,10.039040243395752,-2.3465422042786632,38.59104514419933,0.6341463414634146,33.29362373812535,31.976478401927277
41,690022,"Ritter, Ryan",76,53.9,0.176,0.0,0.273,0.176,0.157,0.205,0.206,3,17,85.4,1.7,2234,85.6,85.59,15,41,0,0.0,6.15,102,150,108,147,303,323,290,3.282,-3.282,68.4,6.5,2.172936047,18,12,3,0,0,0,6,33.3,0,0,2.81,0.82,0.2,0.11,91.1,168.0,33.33333333333333,0.0,0.0,5.92,0.25,-0.05,2.51,0.176,0.0,-8.004878049,0.206,0.27,8.004878049,-0.03,-0.03,-0.094,-0.048,36.6,38.2,11.02076298160719,4.738185839999569,36.219481206279006,0.4054054054054054,35.810695054768615,25.41235483811388
40,640492,"Azócar, José",69,58.0,0.375,0.125,0.462,0.5,0.38,0.292,0.299,6,16,83.0,3.2,2316,89.0,89.77,11,40,0,0.7999999999999972,6.69,107,152,114,148,312,323,287,0.394,-0.394,65.3,6.7,4.54466213,16,13,4,2,0,0,3,18.8,0,0,2.31,0.6,0.19,-0.1,90.0,154.0,23.07692307692308,0.0,0.0,5.66,1.28,-0.16,2.37,0.375,0.0,-0.985,0.299,0.366,0.985,0.076,0.076,0.134,0.088,27.5,35.8,4.25125114739583,-7.974496087583531,36.14762299551195,0.3513513513513513,35.11890105645082,29.64529188415988
37,677008,"Kjerstad, Heston",65,56.9,0.235,0.059,0.4,0.294,0.231,0.229,0.243,4,17,82.5,13.0,2315,87.2,87.09,16,37,0,-0.1000000000000085,6.33,121,148,115,153,294,326,303,1.914,-1.914,70.2,7.1,2.25350737,17,10,3,1,0,0,7,41.2,0,0,2.81,0.25,0.02,-0.02,90.4,178.0,20.0,0.0,0.0,5.45,-1.9,-0.01,2.45,0.235,0.0,-5.172972973,0.243,0.279,5.172972973,-0.008,-0.008,0.015,0.002,43.2,33.5,14.068921827507284,-1.365866839864601,37.15557512692286,0.3888888888888889,36.73516488800957,30.298087250399902
37,677347,"Paris, Kyren",83,44.6,0.0,0.0,0.0,0.0,0.0,0.156,0.139,0,10,85.2,14.1,2039,89.8,90.36,14,37,0,0.6000000000000085,6.52,106,151,119,146,291,322,291,3.622,-3.622,71.1,7.3,4.709898427,10,7,0,0,0,0,3,30.0,0,0,2.11,0.73,0.62,-0.49,90.6,160.0,57.14285714285714,0.0,0.0,5.94,0.71,0.07,2.35,0.0,0.0,-9.789189189,0.139,0.227,9.789189189,-0.139,-0.139,-0.227,-0.156,37.8,47.1,11.289902954689987,2.256084110174404,39.07882046979046,0.3333333333333333,36.18001273628195,23.10433497765042
36,671286,"Rodríguez, Johnathan",76,47.4,0.2,0.1,0.333,0.3,0.196,0.215,0.152,2,10,90.6,13.8,2145,88.5,88.82,10,36,0,0.2999999999999971,6.49,105,151,126,147,299,320,296,1.878,-1.878,74.9,8.2,5.533803503,11,6,1,1,0,0,5,45.5,0,0,2.42,0.53,0.49,-0.43,90.4,192.0,50.0,0.0,0.0,5.89,1.0,0.07,2.23,0.182,0.0,-5.216666667,0.192,0.259,5.216666667,0.048,-0.01,0.041,-0.019,27.8,44.1,8.539497555139501,-5.087982775199734,30.32612537162805,0.4166666666666667,39.2268458044704,35.70941593930488
36,814154,"Bandura, Scott",69,52.2,0.214,0.071,0.429,0.286,0.217,0.109,0.109,3,14,75.9,27.9,2353,89.8,90.74,15,36,0,0.9000000000000057,6.73,113,146,111,151,287,315,298,1.74,-1.74,65.9,6.3,2.484719905,14,7,2,1,0,0,7,50.0,0,0,2.35,0.5,0.1,-0.14,90.1,175.0,14.285714285714285,0.0,0.0,5.73,-0.14,-0.03,2.4,0.214,0.0,-4.833333333,0.109,0.142,4.833333333,0.105,0.105,0.144,0.108,41.7,43.6,4.141011210622991,0.2055593153590047,33.69402543658289,0.5,36.51328735166311,31.51440260089713
34,605244,"Garcia, Aramis",64,53.1,0.167,0.167,0.167,0.333,0.213,0.273,0.209,3,18,86.1,16.6,2174,88.3,88.11,12,34,0,-0.2000000000000028,6.16,108,149,123,143,303,327,293,1.994,-1.994,71.5,7.5,3.600579174,18,13,2,0,0,1,5,27.8,0,0,2.42,0.59,0.46,0.19,91.6,160.0,30.76923076923077,7.6923076923076925,5.555555555555555,5.66,-0.9,-0.03,2.3,0.167,1.0,-5.864705882,0.209,0.438,5.864705882,-0.042,-0.0419999999999999,-0.105,-0.06,35.3,36.9,14.644299861764123,-6.078844582395579,32.65838652386735,0.7352941176470589,35.302320783811425,32.93392513578862
34,663584,"Senger, Hayden",54,63.0,0.143,0.214,0.1,0.357,0.21,0.194,0.16,2,14,68.0,-5.0,2054,88.0,88.48,11,34,0,0.5,6.49,108,149,120,146,299,323,294,0.822,-0.822,68.9,7.4,2.74122596,16,13,1,0,0,1,3,18.8,0,0,2.57,0.72,0.39,0.33,90.2,124.0,23.07692307692308,0.0,0.0,6.04,-1.25,0.05,2.66,0.143,0.0,-2.417647059,0.16,0.301,2.417647059,-0.017,-0.017,0.056,0.016,32.4,41.1,8.41699344822104,6.899109170950457,27.99549850458551,0.6129032258064516,40.18630867080212,25.691005891432837
34,663624,"Mountcastle, Ryan",54,63.0,0.286,0.071,0.333,0.357,0.281,0.272,0.279,4,14,90.0,8.8,2204,87.3,87.57,3,34,0,0.2999999999999971,6.55,104,153,126,147,303,325,288,1.216,-1.216,74.0,7.4,3.64513962,14,12,3,1,0,0,2,14.3,0,0,2.61,0.43,-0.09,-0.19,92.2,161.0,41.66666666666667,0.0,0.0,5.82,-0.49,0.28,2.55,0.286,0.0,-3.576470588,0.279,0.348,3.576470588,0.007,0.0069999999999999,0.009,0.009,8.8,31.2,5.917755428174749,4.030747547512851,34.90708247909153,0.5294117647058824,42.090416309974586,24.67438504764123
34,608841,"Meneses, Joey",76,44.7,0.158,0.0,0.176,0.158,0.134,0.267,0.283,3,19,92.7,12.9,2223,89.8,89.93,8,34,0,0.1000000000000085,6.28,106,153,128,146,302,328,293,3.667,-3.667,68.4,7.1,2.978253307,20,17,3,0,0,0,3,15.0,0,0,2.22,0.64,0.49,-0.12,94.0,136.0,58.82352941176471,0.0,0.0,5.93,0.9,0.0,2.53,0.15,0.0,-10.785294118,0.275,0.331,10.785294118,-0.125,-0.125,-0.173,-0.133,23.5,40.3,9.329971473212847,-5.835567292874946,32.09619675883182,0.4375,36.46846006438612,30.353741585510267
34,664238,"Moore, Dylan",81,42.0,0.0,0.0,0.0,0.0,0.0,0.116,0.096,0,12,91.3,41.7,2221,90.5,90.38,10,34,0,-0.0999999999999943,6.19,107,153,124,147,297,322,294,3.573,-3.573,69.8,6.9,9.716691578,12,6,0,0,0,0,6,50.0,0,0,2.0,0.81,0.62,-0.35,89.9,198.0,33.33333333333333,0.0,0.0,5.91,1.47,-0.22,2.4,0.0,0.0,-10.508823529,0.096,0.178,10.508823529,-0.096,-0.096,-0.178,-0.116,29.4,37.8,8.428038405055531,-6.411908997951578,30.673177226127827,0.4411764705882353,36.47003614628605,27.90431388000196
33,691858,"Serna, Jared",64,51.6,0.214,0.143,0.3,0.357,0.228,0.204,0.179,3,14,89.4,6.1,2166,89.8,89.93,10,33,0,0.1000000000000085,6.48,107,150,111,149,304,314,286,1.642,-1.642,69.7,7.1,1.926826991,15,10,1,2,0,0,5,33.3,0,0,2.1,0.78,0.63,-0.23,91.7,127.0,60.0,10.0,6.666666666666667,5.65,0.55,0.1,2.55,0.2,1.0,-4.975757576,0.196,0.249,4.975757576,0.035,0.004,0.108,0.024,30.3,37.2,9.89794942768814,8.149995890362234,20.12356581547534,0.7878787878787878,37.014041090838106,27.155332012453
32,671155,"Johnson, Ivan",72,44.4,0.067,0.0,0.111,0.067,0.059,0.147,0.143,1,15,84.5,13.8,2399,88.5,88.79,16,32,0,0.2999999999999971,6.5,115,150,115,149,296,324,295,3.42,-3.42,72.2,7.1,5.540273964,15,9,1,0,0,0,6,40.0,0,0,2.76,0.23,0.16,-0.16,90.2,155.0,22.22222222222222,0.0,0.0,5.72,-0.55,0.07,2.19,0.067,0.0,-10.6875,0.143,0.196,10.6875,-0.076,-0.0759999999999999,-0.129,-0.088,50.0,37.7,12.147335331635928,-8.526488697827492,37.61817320680137,0.28125,35.83690570256058,36.22874782829117
32,641820,"Mancini, Trey",49,65.3,0.333,0.167,0.364,0.5,0.328,0.303,0.262,4,12,90.5,4.8,2383,89.1,89.41,6,32,0,0.3000000000000113,6.64,101,145,114,138,303,328,289,0.314,-0.314,73.7,7.7,2.146288274,13,11,3,0,1,0,2,15.4,0,0,2.26,0.67,0.18,-0.13,91.0,110.0,45.45454545454545,18.181818181818183,15.384615384615383,5.46,-1.21,0.19,2.47,0.308,2.0,-0.98125,0.273,0.349,0.98125,0.071,0.0349999999999999,0.151,0.025,18.8,30.6,11.619877160417712,-1.212063687300028,32.76351358848887,0.625,38.48600232601936,28.742502187534345
32,571657,"Farmer, Kyle",54,59.3,0.25,0.063,0.308,0.313,0.231,0.227,0.25,4,16,79.9,4.6,1975,84.2,84.05,9,32,0,-0.2000000000000028,6.13,108,153,122,148,312,324,289,1.321,-1.321,65.6,6.9,1.933328821,17,13,3,1,0,0,4,23.5,0,0,3.45,0.69,0.55,-0.27,90.3,118.0,23.07692307692308,0.0,0.0,5.8,0.51,0.03,2.26,0.235,0.0,-4.128125,0.239,0.288,4.128125,0.0,-0.004,0.025,0.004,28.1,40.5,12.508111765306989,-4.350852241587245,31.9680710932467,0.28125,34.920950324085474,34.76792678893683
31,665828,"Cabrera, Oswaldo",55,56.4,0.0,0.0,0.0,0.0,0.0,0.145,0.154,0,10,76.7,-15.6,2304,91.6,92.64,7,31,0,1.0,6.8,105,143,113,146,288,316,290,3.182,-3.182,65.3,7.1,1.980566376,12,8,0,0,0,0,4,33.3,0,0,2.07,0.67,0.29,-0.29,89.4,114.0,37.5,0.0,0.0,5.89,-0.67,-0.1,2.24,0.0,0.0,-10.264516129,0.154,0.181,10.264516129,-0.154,-0.154,-0.181,-0.145,22.6,43.6,5.146424919029125,-3.099206721950983,32.85501753437119,0.4,37.2986910630676,28.702373632269055
30,683090,"Lugo, Matthew",56,53.6,0.154,0.0,0.25,0.154,0.137,0.091,0.095,2,13,83.9,21.5,2300,86.9,87.43,14,30,0,0.5,6.52,111,151,119,146,290,319,289,2.543,-2.543,72.5,7.6,5.005847591,13,8,2,0,0,0,5,38.5,0,0,2.83,0.61,-0.04,-0.1,89.7,131.0,12.5,0.0,0.0,5.74,0.83,0.14,2.23,0.154,0.0,-8.476666667,0.095,0.113,8.476666667,0.059,0.059,0.041,0.046,46.7,37.1,11.08048643902024,-2.347748111746646,32.43451212950345,0.5333333333333333,39.84569646707792,29.169906159617305
29,672569,"Campero, Gustavo",50,58.0,0.364,0.091,0.5,0.455,0.328,0.18,0.197,4,11,88.2,37.3,2048,89.4,89.73,10,29,0,0.2999999999999971,6.63,110,149,109,150,301,318,294,0.572,-0.572,67.7,7.0,4.368037389,12,8,3,1,0,0,4,33.3,0,0,2.39,0.52,0.58,-0.58,91.4,161.0,25.0,0.0,0.0,5.77,-0.46,0.02,1.91,0.333,0.0,-1.972413793,0.184,0.242,1.972413793,0.167,0.149,0.213,0.148,34.5,38.2,12.1692047344711,0.2684154540729668,31.799133834375425,0.4482758620689655,34.42652392935476,30.28911586074746
28,623205,"Velazquez, Andrew",45,62.2,0.071,0.0,0.077,0.071,0.064,0.172,0.179,1,14,72.5,7.5,2148,88.0,88.33,4,28,0,0.2999999999999971,6.23,100,143,92,148,293,327,295,2.815,-2.815,55.9,6.3,2.025362895,14,13,1,0,0,0,1,7.1,0,0,2.66,0.29,0.36,-0.36,89.8,107.0,23.07692307692308,0.0,0.0,5.71,-1.07,0.01,2.14,0.071,0.0,-10.053571429,0.179,0.214,10.053571429,-0.108,-0.108,-0.143,-0.108,14.3,38.2,3.296185208349777,-6.135270577349571,38.82616020258625,0.4285714285714285,36.25368125479374,25.174959262942547
28,677943,"Banfield, Will",42,66.7,0.214,0.071,0.273,0.286,0.217,0.212,0.213,3,14,84.7,30.3,2244,90.3,91.0,7,28,0,0.7000000000000028,6.61,118,153,124,149,297,318,289,1.64,-1.64,73.4,6.9,4.84192108,14,11,2,1,0,0,3,21.4,0,0,2.2,0.62,0.37,0.3,91.8,160.0,18.181818181818183,0.0,0.0,5.66,-0.23,-0.16,2.48,0.214,0.0,-5.857142857,0.213,0.271,5.857142857,0.001,0.001,0.015,0.005,25.0,39.3,3.7857829478711538,-9.916046454748054,25.681244012626017,0.3928571428571428,34.92175127434248,31.15945795867053
26,805672,"Price, Collin",53,49.1,0.182,0.091,0.333,0.273,0.196,0.293,0.282,2,11,93.1,17.5,2419,88.2,88.41,16,26,0,0.2000000000000028,6.48,111,151,122,148,296,324,292,1.853,-1.853,73.1,7.8,6.256425061,11,6,1,1,0,0,5,45.5,0,0,2.5,0.47,0.1,-0.15,92.4,160.0,50.0,0.0,0.0,5.46,-1.47,0.27,2.1,0.182,0.0,-7.126923077,0.282,0.394,7.126923077,-0.1,-0.0999999999999999,-0.121,-0.097,61.5,32.1,14.543528744220728,-13.739862362976837,33.14351110013751,0.2307692307692307,39.00163699764441,34.424541482082354
25,700652,"Piper, Kenny",49,51.0,0.222,0.333,0.2,0.556,0.326,0.19,0.125,2,9,89.8,35.8,2296,89.5,89.56,8,25,0,0.0999999999999943,6.31,110,152,117,145,305,331,299,0.477,-0.477,72.5,7.8,1.938471204,9,6,1,0,0,1,3,33.3,0,0,2.27,0.62,0.46,-0.2,90.9,178.0,33.33333333333333,16.666666666666664,11.11111111111111,5.85,-0.08,0.2,2.31,0.222,1.0,-1.908,0.125,0.332,1.908,0.097,0.097,0.224,0.136,32.0,32.2,18.03330349194132,-3.601150029657033,33.919021448073714,0.64,35.814913933020385,29.5024080093338
24,681230,"Murray Jr., BJ",46,52.2,0.091,0.0,0.143,0.091,0.081,0.086,0.069,1,11,86.5,27.6,2265,92.7,93.1,4,24,0,0.3999999999999915,6.5,118,151,132,151,301,318,300,2.414,-2.414,69.9,6.9,0.280116396,11,7,1,0,0,0,4,36.4,0,0,1.93,0.74,0.41,-0.41,89.7,163.0,42.85714285714285,0.0,0.0,5.64,0.89,0.22,2.45,0.091,0.0,-10.058333333,0.069,0.136,10.058333333,0.022,0.0219999999999999,-0.045,-0.005,16.7,35.9,11.477170232924776,0.5678734107133505,38.79434459418626,0.5416666666666666,35.073273225462174,29.6055515602872
24,669208,"Bliss, Ryan",45,53.3,0.125,0.0,0.167,0.125,0.099,0.222,0.203,1,8,92.2,16.2,2357,91.5,91.9,9,24,0,0.4000000000000057,6.63,103,149,107,143,308,322,282,2.026,-2.026,62.2,6.1,1.377553005,9,6,1,0,0,0,3,33.3,0,0,1.79,0.96,0.18,-0.11,91.0,183.0,66.66666666666666,0.0,0.0,5.94,-0.01,0.24,2.35,0.111,0.0,-8.441666667,0.213,0.295,8.441666667,-0.078,-0.102,-0.17,-0.123,37.5,34.7,2.3331124926024103,15.635604550174488,32.47557623563326,0.4782608695652174,37.23392307906429,21.33568837483266
23,669288,"Johnson, Daniel",53,43.4,0.154,0.0,0.182,0.154,0.137,0.283,0.302,2,13,86.8,15.3,2326,91.0,91.1,5,23,0,0.0999999999999943,6.47,117,148,109,151,287,323,293,2.451,-2.451,68.9,7.1,0.804367669,13,11,2,0,0,0,2,15.4,0,0,1.85,0.94,0.31,-0.21,92.2,147.0,45.45454545454545,0.0,0.0,6.06,-1.25,-0.03,2.27,0.154,0.0,-10.656521739,0.302,0.345,10.656521739,-0.148,-0.148,-0.191,-0.146,21.7,45.9,9.906347007330416,-8.780968121223367,29.497571124847344,0.5652173913043478,38.00554638938421,30.214119933466986
23,694224,"Gonzalez, Gabriel",43,53.5,0.25,0.0,0.333,0.25,0.223,0.126,0.137,2,8,82.8,-1.7,2179,88.5,89.26,4,23,0,0.7999999999999972,6.68,115,152,125,148,295,322,286,0.479,-0.479,67.1,6.8,5.186286852,8,6,2,0,0,0,2,25.0,0,0,2.79,0.8,0.1,-0.2,90.2,132.0,16.666666666666664,0.0,0.0,5.83,1.09,-0.01,2.2,0.25,0.0,-2.082608696,0.137,0.149,2.082608696,0.113,0.1129999999999999,0.101,0.097,17.4,42.2,1.3645043730978117,8.980072988696376,32.22655374538858,0.1739130434782608,35.95087442241492,21.719444688787448
23,642133,"Tellez, Rowdy",52,44.2,0.2,0.3,0.167,0.5,0.294,0.487,0.339,2,10,91.8,26.7,2228,92.4,92.68,7,23,0,0.2999999999999971,6.45,110,139,122,146,301,325,302,0.853,-0.853,75.6,8.0,5.626383466,10,7,1,0,0,1,3,30.0,0,0,2.09,0.59,0.6,-0.48,91.6,219.0,42.85714285714285,28.57142857142857,20.0,5.64,-1.2,-0.29,2.3,0.2,2.0,-3.708695652,0.339,0.828,3.708695652,-0.139,-0.139,-0.328,-0.193,30.4,35.4,10.369925109970644,-9.857843761787406,30.74540851599244,0.6086956521739131,37.046842036968,35.86186156031501
22,660644,"Bruján, Vidal",39,56.4,0.091,0.0,0.1,0.091,0.081,0.169,0.164,1,11,71.7,17.4,2147,87.2,87.15,5,22,0,0.0,6.1,108,147,111,146,296,331,298,2.886,-2.886,62.3,6.4,1.87778406,12,11,1,0,0,0,1,8.3,0,0,2.42,0.72,0.56,-0.56,89.6,126.0,9.090909090909092,0.0,0.0,5.59,-0.57,-0.07,2.44,0.091,0.0,-13.118181818,0.164,0.231,13.118181818,-0.073,-0.073,-0.14,-0.088,22.7,35.1,4.854221033872833,-13.325425706838152,29.11216650010692,0.5454545454545454,38.79152606727581,30.045594814695985
22,678760,"Leonard, Eddys",38,57.9,0.25,0.125,0.333,0.375,0.269,0.299,0.3,2,8,77.2,17.2,2146,91.3,91.71,8,22,0,0.4000000000000057,6.53,111,153,121,146,301,324,294,1.07,-1.07,74.2,7.3,4.177764966,8,6,1,1,0,0,2,25.0,0,0,1.89,0.86,0.54,-0.36,91.1,187.0,16.666666666666664,16.666666666666664,12.5,5.91,0.38,0.09,2.43,0.25,1.0,-4.863636364,0.3,0.386,4.863636364,-0.05,-0.0499999999999999,-0.011,-0.03,36.4,46.4,9.807224655967635,-13.57172298226355,27.370123290240084,0.5,35.562950138860295,35.24593714837477
21,681909,"Dean, Justin",37,56.8,0.375,0.25,0.75,0.625,0.422,0.257,0.266,3,8,85.7,-1.0,2206,81.5,81.45,7,21,0,0.0,6.09,109,151,116,148,305,322,289,-0.147,0.147,66.0,6.7,7.389432957,8,4,2,0,1,0,4,50.0,0,0,3.64,0.68,-0.03,0.01,90.0,173.0,50.0,0.0,0.0,4.99,-1.01,0.19,2.54,0.375,0.0,0.7,0.266,0.324,-0.7,0.109,0.1089999999999999,0.301,0.165,33.3,21.9,18.235024236390124,-2.160919651225648,32.64560109661034,0.4285714285714285,38.52382383876419,35.346846046877246
20,686554,"Dunn, Oliver",42,47.6,0.111,0.0,0.125,0.111,0.099,0.198,0.213,1,9,76.9,-6.0,2351,90.9,90.59,6,20,0,-0.3000000000000113,6.24,124,148,111,151,283,323,308,2.533,-2.533,72.8,7.2,2.405622904,9,8,1,0,0,0,1,11.1,0,0,2.05,0.74,0.5,0.25,90.5,79.0,25.0,0.0,0.0,5.94,0.52,-0.2,2.54,0.111,0.0,-12.665,0.213,0.234,12.665,-0.102,-0.102,-0.123,-0.099,30.0,41.9,10.737534603464814,5.146965807312447,27.220058293378724,0.7777777777777778,35.7118690407042,25.45353519720576
20,665506,"Pache, Cristian",42,47.6,0.167,0.0,0.25,0.167,0.148,0.183,0.201,1,6,81.8,34.0,2319,89.7,89.78,6,20,0,0.0999999999999943,6.43,107,153,125,149,308,322,292,1.238,-1.238,69.8,7.1,1.690324112,6,4,1,0,0,0,2,33.3,0,0,2.27,0.62,0.52,0.07,89.1,172.0,25.0,0.0,0.0,5.25,-0.02,0.18,2.75,0.167,0.0,-6.19,0.201,0.213,6.19,-0.034,-0.034,-0.046,-0.035,30.0,26.5,2.61019989275444,11.2914867489967,25.27698489844908,0.3,40.5832264483394,21.27810407908239
16,666931,"Oliva, Jared",27,59.3,0.143,0.0,0.167,0.143,0.127,0.308,0.322,1,7,93.7,13.5,2335,92.1,92.72,6,16,0,0.6000000000000085,6.67,101,147,110,143,297,315,279,0.624,-0.624,59.4,6.8,10.023048684,7,6,1,0,0,0,1,14.3,0,0,2.21,0.49,0.78,-0.49,93.2,110.0,66.66666666666666,0.0,0.0,6.11,0.41,0.07,2.07,0.143,0.0,-3.9,0.322,0.379,3.9,-0.179,-0.179,-0.236,-0.181,37.5,38.1,5.924519962110702,-5.584037554111945,39.238052929561945,0.375,41.2306382467486,27.910291632458808
15,690291,"Jung, Jace",33,45.5,0.167,0.0,0.2,0.167,0.148,0.29,0.287,1,6,85.5,23.4,2314,90.4,90.78,1,15,0,0.3999999999999915,6.66,117,144,124,152,292,329,296,1.113,-1.113,68.6,7.2,7.549086636,6,5,1,0,0,0,1,16.7,0,0,2.16,0.66,0.69,-0.69,91.8,210.0,20.0,0.0,0.0,5.5,-2.32,0.26,2.11,0.167,0.0,-7.42,0.287,0.387,7.42,-0.12,-0.1199999999999999,-0.22,-0.142,6.7,37.7,7.936359397263771,-3.070496585644173,36.17678853847613,0.5333333333333333,32.64176149957288,32.42010895555199
14,673995,"Wendzel, Davis",24,58.3,0.0,0.0,0.0,0.0,0.0,0.23,0.224,0,4,92.2,30.0,2318,92.3,92.32,3,14,0,0.0,6.09,114,154,123,147,310,318,286,1.506,-1.506,70.2,6.6,0.612410228,4,4,0,0,0,0,0,0.0,0,0,1.62,1.05,0.45,-0.45,90.9,140.0,50.0,0.0,0.0,5.62,1.04,0.24,2.69,0.0,0.0,-10.757142857,0.224,0.307,10.757142857,-0.224,-0.224,-0.307,-0.23,21.4,38.0,9.91026480452235,-2.287848393806836,26.68145487993309,0.7142857142857143,36.72386635207148,31.80530148282848
13,672642,"Berroa, Steward",23,56.5,0.25,0.0,0.333,0.25,0.223,0.37,0.395,1,4,90.7,23.3,2434,90.8,90.4,1,13,0,-0.3999999999999915,5.97,106,151,109,146,295,314,287,0.199,-0.199,63.4,6.2,0.653048112,4,3,1,0,0,0,1,25.0,0,0,2.26,0.52,0.07,-0.07,88.8,169.0,0.0,0.0,0.0,5.64,1.91,-0.16,2.06,0.25,0.0,-1.530769231,0.395,0.473,1.530769231,-0.145,-0.145,-0.223,-0.147,7.7,34.9,1.498936349207698,-7.314280089307791,37.7407434225019,0.3076923076923077,32.40317786604492,28.40785516719754
13,669717,"Wilson, Will",25,52.0,0.2,0.6,0.0,0.8,0.41,0.402,0.212,1,5,87.8,1.0,2199,90.7,90.99,5,13,0,0.2999999999999971,6.39,113,153,120,145,297,318,285,-0.257,0.257,62.9,7.0,6.522922896,5,4,0,0,0,1,1,20.0,0,0,2.06,0.73,0.19,-0.12,90.8,135.0,25.0,25.0,20.0,6.25,-0.61,0.23,2.32,0.2,1.0,1.976923077,0.212,0.762,-1.976923077,-0.012,-0.0119999999999999,0.038,0.008,38.5,53.0,11.615131321982329,-0.2228755108018616,26.97440361362487,0.6153846153846154,40.808684203757664,27.462385254655366
11,669256,"Solak, Nick",23,47.8,0.143,0.0,0.125,0.143,0.111,0.288,0.26,1,7,90.2,-2.6,2269,89.1,89.46,0,11,0,0.4000000000000057,6.54,99,150,110,145,311,323,290,1.324,-1.324,70.1,7.3,,8,8,1,0,0,0,0,0.0,0,0,2.19,0.71,0.38,-0.35,92.0,169.0,50.0,12.5,12.5,5.89,1.06,0.24,2.21,0.125,1.0,-12.036363636,0.231,0.502,12.036363636,-0.117,-0.106,-0.359,-0.177,0.0,36.2,9.283135526934478,5.5183920224444165,25.889533389558764,0.4545454545454545,38.49600512278263,28.011419303862777
11,667452,"Julks, Corey",25,44.0,0.333,0.167,0.333,0.5,0.359,0.219,0.201,2,6,87.9,25.5,2076,88.7,88.43,1,11,0,-0.2999999999999971,6.08,111,154,127,148,300,323,288,0.147,-0.147,72.4,7.2,4.3210461,6,6,1,1,0,0,0,0.0,0,0,2.53,0.39,0.56,-0.56,89.9,155.0,33.33333333333333,0.0,0.0,5.62,2.41,-0.06,2.0,0.333,0.0,-1.336363636,0.201,0.315,1.336363636,0.132,0.132,0.185,0.14,9.1,37.1,12.175821242557168,-12.115034282419732,32.77162211479821,0.9090909090909092,35.021041538492454,39.66608869124087
10,676566,"Ross, Shawn",21,47.6,0.2,0.6,0.0,0.8,0.41,0.428,0.226,1,5,85.5,12.7,2669,87.2,88.01,5,10,0,0.7999999999999972,6.5,116,154,123,151,310,321,288,-0.429,0.429,71.9,7.8,3.611530543,5,3,0,0,0,1,2,40.0,0,0,2.62,0.38,-0.4,-0.4,93.6,223.0,33.33333333333333,33.33333333333333,20.0,5.86,-1.54,0.46,2.1,0.2,1.0,4.29,0.226,0.84,-4.29,-0.026,-0.0259999999999999,-0.04,-0.018,50.0,48.2,18.007168717875906,-10.633423288220536,36.96531831376356,0.5,38.91045050245613,38.79882307657855
10,669360,"Cruz, Trei",21,47.6,0.0,0.0,0.0,0.0,0.0,0.161,0.16,0,3,96.7,19.0,2429,90.0,90.29,4,10,0,0.2999999999999971,6.38,107,146,105,149,292,327,303,1.043,-1.043,65.2,6.2,2.116855149,3,2,0,0,0,0,1,33.3,0,0,2.1,0.74,-0.2,0.2,91.5,185.0,50.0,0.0,0.0,5.65,-0.93,0.12,2.61,0.0,0.0,-10.43,0.16,0.212,10.43,-0.16,-0.16,-0.212,-0.161,40.0,36.0,-1.3046510021259952,-13.727180958277351,34.60835598537342,0.3,36.82130486317802,26.280205018982112
10,701649,"Triantos, James",22,45.5,0.125,0.0,0.167,0.125,0.111,0.092,0.098,1,8,77.6,10.8,1932,86.8,91.78,3,10,0,5.0,6.48,111,151,123,150,301,316,292,1.269,-1.269,69.2,6.9,1.979476674,8,6,1,0,0,0,2,25.0,0,0,2.71,0.71,0.58,0.34,90.1,91.0,16.666666666666664,0.0,0.0,5.62,0.03,-0.05,2.34,0.125,0.0,-12.69,0.098,0.116,12.69,0.027,0.0269999999999999,0.009,0.019,30.0,37.6,6.083675840635959,8.072197977571928,33.58277014128075,0.5,36.67388344689295,20.381462452907886
9,682515,"Porter, Logan",28,32.1,0.333,0.333,0.5,0.667,0.42,0.362,0.358,1,3,93.9,9.0,2107,88.0,87.98,2,9,0,0.0,6.37,110,152,117,148,308,328,293,-0.092,0.092,67.3,6.7,1.065695766,3,2,0,1,0,0,1,33.3,0,0,2.15,0.83,0.74,-0.46,91.6,154.0,50.0,0.0,0.0,5.61,1.12,0.04,2.38,0.333,0.0,1.022222222,0.358,0.484,-1.022222222,-0.025,-0.0249999999999999,0.183,0.058,22.2,39.2,10.43530637786829,0.4983144187773147,33.4294401325139,0.4444444444444444,35.494876028476114,30.78919843199408
9,605353,"Machín, Vimael",24,37.5,0.75,0.0,0.75,0.75,0.668,0.625,0.666,3,4,90.2,9.8,2636,88.8,89.36,4,9,0,0.6000000000000085,6.36,121,145,109,154,286,324,300,-0.589,0.589,73.7,7.9,1.389006783,4,4,3,0,0,0,0,0.0,0,0,2.66,0.25,-0.35,-0.24,93.7,145.0,50.0,0.0,0.0,5.47,-1.01,0.21,1.87,0.75,0.0,6.544444444,0.666,0.766,-6.544444444,0.084,0.0839999999999999,-0.016,0.043,44.4,32.9,14.482038973367704,-15.19145020812863,29.323465320934144,0.7777777777777778,37.99823426117096,35.01897878042286
8,664068,"Kingery, Scott",15,53.3,0.25,0.0,0.25,0.25,0.223,0.156,0.166,1,4,77.1,31.0,2279,92.3,92.4,1,8,0,0.1000000000000085,6.49,92,143,120,141,293,318,286,0.594,-0.594,70.1,7.4,0.154383456,4,4,1,0,0,0,0,0.0,0,0,1.99,0.72,0.17,0.0,90.0,137.0,0.0,0.0,0.0,6.19,0.62,-0.58,2.09,0.25,0.0,-7.425,0.166,0.19,7.425,0.084,0.0839999999999999,0.06,0.067,12.5,54.3,19.29228383081832,-12.911108161666006,39.06809122869324,0.625,31.21846519228877,37.51306774213961
8,663609,"Baker, Luken",24,33.3,0.25,0.0,0.5,0.25,0.223,0.153,0.165,1,4,92.2,28.5,2413,89.3,88.54,4,8,0,-0.7999999999999972,6.01,109,154,125,146,300,320,283,0.611,-0.611,71.4,8.4,9.181081857,4,2,1,0,0,0,2,50.0,0,0,2.42,0.51,-0.02,0.08,92.7,164.0,50.0,0.0,0.0,5.69,0.15,0.1,2.25,0.25,0.0,-7.6375,0.165,0.187,7.6375,0.085,0.0849999999999999,0.063,0.07,50.0,26.8,15.735473809901547,-17.43058371078418,28.592561162570867,0.375,40.24268886624465,35.83177094951239
7,678225,"Bae, Jihwan",13,53.8,0.5,0.0,1.0,0.5,0.445,0.177,0.193,1,2,29.8,-54.5,2102,91.7,92.13,2,7,0,0.3999999999999915,6.56,105,140,93,148,281,318,295,0.447,-0.447,40.7,4.3,3.949692276,3,2,1,0,0,0,1,33.3,0,0,1.92,0.79,0.44,-0.07,88.0,96.0,0.0,0.0,0.0,5.57,-0.07,0.61,2.7,0.5,0.0,-6.385714286,0.193,0.195,6.385714286,0.307,0.307,0.305,0.268,28.6,41.7,-0.4360225888398856,3.077673221836781,23.84290056076092,0.2,33.73527536139055,35.61311078598611
7,675448,"Hunt, Blake",17,41.2,0.0,0.0,,0.0,0.0,0.0,,0,2,,,2011,87.7,88.9,4,7,0,1.2000000000000028,7.01,102,153,120,149,305,331,295,0.709,-0.709,68.7,7.9,1.826354379,2,0,0,0,0,0,2,100.0,0,0,2.4,0.59,0.92,0.34,88.0,92.0,,,,5.62,-0.23,0.32,2.04,0.0,,-10.128571429,,,10.128571429,,,,0.0,57.1,41.8,18.928576138944727,-7.544589727184748,38.12570781121243,0.4285714285714285,44.37519110383409,34.79622355175488
7,681146,"Bride, Jonah",22,31.8,0.2,0.0,0.333,0.2,0.178,0.135,0.109,1,5,95.7,-1.0,2355,89.9,90.1,2,7,0,0.1999999999999886,6.44,111,153,123,147,317,325,293,0.594,-0.594,59.2,6.6,7.557927876,5,3,1,0,0,0,2,40.0,0,0,2.32,0.55,0.0,-0.08,96.3,169.0,66.66666666666666,0.0,0.0,6.0,0.03,-0.06,2.0,0.2,0.0,-8.485714286,0.109,0.213,8.485714286,0.091,0.091,-0.013,0.043,28.6,49.5,-2.549380645325531,22.189606448321552,31.805383007363385,0.25,42.78851767541428,17.87555391644198
6,666185,"Carlson, Dylan",20,30.0,0.0,0.0,0.0,0.0,0.0,0.093,0.089,0,3,84.5,6.5,2324,91.2,91.53,2,6,0,0.2999999999999971,6.65,104,142,117,138,296,327,295,0.805,-0.805,63.3,6.7,1.311221076,3,2,0,0,0,0,1,33.3,0,0,1.81,0.98,0.04,-0.04,88.0,177.0,0.0,0.0,0.0,5.58,0.59,-0.15,2.29,0.0,0.0,-13.416666667,0.089,0.128,13.416666667,-0.089,-0.089,-0.128,-0.093,33.3,45.4,10.994068401933134,1.792514071016848,38.26826396878033,0.3333333333333333,33.19220534475643,26.76996109584847
5,683079,"Martinez, Omar",12,41.7,0.5,0.0,0.5,0.5,0.445,0.167,0.174,1,2,88.9,17.0,2248,92.5,92.64,1,5,0,0.0999999999999943,6.48,100,151,137,153,293,324,294,0.19,-0.19,73.3,7.5,,2,2,1,0,0,0,0,0.0,0,0,1.87,0.82,1.08,-1.08,94.0,111.0,50.0,0.0,0.0,5.82,-2.04,-0.29,2.67,0.5,0.0,-3.8,0.174,0.203,3.8,0.326,0.326,0.297,0.278,20.0,37.1,15.75425435335919,0.5820397066986631,29.57106718824546,0.4,39.391816072709055,28.748229733618697
4,665856,"Camargo, Jair",7,57.1,0.5,0.5,1.0,1.0,0.631,0.407,0.322,1,2,108.1,18.0,2325,86.5,87.3,2,4,0,0.7999999999999972,6.55,107,155,133,147,311,315,293,-0.373,0.373,77.8,7.9,0.690149528,2,1,0,1,0,0,1,50.0,0,0,2.93,0.11,-0.26,0.26,102.7,187.0,100.0,100.0,50.0,6.39,1.41,-0.01,1.88,0.5,1.0,9.325,0.322,0.648,-9.325,0.178,0.178,0.352,0.224,50.0,46.5,13.14552418052466,-15.5204381343362,33.35878130050435,1.0,35.392389409820225,37.684221127151055
3,687394,"Brannigan, Jack",3,100.0,0.0,0.0,,0.0,0.0,0.0,,0,1,,,2554,89.8,90.0,3,3,0,0.2000000000000028,6.07,117,152,125,150,310,317,289,0.285,-0.285,73.9,6.7,0.305570033,1,0,0,0,0,0,1,100.0,0,0,2.15,0.65,0.44,-0.44,,,,,,5.04,1.27,0.21,2.93,0.0,,-9.5,,,9.5,,,,0.0,100.0,32.0,6.8887336003096085,2.9586836626426263,30.430798239533484,1.0,36.251026248414746,28.811144334891807
3,657675,"Martin Jr., Rudy",10,30.0,0.0,0.0,0.0,0.0,0.0,0.046,0.049,0,2,85.5,-13.0,2453,89.8,89.83,2,3,0,0.0,6.33,105,144,96,147,278,313,298,0.478,-0.478,72.7,7.1,7.650041178,2,1,0,0,0,0,1,50.0,0,0,2.9,-0.05,0.16,0.43,88.0,8.0,0.0,0.0,0.0,6.12,1.39,-0.65,1.45,0.0,0.0,-15.933333333,0.049,0.053,15.933333333,-0.049,-0.049,-0.053,-0.046,66.7,42.7,7.370706971016023,2.6437398460309747,31.08967678569874,0.0,42.583512502271454,31.079686386760773
3,668974,"Handley, Maverick",4,75.0,0.0,0.0,,0.0,0.0,0.0,,0,1,,,2198,86.3,86.6,2,3,0,0.2999999999999971,6.33,109,150,114,146,310,327,293,0.293,-0.293,67.8,8.0,5.220183816,1,0,0,0,0,0,1,100.0,0,0,2.65,0.4,-0.35,-0.35,88.0,104.0,,,,5.74,-2.53,0.79,1.56,0.0,,-9.766666667,,,9.766666667,,,,0.0,66.7,32.9,22.562185558475544,-15.671455408983809,36.139730719930135,0.3333333333333333,43.81261119180412,42.13719356393194
2,571945,"Mikolas, Miles",3,66.7,,,,,,,,0,0,40.3,-34.0,2358,96.0,96.55,0,2,0,0.5999999999999943,6.65,69,100,67,95,286,315,268,-0.377,0.377,3.9,1.2,,1,1,0,0,0,0,0,0.0,0,0,1.16,1.33,0.27,0.27,88.0,4.0,0.0,0.0,0.0,5.99,-1.31,-0.77,2.55,,0.0,18.85,,,-18.85,,,,,0.0,46.8,51.80395251175696,35.726878283821584,39.88447858141962,0.0,28.27608752363499,32.71348834395339
2,682989,"Mederos, Victor",3,66.7,1.0,0.0,1.0,1.0,0.89,0.543,0.583,1,1,103.7,5.0,1128,41.0,38.9,0,2,0,-2.1000000000000014,3.75,114,153,123,149,317,320,298,-0.743,0.743,77.6,7.2,,1,1,1,0,0,0,0,0.0,0,0,12.33,1.48,0.05,0.05,95.9,101.0,100.0,0.0,0.0,7.31,-1.77,0.19,2.89,1.0,0.0,37.15,0.583,0.664,-37.15,0.417,0.417,0.336,0.347,0.0,63.3,22.210625955214564,-19.134719080120554,23.34901892862332,0.5,33.42195984980759,46.84013119357865
2,691620,"Quero, Jeferson",8,25.0,0.0,0.0,0.0,0.0,0.0,0.291,0.306,0,1,85.6,2.0,2366,86.7,85.75,1,2,0,-0.9000000000000057,5.95,87,147,122,138,307,328,282,0.349,-0.349,71.9,7.6,19.506088728,1,1,0,0,0,0,0,0.0,0,0,2.9,0.17,-0.71,0.71,88.0,58.0,0.0,0.0,0.0,5.75,2.08,-1.49,1.75,0.0,0.0,-17.45,0.306,0.355,17.45,-0.306,-0.306,-0.355,-0.291,50.0,38.0,22.958536950111288,-29.63008303581645,30.701761006106537,0.5,23.650016691966883,47.66314683740636
1,672279,"Siani, Michael",4,25.0,0.0,0.0,0.0,0.0,0.0,0.292,0.302,0,1,79.9,6.0,1161,40.5,39.0,0,1,0,-1.5,4.2,123,149,132,153,284,324,296,0.311,-0.311,73.5,7.0,,1,1,0,0,0,0,0,0.0,0,0,12.64,1.32,0.17,-0.17,88.0,81.0,0.0,0.0,0.0,6.86,-1.92,1.16,2.76,0.0,0.0,-31.1,0.302,0.353,31.1,-0.302,-0.302,-0.353,-0.292,0.0,40.4,14.403128801298132,1.0744539303226963,34.63078757031527,1.0,22.44611373386456,30.57507287642901
1,681190,"Vásquez, Randy",1,100.0,0.0,0.0,0.0,0.0,0.0,0.044,0.049,0,1,66.1,-22.0,1074,44.5,42.7,0,1,0,-1.7999999999999972,4.6,124,154,128,147,309,328,301,0.261,-0.261,66.2,7.2,,1,1,0,0,0,0,0,0.0,0,0,10.51,1.23,0.14,0.14,88.0,7.0,0.0,0.0,0.0,6.94,-0.88,0.09,2.57,0.0,0.0,-26.1,0.049,0.05,26.1,-0.049,-0.049,-0.05,-0.044,0.0,54.5,24.172047149498496,-2.3821905782430983,29.193528967296903,0.0,31.496451026058555,39.70012182967527
1,680577,"Keirsey Jr., DaShawn",1,100.0,1.0,0.0,1.0,1.0,0.89,0.917,0.983,1,1,87.8,15.0,910,37.6,35.4,0,1,0,-2.200000000000003,4.2,128,147,137,154,307,327,306,-0.42,0.42,74.4,6.8,,1,1,1,0,0,0,0,0.0,0,0,15.23,1.69,0.07,-0.07,88.0,186.0,0.0,0.0,0.0,6.36,-1.18,-1.04,2.63,1.0,0.0,42.0,0.983,1.111,-42.0,0.017,0.017,-0.111,-0.027,0.0,49.7,14.51122215553526,0.7890059680149621,24.86791216695005,1.0,44.57560502359718,38.59552243093468
